Name_lang,ID,SecondaryID,Flags,ChrModelID,OrderIndex,ChrCustomizationCategoryID,OptionType,BarberShopCostModifier,ChrCustomizationID,Requirement,SecondaryOrderIndex,AddedInPatch
Color de piel,1,1,16,0,0,2,0,0,0,0,0,90001
Cara,2,2,0,0,1,2,0,0,0,0,1,90001
Peinado,3,3,0,0,2,4,0,0,0,0,2,90001
Color de pelo,4,4,0,0,3,4,0,0,0,0,3,90001
Vello facial,5,5,0,0,4,4,0,0,0,0,4,90001
Tatuaje,6,6,8,0,5,5,0,0,0,0,5,90001
Cuernos,7,7,0,0,6,2,0,0,0,0,6,90001
Vendas,8,8,8,0,7,2,0,0,0,0,7,90001
Color de piel,9,9,80,1,2,2,0,0,1,0,1,90001
Cara,10,10,128,1,1,2,0,0,2,0,2,90001
Peinado,11,11,0,1,3,2,0,0,3,0,4,90001
Color de pelo,12,12,2,1,4,2,0,0,4,0,5,90001
Barba,13,13,0,1,6,2,0,0,5,0,7,90001
Color de piel,14,14,80,2,2,2,0,0,1,0,1,90001
Cara,15,15,128,2,1,2,0,0,2,0,2,90001
Peinado,16,16,0,2,3,2,0,0,3,0,3,90001
Color de pelo,17,17,2,2,4,2,0,0,4,0,4,90001
Color de piel,19,19,80,3,2,2,0,0,1,0,1,90001
Cara,20,20,128,3,1,2,0,0,2,0,2,90001
Peinado,21,21,0,3,3,2,0,0,3,0,3,90001
Color de pelo,22,22,2,3,4,2,0,0,4,0,4,90001
Barba,23,23,0,3,5,2,0,0,5,0,5,90001
Erguido,24,24,40,3,24,5,1,0,46,0,24,90001
Color de piel,25,25,80,4,2,2,0,0,1,0,1,90001
Cara,26,26,128,4,1,2,0,0,2,0,2,90001
Peinado,27,27,0,4,3,2,0,0,3,0,3,90001
Color de pelo,28,28,2,4,4,2,0,0,4,0,4,90001
Pendientes,29,29,8,4,10,3,0,0,11,0,10,90001
Color de piel,30,30,80,5,2,16,0,0,1,0,1,90001
Cara,31,31,128,5,1,16,0,0,2,0,2,90001
Peinado,32,32,0,5,3,16,0,0,3,0,3,90001
Color de pelo,33,33,2,5,4,16,0,0,4,0,4,90001
Barba,34,34,0,5,6,16,0,0,5,0,6,90001
Color de piel,35,35,80,6,2,2,0,0,1,0,1,90001
Cara,36,36,128,6,1,2,0,0,2,0,2,90001
Peinado,37,37,0,6,3,2,0,0,3,0,3,90001
Color de pelo,38,38,2,6,4,2,0,0,4,0,4,90001
Color de piel,40,40,80,7,2,2,0,0,1,0,1,90001
Cara,41,41,128,7,1,2,0,0,2,0,2,90001
Peinado,42,42,0,7,3,2,0,0,3,0,3,90001
Color de pelo,43,43,2,7,4,2,0,0,4,0,4,90001
Barba,44,44,0,7,7,2,0,0,5,0,7,90001
Color tatuaje,46,46,11,7,32,5,0,0,9,0,32,90001
Cuernos,47,47,8,7,19,23,0,0,7,0,9,90001
Venda,48,48,8,7,20,23,0,0,8,0,11,90001
Color de piel,49,49,80,8,2,2,0,0,1,0,1,90001
Cara,50,50,128,8,1,2,0,0,2,0,2,90001
Peinado,51,51,0,8,3,2,0,0,3,0,3,90001
Color de pelo,52,52,2,8,4,2,0,0,4,0,4,90001
Marcas,53,53,40,8,13,23,0,0,13,0,14,90001
Color tatuaje,55,55,11,8,24,5,0,0,9,0,24,90001
Cuernos,56,56,8,8,20,5,0,0,7,0,20,90001
Venda,57,57,8,8,10,23,0,0,8,0,10,90001
Color de piel,58,58,16,9,3,13,0,0,1,0,1,90001
Cara,59,59,0,9,1,13,0,0,2,0,3,90001
Peinado,60,60,0,9,4,13,0,0,3,0,4,90001
Color de pelo,61,61,2,9,5,13,0,0,4,0,5,90001
Mandíbula,62,62,40,9,6,13,0,0,14,0,6,90001
Color de piel,63,63,16,10,3,13,0,0,1,0,1,90001
Cara,64,64,0,10,1,13,0,0,2,0,3,90001
Peinado,65,65,0,10,4,13,0,0,3,0,4,90001
Color de pelo,66,66,2,10,5,13,0,0,4,0,5,90001
Mandíbula,67,67,40,10,7,13,0,0,14,0,7,90001
Color de piel,68,68,80,11,2,18,0,0,165,0,1,90001
Cuernos,71,70,0,11,3,18,0,0,16,0,3,90001
Color cuernos,72,71,2,11,4,18,0,0,17,0,4,90001
Vello facial,73,72,0,11,7,18,0,0,164,0,7,90001
Color de piel,74,73,80,12,2,18,0,0,165,0,1,90001
Cuernos,77,75,0,12,3,18,0,0,16,0,3,90001
Color cuernos,78,76,2,12,4,18,0,0,17,0,4,90001
Pelo,79,77,0,12,6,18,0,0,15,0,6,90001
Color de piel,80,78,80,13,2,2,0,0,1,0,1,90001
Cara,81,79,128,13,1,2,0,0,2,0,2,90001
Peinado,82,80,0,13,3,2,0,0,3,0,3,90001
Color de pelo,83,81,2,13,4,2,0,0,4,0,4,90001
Barba,84,82,0,13,6,2,0,0,5,0,6,90001
Color de piel,85,83,80,14,2,2,0,0,1,0,1,90001
Cara,86,84,128,14,1,2,0,0,2,0,2,90001
Peinado,87,85,0,14,3,2,0,0,3,0,3,90001
Color de pelo,88,86,2,14,4,2,0,0,4,0,4,90001
Pendientes,89,87,8,14,6,2,0,0,18,0,7,90001
Color de piel,90,88,80,15,2,2,0,0,1,0,1,90001
Cara,91,89,128,15,1,2,0,0,2,0,2,90001
Peinado,92,90,0,15,3,2,0,0,3,0,3,90001
Color de pelo,93,91,2,15,4,2,0,0,4,0,4,90001
Colmillos,94,92,0,15,5,2,0,0,19,0,5,90001
Color de piel,95,93,80,16,2,2,0,0,1,0,1,90001
Cara,96,94,128,16,1,2,0,0,2,0,2,90001
Peinado,97,95,0,16,3,2,0,0,3,0,3,90001
Color de pelo,98,96,2,16,4,2,0,0,4,0,4,90001
Colmillos,99,97,0,16,5,2,0,0,19,0,5,90001
Color de piel,100,98,80,17,2,2,0,0,1,0,1,90001
Cara,101,99,128,17,1,2,0,0,2,0,2,90001
Peinado,102,100,0,17,3,2,0,0,3,0,3,90001
Color de pelo,103,101,2,17,4,2,0,0,4,0,4,90001
Orejas,104,102,0,17,10,3,0,0,20,0,10,90001
Color de piel,105,103,80,18,2,2,0,0,1,0,1,90001
Cara,106,104,128,18,1,2,0,0,2,0,2,90001
Peinado,107,105,0,18,3,2,0,0,3,0,3,90001
Color de pelo,108,106,2,18,4,2,0,0,4,0,4,90001
Orejas,109,107,0,18,10,3,0,0,20,0,10,90001
Color de piel,110,108,80,19,2,2,0,0,1,0,1,90001
Cara,111,109,128,19,1,2,0,0,2,0,2,90001
Peinado,112,110,0,19,3,2,0,0,3,0,3,90001
Color de pelo,113,111,2,19,4,2,0,0,4,0,4,90001
Vello facial,114,112,0,19,5,2,0,0,5,0,5,90001
Color tatuaje,116,114,11,19,12,5,0,0,35,0,12,90001
Cuernos,117,115,8,19,8,2,0,0,7,0,8,90001
Venda,118,116,8,19,9,2,0,0,8,0,9,90001
Color de piel,119,117,80,20,2,2,0,0,1,0,1,90001
Cara,120,118,128,20,1,2,0,0,2,0,2,90001
Peinado,121,119,0,20,3,2,0,0,3,0,3,90001
Color de pelo,122,120,2,20,4,2,0,0,4,0,4,90001
Pendientes,123,121,72,20,12,3,0,0,21,0,12,90001
Color tatuaje,125,123,11,20,24,5,0,0,35,0,24,90001
Cuernos,126,124,8,20,5,2,0,0,7,0,5,90001
Venda,127,125,8,20,7,2,0,0,8,0,8,90001
Color de piel,128,126,80,21,2,2,0,0,1,0,1,90001
Cara,129,127,128,21,1,2,0,0,2,0,2,90001
Peinado,130,128,0,21,3,2,0,0,3,0,3,90001
Color de pelo,131,129,2,21,4,2,0,0,4,0,4,90001
Vello facial,132,130,0,21,5,2,0,0,5,0,5,90001
Color de piel,133,131,80,22,2,2,0,0,1,0,1,90001
Cara,134,132,128,22,1,2,0,0,2,0,2,90001
Peinado,135,133,0,22,3,2,0,0,3,0,3,90001
Color de pelo,136,134,2,22,4,2,0,0,4,0,4,90001
Cuernos,137,135,0,22,5,2,0,0,23,0,5,90001
Color de piel,138,136,18,23,1,2,0,0,1,0,1,90001
Cara,139,137,0,23,2,2,0,0,2,0,2,90001
Peinado,140,138,0,23,3,4,0,0,3,0,3,90001
Color de pelo,141,139,2,23,4,4,0,0,4,0,4,90001
Peinado,142,140,0,24,1,4,0,0,3,0,1,90001
Color de pelo,143,141,2,24,2,4,0,0,4,0,2,90001
Color de piel,144,142,18,25,1,2,0,0,1,0,1,90001
Peinado,145,143,0,25,2,4,0,0,3,0,2,90001
Color de pelo,146,144,2,25,3,4,0,0,4,0,3,90001
Color de piel,147,145,18,26,1,2,0,0,1,0,1,90001
Peinado,148,146,0,26,2,4,0,0,3,0,2,90001
Color de pelo,149,147,2,26,3,4,0,0,4,0,3,90001
Color de piel,150,148,18,27,1,2,0,0,1,0,1,90001
Cara,151,149,0,27,2,2,0,0,2,0,2,90001
Peinado,152,150,0,27,3,4,0,0,3,0,3,90001
Color de pelo,153,151,2,27,4,4,0,0,4,0,4,90001
Peinado,154,152,0,28,1,4,0,0,3,0,1,90001
Color de pelo,155,153,2,28,2,4,0,0,4,0,2,90001
Color de piel,156,154,18,29,1,2,0,0,1,0,1,90001
Cara,157,155,0,29,2,2,0,0,2,0,2,90001
Peinado,158,156,0,29,3,4,0,0,3,0,3,90001
Color de pelo,159,157,2,29,4,4,0,0,4,0,4,90001
Peinado,160,158,0,30,1,4,0,0,3,0,1,90001
Color de pelo,161,159,2,30,2,4,0,0,4,0,2,90001
Color de piel,162,160,18,31,1,2,0,0,1,0,1,90001
Cara,163,161,0,31,2,2,0,0,2,0,2,90001
Peinado,164,162,0,31,3,4,0,0,3,0,3,90001
Color de pelo,165,163,2,31,4,4,0,0,4,0,4,90001
Vello facial,166,164,0,31,5,4,0,0,5,0,5,90001
Peinado,167,165,0,32,1,4,0,0,3,0,1,90001
Color de pelo,168,166,2,32,2,4,0,0,4,0,2,90001
Color de piel,169,167,18,33,1,2,0,0,1,0,1,90001
Cara,170,168,0,33,2,2,0,0,2,0,2,90001
Peinado,171,169,0,33,3,4,0,0,3,0,3,90001
Color de pelo,172,170,2,33,4,4,0,0,4,0,4,90001
Vello facial,173,171,0,33,5,4,0,0,5,0,5,90001
Peinado,174,172,0,34,1,4,0,0,3,0,1,90001
Color de pelo,175,173,2,34,2,4,0,0,4,0,2,90001
Color de piel,176,174,18,35,1,2,0,0,1,0,1,90001
Cara,177,175,0,35,2,2,0,0,2,0,2,90001
Peinado,178,176,0,35,3,4,0,0,3,0,3,90001
Color de pelo,179,177,2,35,4,4,0,0,4,0,4,90001
Vello facial,180,178,0,35,5,4,0,0,5,0,5,90001
Peinado,181,179,0,36,1,4,0,0,3,0,1,90001
Color de pelo,182,180,2,36,2,4,0,0,4,0,2,90001
Color de piel,183,181,18,37,1,2,0,0,1,0,1,90001
Cara,184,182,0,37,2,2,0,0,2,0,2,90001
Peinado,185,183,0,37,3,4,0,0,3,0,3,90001
Color de pelo,186,184,2,37,4,4,0,0,4,0,4,90001
Vello facial,187,185,0,37,5,4,0,0,5,0,5,90001
Peinado,188,186,0,38,1,4,0,0,3,0,1,90001
Color de pelo,189,187,2,38,2,4,0,0,4,0,2,90001
Color de piel,190,188,18,39,1,2,0,0,1,0,1,90001
Peinado,191,189,0,39,2,4,0,0,3,0,2,90001
Color de pelo,192,190,2,39,3,4,0,0,4,0,3,90001
Vello facial,193,191,0,39,4,4,0,0,5,0,4,90001
Peinado,194,192,0,40,2,4,0,0,3,0,2,90001
Color de pelo,195,193,2,40,3,4,0,0,4,0,3,90001
Color de piel,196,194,16,41,1,2,0,0,1,0,1,90001
Cara,197,195,0,41,2,2,0,0,2,0,2,90001
Peinado,198,196,0,41,3,4,0,0,3,0,3,90001
Color de pelo,199,197,2,41,4,4,0,0,4,0,4,90001
Vello facial,200,198,0,41,5,4,0,0,5,0,5,90001
Peinado,201,199,0,42,1,4,0,0,3,0,1,90001
Color de pelo,202,200,2,42,2,4,0,0,4,0,2,90001
Color de pelaje,203,201,66,43,2,20,0,0,1,0,1,90001
Cara,204,202,128,43,1,20,0,0,2,0,2,90001
Peinado,205,203,0,43,3,20,0,0,3,0,3,90001
Vello facial,207,205,0,43,4,20,0,0,5,0,4,90001
Color de pelaje,208,206,66,44,2,20,0,0,1,0,1,90001
Cara,209,207,128,44,1,20,0,0,2,0,2,90001
Peinado,210,208,0,44,3,20,0,0,3,0,3,90001
Orejas,212,210,8,44,5,20,0,0,22,0,5,90001
Color de piel,213,211,18,45,2,2,0,0,1,0,2,90001
Cara,214,212,0,45,1,2,0,0,2,0,1,90001
Peinado,215,213,0,45,3,2,0,0,3,0,3,90001
Color de pelo,216,214,2,45,4,2,0,0,4,0,4,90001
Vello facial,217,215,0,45,5,2,0,0,5,0,5,90001
Color de piel,218,216,18,46,2,2,0,0,1,0,2,90001
Cara,219,217,0,46,1,2,0,0,2,0,1,90001
Peinado,220,218,0,46,3,2,0,0,3,0,3,90001
Color de pelo,221,219,2,46,4,2,0,0,4,0,4,90001
Peinado,230,227,8,48,3,14,0,0,3,0,3,90001
Color de pelo,231,228,2,48,4,14,0,0,4,0,4,90001
Pendientes,232,229,8,48,6,14,0,0,26,0,7,90001
Color de piel,233,230,16,53,2,2,0,0,1,0,1,90001
Cara,234,231,0,53,1,2,0,0,2,0,2,90001
Peinado,235,232,0,53,3,2,0,0,3,0,3,90001
Color de pelo,236,233,2,53,4,2,0,0,4,0,4,90001
Pendientes,237,234,8,53,5,3,0,0,44,0,22,90001
Color de piel,239,236,16,54,2,2,0,0,1,0,1,90001
Cara,240,237,0,54,1,2,0,0,2,0,2,90001
Peinado,241,238,0,54,3,2,0,0,3,0,3,90001
Color de pelo,242,239,2,54,4,2,0,0,4,0,4,90001
Pendientes,243,240,8,54,5,3,0,0,43,0,22,90001
Cuernos,247,244,0,55,3,3,0,0,39,0,19,90001
Marcas de cuernos,248,245,2,55,4,3,1,0,40,0,21,90001
Cuernos,254,250,0,56,5,3,0,0,39,0,20,90001
Marcas de cuernos,255,251,2,56,6,3,1,0,40,0,22,90001
Pelo,256,252,0,56,3,2,0,0,38,0,4,90001
Color de piel,259,254,80,57,2,2,0,0,1,0,1,90001
Cara,260,255,128,57,1,2,0,0,2,0,2,90001
Peinado,261,256,0,57,3,2,0,0,3,0,3,90001
Color de pelo,262,257,2,57,4,2,0,0,4,0,4,90001
Vello facial,263,258,0,57,5,2,0,0,5,0,5,90001
Color de piel,264,259,80,58,2,2,0,0,1,0,1,90001
Cara,265,260,128,58,1,2,0,0,2,0,2,90001
Peinado,266,261,0,58,3,2,0,0,3,0,3,90001
Color de pelo,267,262,2,58,4,2,0,0,4,0,4,90001
Pendientes,268,263,8,58,6,2,0,0,41,0,7,90001
Color de piel,269,264,16,59,2,2,0,0,1,0,1,90001
Cara,270,265,0,59,1,2,0,0,2,0,2,90001
Peinado,271,266,0,59,3,2,0,0,3,0,3,90001
Color de pelo,272,267,2,59,4,2,0,0,4,0,4,90001
Vello facial,273,268,0,59,5,2,0,0,5,0,5,90001
Runa,275,270,8,59,8,2,0,0,25,0,6,90001
Color de piel,276,271,16,60,2,2,0,0,1,0,1,90001
Cara,277,272,0,60,1,2,0,0,2,0,2,90001
Peinado,278,273,0,60,3,2,0,0,3,0,3,90001
Color de pelo,279,274,2,60,4,2,0,0,4,0,4,90001
Cuernos,280,275,0,60,5,2,0,0,24,0,5,90001
Runa,282,277,8,60,7,3,0,0,25,0,21,90001
Color de piel,283,278,16,61,2,2,0,0,1,0,1,90001
Cara,284,279,0,61,1,2,0,0,2,0,2,90001
Peinado,285,280,0,61,3,2,0,0,3,0,3,90001
Color de pelo,286,281,2,61,4,2,0,0,4,0,4,90001
Colmillos,288,283,0,61,6,2,0,0,29,0,10,90001
Piercings,289,284,8,61,7,3,0,0,30,0,20,90001
Color de piel,290,285,16,62,2,2,0,0,1,0,1,90001
Cara,291,286,0,62,1,2,0,0,2,0,2,90001
Peinado,292,287,0,62,3,2,0,0,3,0,3,90001
Color de pelo,293,288,2,62,4,2,0,0,4,0,4,90001
Dilatación,294,289,8,62,11,3,0,0,30,0,11,90001
Colmillos,296,291,0,62,5,2,0,0,29,0,8,90001
Pendientes,297,292,8,62,10,3,1,0,31,0,10,90001
Color de piel,298,293,16,63,2,2,0,0,1,0,1,90001
Cara,299,294,0,63,1,2,0,0,2,0,2,90001
Peinado,300,295,0,63,3,2,0,0,3,0,3,90001
Color de pelo,301,296,2,63,4,2,0,0,4,0,4,90001
Barba,302,297,8,63,6,2,0,0,5,0,6,90001
Color de piel,303,298,16,64,2,2,0,0,1,0,1,90001
Cara,304,299,0,64,1,2,0,0,2,0,2,90001
Peinado,305,300,0,64,3,2,0,0,3,0,3,90001
Color de pelo,306,301,2,64,4,2,0,0,4,0,4,90001
Pendientes,308,303,8,64,6,23,0,0,155,0,7,90001
Collar,309,304,8,64,7,23,0,0,156,0,8,90001
Color de piel,310,305,18,65,1,2,0,0,1,0,1,90001
Cara,311,306,0,65,2,2,0,0,2,0,2,90001
Peinado,312,307,0,65,3,4,0,0,3,0,3,90001
Color de pelo,313,308,2,65,4,4,0,0,4,0,4,90001
Vello facial,314,309,0,65,5,4,0,0,5,0,5,90001
Color de piel,315,310,18,66,1,2,0,0,1,0,1,90001
Color de pelo,316,311,2,66,2,4,0,0,4,0,2,90001
Vello facial,317,312,0,66,3,4,0,0,5,0,3,90001
Color de piel,318,313,16,67,2,16,0,0,1,0,1,90001
Cara,319,314,0,67,1,16,0,0,2,0,2,90001
Peinado,320,315,0,67,3,16,0,0,3,0,3,90001
Color de pelo,321,316,2,67,4,16,0,0,4,0,4,90001
Vello facial,322,317,0,67,5,16,0,0,5,0,5,90001
Tatuaje,324,319,8,67,6,16,0,0,47,0,6,90001
Color de piel,325,320,16,68,2,2,0,0,1,0,1,90001
Cara,326,321,0,68,1,2,0,0,2,0,2,90001
Peinado,327,322,0,68,3,2,0,0,3,0,3,90001
Color de pelo,328,323,2,68,4,2,0,0,4,0,4,90001
Color de pelaje,331,326,16,69,2,2,0,0,162,0,1,90001
Orejas,336,329,8,69,4,2,0,0,161,0,4,90001
Hocico,338,331,8,69,6,2,0,0,160,0,6,90001
Color de pelaje,339,332,16,70,2,2,0,0,162,0,1,90001
Orejas,344,335,8,70,4,2,0,0,161,0,4,90001
Hocico,346,337,8,70,6,2,0,0,160,0,6,90001
Color de piel,347,338,16,71,2,15,0,0,50,0,1,90001
Peinado,350,340,0,71,3,15,0,0,3,0,3,90001
Color de pelo,351,341,2,71,4,15,0,0,4,0,4,90001
Barba,352,342,0,71,5,15,0,0,5,0,5,90001
Encorvado,353,343,40,71,30,1,1,0,49,0,30,90001
Color de piel,354,344,16,72,2,15,0,0,50,0,1,90001
Peinado,357,346,0,72,3,15,0,0,3,0,3,90001
Color de pelo,358,347,2,72,4,15,0,0,4,0,4,90001
Color de piel,360,349,80,73,2,2,0,0,1,0,1,90001
Cara,361,350,128,73,1,2,0,0,2,0,2,90001
Peinado,362,351,0,73,3,2,0,0,3,0,3,90001
Color de pelo,363,352,2,73,4,2,0,0,4,0,4,90001
Vello facial,364,353,0,73,5,2,0,0,5,0,5,90001
Mejora de brazo,366,355,0,73,10,1,0,0,157,0,10,90001
Mejora de pierna,367,356,0,73,11,1,1,0,158,0,11,90001
Color de piel,368,357,80,74,2,2,0,0,1,0,1,90001
Cara,369,358,128,74,1,2,0,0,2,0,2,90001
Peinado,370,359,0,74,3,2,0,0,3,0,3,90001
Color de pelo,371,360,2,74,4,2,0,0,4,0,4,90001
Mejora de brazo,374,362,0,74,10,1,0,0,157,0,10,90001
Mejora de pierna,375,363,0,74,11,1,1,0,158,0,11,90001
Tatuaje,376,45,41,7,31,5,0,0,6,0,31,90001
Tatuaje,377,54,41,8,23,5,0,0,6,0,23,90001
Cara,378,69,128,11,1,18,0,0,177,0,2,90001
Cara,379,74,128,12,1,18,0,0,177,0,2,90001
Tatuaje,380,113,9,19,11,5,0,0,34,0,11,90001
Tatuaje,381,122,9,20,23,5,0,0,34,0,23,90001
Pendientes,382,220,8,46,5,3,0,0,180,0,5,90001
Color de piel,383,221,16,47,2,14,0,0,171,0,1,90001
Cara,384,222,0,47,1,14,0,0,179,0,2,90001
Peinado,385,223,0,47,3,14,0,0,173,0,3,90001
Barba,386,224,0,47,5,14,0,0,172,0,5,90001
Color de piel,387,225,16,48,2,14,0,0,171,0,1,90001
Cara,388,226,0,48,1,14,0,0,179,0,2,90001
Tatuaje corporal,389,235,9,53,6,1,0,0,42,0,30,90001
Tatuaje corporal,390,241,9,54,6,1,0,0,42,0,30,90001
Color de piel,391,242,16,55,2,2,0,0,169,0,1,90001
Cara,392,243,0,55,1,2,0,0,178,0,2,90001
Barba,393,246,0,55,5,2,0,0,170,0,6,90001
Color de pintura corporal,394,247,11,55,9,1,0,0,37,0,31,90001
Color de piel,395,248,16,56,2,2,0,0,169,0,1,90001
Cara,396,249,0,56,1,2,0,0,178,0,2,90001
Color de pintura corporal,397,253,11,56,10,1,0,0,37,0,31,90001
Tatuaje,398,269,9,59,6,1,0,0,36,0,30,90001
Tatuaje,399,276,9,60,6,1,0,0,36,0,30,90001
Tatuaje,400,282,9,61,5,5,0,0,32,0,5,90001
Tatuaje,401,290,9,62,20,5,0,0,32,0,20,90001
Piercings,403,318,8,67,7,16,0,0,52,0,7,90001
Piercings,404,324,8,68,6,2,0,0,167,0,6,90001
Tatuaje,405,325,8,68,5,2,0,0,48,0,5,90001
Cara,406,327,0,69,1,2,0,0,176,0,2,90001
Peinado,407,328,0,69,3,2,0,0,174,0,3,90001
Patrón,408,330,9,69,20,1,0,0,153,0,20,90001
Cara,409,333,0,70,1,2,0,0,176,0,2,90001
Peinado,410,334,0,70,3,2,0,0,174,0,3,90001
Patrón,411,336,9,70,5,1,0,0,153,0,5,90001
Cara,412,339,0,71,1,15,0,0,175,0,2,90001
Cara,413,345,0,72,1,15,0,0,175,0,2,90001
Pendientes,414,348,8,72,6,34,0,0,166,0,20,90001
Modificación,415,354,0,73,6,2,0,0,159,0,6,90001
Modificación,416,361,0,74,5,2,0,0,159,0,5,90001
Color de ojos,463,364,2,1,11,3,0,0,2,0,11,90001
Color de ojos,464,365,2,2,5,2,0,0,2,0,8,90001
Pendientes,501,366,8,2,6,3,0,0,10,0,11,90001
Collar,510,367,8,2,7,3,0,0,10,0,12,90001
Maquillaje,516,368,40,2,8,3,0,0,2,0,10,90001
Forma de cara,525,369,0,1,8,2,0,0,2,0,3,90001
Forma de cara,526,370,0,2,9,2,0,0,2,0,7,90001
Color de ojos,534,371,2,9,8,13,0,0,5,0,8,90001
Color de ojos,535,372,2,10,8,13,0,0,5,0,8,90001
Color de ojos,544,373,2,5,7,16,0,0,2,0,7,90001
Color de ojos,545,374,2,6,6,2,0,0,2,0,5,90001
Color de ojos,548,375,2,13,8,2,0,0,2,0,8,90001
Color de ojos,549,376,2,14,5,2,0,0,2,0,5,90001
Color de ojos,552,377,2,17,6,2,0,0,2,0,6,90001
Color de ojos,553,378,2,18,6,2,0,0,2,0,6,90001
Rasgos cara,559,382,32,10,6,13,0,0,14,0,6,90001
Rasgos cara,563,386,32,9,7,13,0,0,14,0,7,90001
Tipo de piel,567,389,0,9,2,13,0,0,1,0,2,90001
Tipo de piel,568,390,0,10,2,13,0,0,1,0,2,90001
Color de ojos,571,391,66,19,13,2,0,0,2,0,13,90001
Color de ojos,572,392,66,20,6,2,0,0,2,0,6,90001
Collar,575,394,8,20,13,3,0,0,5,0,13,90001
Color de ojos,578,395,66,57,6,2,0,0,2,0,6,90001
Color de ojos,579,396,66,58,5,2,0,0,2,0,5,90001
Orejas,582,397,8,19,6,2,0,0,1,0,6,90001
Orejas,583,398,8,20,11,3,0,0,1,0,11,90001
Color de piel secundario,585,399,0,57,7,1,0,0,1,0,8,90001
Color de pelo secundario,586,400,0,57,8,1,0,0,4,0,9,90001
Color de piel secundario,588,401,0,58,7,1,0,0,1,0,8,90001
Color de pelo secundario,589,402,0,58,8,1,0,0,4,0,9,90001
Pendientes,600,405,8,5,10,17,0,0,5,0,10,90001
Pendientes,601,406,72,6,7,2,0,0,5,0,7,90001
Aro de nariz,604,407,8,5,11,17,0,0,5,0,11,90001
Piercings,605,408,8,6,8,2,0,0,5,0,8,90001
Color tatuaje,607,409,10,6,10,5,0,0,1,0,11,90001
Tatuaje,608,410,40,6,9,5,0,0,1,0,10,90001
Color tatuaje,610,411,10,5,21,5,0,0,1,0,21,90001
Tatuaje,611,412,40,5,20,5,0,0,1,0,20,90001
Color de ojos,614,413,2,67,8,16,0,0,2,0,8,90001
Color de ojos,615,414,2,68,7,2,0,0,2,0,7,90001
Color de ojos,618,415,2,21,6,2,0,0,2,0,6,90001
Color de ojos,619,416,2,22,6,2,0,0,2,0,6,90001
Color de ojos,622,417,2,43,6,20,0,0,2,0,6,90001
Color de ojos,623,418,2,44,6,20,0,0,2,0,6,90001
Brazaletes,631,425,9,20,27,5,0,0,5,0,27,90001
Color de ojos,646,438,2,11,10,19,0,0,2,0,10,90001
Color de ojos,647,439,2,12,7,18,0,0,2,0,7,90001
Pendientes,649,440,8,12,12,19,0,0,5,0,12,90001
Collar,651,441,8,12,14,19,0,0,5,0,14,90001
Collar,653,442,8,11,14,19,0,0,5,0,15,90001
Tocado,655,443,40,12,11,19,0,0,5,0,11,90001
Tocado,657,444,40,11,12,19,0,0,5,0,13,90001
Aro de nariz,659,445,8,12,13,19,0,0,5,0,13,90001
Aro de nariz,661,446,8,11,13,19,0,0,5,0,14,90001
Pintura corporal,662,447,8,12,20,5,0,0,1,0,20,90001
Pintura corporal,663,448,8,11,20,5,0,0,1,0,20,90001
Pintura facial,666,451,40,12,10,19,0,0,1,0,10,90001
Pintura facial,667,452,40,11,11,19,0,0,1,0,12,90001
Color de pintura,668,453,10,12,21,5,0,0,1,0,21,90001
Color de pintura,669,454,10,11,21,5,0,0,1,0,21,90001
Pelo,671,455,0,11,6,18,0,0,164,0,6,90001
Crin frontal,672,456,32,11,5,18,0,0,164,0,5,90001
Crin frontal,673,457,32,12,5,18,0,0,15,0,5,90001
Orejas,675,458,8,43,5,20,0,0,5,0,5,90001
Color de ojos,682,459,66,7,24,23,0,0,2,0,12,90001
Color de ojos,683,460,66,8,12,23,0,0,2,0,12,90001
Color de ojos,686,461,2,63,7,2,0,0,2,0,7,90001
Color de ojos,687,462,2,64,5,2,0,0,2,0,5,90001
Cola,689,463,8,22,20,1,0,0,1,0,20,90001
Cola,691,464,0,21,20,1,0,0,1,0,20,90001
Zarcillos,695,465,0,21,10,3,0,0,5,0,10,90001
Zarcillos,697,466,0,22,10,2,0,0,5,0,8,90001
Corona,699,467,40,22,8,2,1,0,5,0,9,90001
Decoración pelo,701,468,8,22,9,2,0,0,5,0,10,90001
Corona,703,469,40,21,7,2,1,0,5,0,8,90001
Decoración cuernos,705,470,8,21,8,2,0,0,5,0,9,90001
Bigote,706,471,0,63,5,2,0,0,5,0,5,90001
Pendientes,708,472,8,8,16,3,0,0,5,0,17,90001
Collar,710,473,8,8,18,3,0,0,5,0,19,90001
Aro de nariz,712,474,8,8,17,3,0,0,5,0,18,90001
Ornato,714,475,40,8,15,3,0,0,5,0,16,90001
Vides,724,476,40,8,5,2,1,0,5,0,5,90001
Color de vid,726,477,10,8,6,2,0,0,5,0,6,90001
Vides,728,478,40,7,25,3,1,0,5,0,26,90001
Color de vid,730,479,10,7,26,3,0,0,5,0,27,90001
Orejas,732,480,0,8,8,2,0,0,1,0,8,90001
Orejas,734,481,0,7,22,23,0,0,1,0,14,90001
Cejas,736,482,0,8,7,23,0,0,1,0,9,90001
Cejas,738,483,0,7,21,23,0,0,5,0,10,90001
Patillas,739,484,0,7,5,2,0,0,5,0,5,90001
Bigote,740,485,0,7,6,2,0,0,5,0,6,90001
Cicatrices,742,486,40,7,23,3,0,0,1,0,23,90001
Cicatrices,744,487,40,8,11,23,0,0,1,0,16,90001
Color de marcas,745,488,10,8,14,23,0,0,4,0,15,90001
Color de ojos,747,489,2,47,7,14,0,0,2,0,7,90001
Color de ojos,750,491,2,48,5,14,0,0,2,0,5,90001
Cola,751,492,0,48,7,1,0,0,171,0,8,90001
Bigote,752,493,0,47,4,14,0,0,172,0,4,90001
Cejas,753,494,0,47,6,14,0,0,172,0,6,90001
Color de ojos,756,495,2,15,6,2,0,0,2,0,6,90001
Color de ojos,757,496,2,16,6,2,0,0,2,0,6,90001
Pendientes,759,497,8,16,13,3,0,0,5,0,13,90001
Pendientes,761,498,8,15,13,3,0,0,5,0,13,90001
Pendientes,764,499,8,15,12,3,0,0,5,0,12,90001
Pendientes,766,500,8,16,12,3,0,0,5,0,12,90001
Pintura facial,767,501,40,15,10,3,0,0,19,0,10,90001
Color de pintura facial,768,502,10,15,11,3,0,0,4,0,11,90001
Pintura corporal,769,503,8,15,20,1,0,0,19,0,20,90001
Color de pintura corporal,770,504,10,15,21,1,0,0,4,0,21,90001
Pintura facial,771,505,40,16,10,3,0,0,19,0,10,90001
Color de pintura facial,772,506,10,16,11,3,0,0,4,0,11,90001
Pintura corporal,773,507,8,16,20,1,0,0,19,0,20,90001
Color de pintura corporal,774,508,10,16,21,1,0,0,4,0,21,90001
Color de joyas,776,509,10,20,26,5,0,0,5,0,26,90001
Color de joyas,778,510,2,22,11,1,0,0,1,0,21,90001
Color de joyas,782,511,2,21,12,3,0,0,1,0,12,90001
Bigote,783,512,0,13,5,2,0,0,5,0,5,90001
Cejas,784,513,0,13,7,2,0,0,5,0,7,90001
Color de pendientes,786,514,10,14,7,2,0,0,18,0,8,90001
Color de ojos,794,515,2,73,7,2,0,0,2,0,7,90001
Color de ojos,795,516,2,74,6,2,0,0,2,0,6,90001
Pintura,797,517,2,73,12,1,0,0,1,0,12,90001
Pintura,799,518,2,74,12,1,0,0,1,0,12,90001
Flor,801,519,40,11,16,19,1,0,5,0,17,90001
Color de joyas,803,520,10,11,15,19,0,0,5,0,16,90001
Color de joyas,805,521,2,12,15,19,0,0,5,0,15,90001
Nariz,806,522,0,17,12,3,0,0,20,0,12,90001
Barbilla,807,523,0,17,8,2,0,0,20,0,8,90001
Nariz,808,524,0,18,12,3,0,0,20,0,12,90001
Barbilla,809,525,0,18,8,2,0,0,20,0,8,90001
Pendientes,811,526,72,18,11,3,0,0,20,0,11,90001
Aro de nariz,813,527,104,18,13,3,0,0,20,0,13,90001
Pendientes,815,528,72,17,11,3,0,0,20,0,11,90001
Aro de nariz,817,529,104,17,13,3,0,0,20,0,13,90001
Color de joyas,819,530,8,17,14,3,0,0,4,0,14,90001
Color de joyas,821,531,8,18,14,3,0,0,4,0,14,90001
Color de ojos,824,532,2,3,7,2,0,0,2,0,7,90001
Color de ojos,825,533,2,4,5,2,0,0,2,0,5,90001
Cicatrices,826,534,40,3,10,3,0,0,1,0,10,90001
Tatuaje,827,535,41,3,21,5,0,0,1,0,21,90001
Pintura de guerra,828,536,40,3,22,5,0,0,1,0,22,90001
Color de pintura de guerra,829,537,10,3,23,5,0,0,1,0,23,90001
Cicatrices,830,538,40,4,6,2,0,0,1,0,7,90001
Tatuaje,831,539,41,4,20,5,0,0,1,0,20,90001
Pintura de guerra,832,540,40,4,21,5,0,0,1,0,21,90001
Color de pintura de guerra,833,541,10,4,22,5,0,0,1,0,22,90001
Pendientes,836,542,8,3,12,3,0,0,5,0,12,90001
Collar,841,544,8,4,12,3,0,0,11,0,12,90001
Flor,842,545,40,12,16,19,1,0,5,0,16,90001
Color de ojos,845,546,2,59,10,2,0,0,2,0,10,90001
Color de ojos,846,547,2,60,8,2,0,0,2,0,8,90001
Aro de nariz,847,548,8,4,11,3,0,0,11,0,11,90001
Zarcillos,848,549,0,59,7,2,0,0,5,0,12,90001
Cejas,849,550,0,59,9,2,0,0,5,0,9,90001
Color de ojos,852,551,2,69,7,2,0,0,2,0,7,90001
Color de ojos,853,552,2,70,7,2,0,0,2,0,7,90001
Pendientes,854,553,8,69,8,2,1,0,161,0,9,90001
Pendientes,855,554,8,70,8,2,1,0,161,0,9,90001
Color de ojos,858,555,2,53,7,2,0,0,2,0,7,90001
Color de ojos,859,556,2,54,7,2,0,0,2,0,7,90001
Color de ojos,862,557,2,55,7,2,0,0,2,0,7,90001
Color de ojos,863,558,2,56,4,2,0,0,2,0,8,90001
Pendientes,864,559,8,56,8,3,0,0,5,0,26,90001
Pintura corporal,865,560,9,55,8,1,0,0,37,0,30,90001
Pintura corporal,866,561,9,56,9,1,0,0,37,0,30,90001
Color de ojos,869,562,2,61,8,2,0,0,2,0,8,90001
Color de ojos,870,563,2,62,6,2,0,0,2,0,6,90001
Collar,871,564,8,62,13,3,0,0,31,0,13,90001
Piercings,872,565,8,62,12,3,0,0,31,0,12,90001
Dilatación,873,566,8,61,9,3,0,0,30,0,21,90001
Colmillos,874,567,8,3,14,3,0,0,5,0,14,90001
Aro de nariz,875,568,8,3,13,3,0,0,5,0,13,90001
Patillas,876,569,0,3,6,2,0,0,5,0,6,90001
Roña,877,570,40,3,11,3,0,0,5,0,11,90001
Color de ojos,880,571,2,71,7,15,0,0,1,0,7,90001
Color de ojos,881,572,2,72,5,15,0,0,1,0,5,90001
Patillas,882,573,0,71,6,15,0,0,5,0,6,90001
Colmillos,883,574,8,71,23,3,0,0,2,0,23,90001
Pendientes,884,575,8,71,21,3,0,0,5,0,21,90001
Piercings,885,576,8,71,22,3,0,0,5,0,22,90001
Aro de nariz,886,577,8,72,7,34,0,0,11,0,21,90001
Collar,887,578,8,72,8,34,0,0,11,0,23,90001
Bigote,888,579,0,1,5,2,0,0,5,0,6,90001
Patillas,889,580,0,1,7,2,0,0,5,0,9,90001
Cejas,890,581,0,1,10,3,0,0,5,0,10,90001
Bandas,891,582,8,20,25,5,0,0,5,0,25,90001
Color de joyas,892,583,10,58,9,2,0,0,5,0,10,90001
Forma de oso,901,592,32,189,0,6,0,0,0,0,0,90001
Forma felina,911,602,32,190,0,7,0,0,0,0,0,90001
Transformación completa,922,604,32,194,0,46,0,0,0,0,0,90001
Bigote,936,618,0,5,5,16,0,0,5,0,5,90001
Cejas,937,619,0,5,12,16,0,0,5,0,12,90001
Forma acuática,946,628,32,191,0,9,0,0,0,0,0,90001
Forma de viaje,956,638,32,192,0,10,0,0,0,0,0,90001
Forma de vuelo,966,648,32,193,0,11,0,0,0,0,0,90001
Color de piel,968,650,16,40,1,2,0,0,1,0,1,90001
Rasgos,969,651,0,40,4,4,0,0,5,0,4,90001
Cejas,970,652,0,2,10,2,0,0,5,0,5,90001
Zarcillos,1516,663,0,60,9,3,0,0,24,0,20,90105
Decoración cuernos,1517,664,8,60,10,2,0,0,24,0,6,90105
Tocado,1518,665,8,60,11,3,0,0,24,0,22,90105
Decoración mandíbula,1519,666,8,60,12,3,1,0,24,0,24,90105
Decoración pelo,1520,667,8,60,13,2,1,0,24,0,7,90105
Collar,1521,668,8,60,14,3,1,0,24,0,25,90105
Pendientes,1522,669,8,60,15,3,0,0,24,0,23,90105
Cola,1523,670,8,60,16,1,0,0,1,0,31,90105
Color de joyas,1524,671,3,60,17,1,0,0,1,0,32,90105
Color de joyas,1525,672,3,59,11,1,0,0,1,0,32,90105
Cola,1526,673,0,59,12,1,0,0,1,0,31,90105
Decoración cuernos,1527,674,8,59,13,2,1,0,5,0,13,90105
Estilo,1528,661,64,148,0,21,0,0,2,0,0,100105
Ojos,1529,676,0,54,8,2,0,0,2,0,6,90105
Ojos,1530,677,0,53,8,2,0,0,2,0,6,90105
Cejas,1531,678,0,54,9,2,0,0,1,0,5,90105
Cejas,1532,679,0,53,9,2,0,0,1,0,5,90105
Joyas faciales,1533,680,8,54,10,3,0,0,43,0,23,90105
Joyas faciales,1534,681,8,53,10,3,0,0,44,0,23,90105
Joyas mandibulares,1535,682,8,54,11,3,0,0,43,0,24,90105
Decoración barbilla,1536,683,8,53,11,3,0,0,44,0,25,90105
Joyas mandibulares,1537,684,8,53,12,3,0,0,44,0,24,90105
Bigote,1538,685,0,53,13,3,0,0,5,0,19,90105
Collar,1539,686,8,54,12,3,0,0,43,0,25,90105
Tatuaje facial,1540,687,9,54,13,3,0,0,42,0,20,90001
Tatuaje facial,1541,688,9,53,14,3,0,0,42,0,20,90001
Color de joyas,1542,690,3,53,15,3,0,0,1,0,26,90105
Color de joyas,1543,689,3,54,14,3,0,0,1,0,26,90105
Tocado,1544,691,8,54,18,3,1,0,43,0,21,90105
Decoración pelo,1545,692,8,54,15,2,1,0,43,0,9,90105
Tocado,1546,693,8,53,16,3,1,0,44,0,21,90105
Orejas,1548,694,8,58,10,2,0,0,1,0,11,90105
Orejas,1549,695,8,57,9,2,0,0,1,0,10,90105
Tentáculos,1550,696,0,58,11,2,1,0,3,0,12,90105
Tentáculos,1551,697,0,57,10,2,1,0,3,0,11,90105
Pelo,1555,698,8,55,6,2,0,0,170,0,5,90105
Crin frontal,1556,699,0,55,16,2,0,0,170,0,4,90105
Crin frontal,1557,700,0,56,7,2,0,0,38,0,3,90105
Pluma,1558,701,8,56,17,2,1,0,5,0,6,90105
Decoración pelo,1559,702,8,56,18,2,0,0,38,0,5,90105
Piercing de nariz,1560,703,8,55,17,3,0,0,5,0,26,90105
Tocado,1561,704,8,55,18,2,0,0,5,0,9,90105
Envolturas cuernos,1562,705,0,55,19,3,0,0,5,0,22,90105
Decoración cuernos,1563,706,8,55,20,3,0,0,5,0,23,90105
Decoración cola,1564,707,8,55,21,1,0,0,5,0,33,90105
Cola,1565,708,8,55,22,1,0,0,1,0,32,90105
Color de joyas,1566,709,2,55,23,3,0,0,5,0,23,90105
Color de joyas,1567,710,2,56,19,3,0,0,5,0,19,90105
Pluma,1568,711,8,55,24,3,0,0,5,0,25,90105
Color de cuernos,1569,712,2,55,25,3,0,0,40,0,20,90105
Piercing de nariz,1570,713,8,56,20,3,0,0,5,0,27,90105
Tocado,1571,714,8,56,21,2,0,0,5,0,7,90105
Envolturas cuernos,1572,715,8,56,22,3,1,0,5,0,23,90105
Decoración cuernos,1573,716,8,56,23,3,1,0,5,0,24,90105
Color de cuernos,1574,717,2,56,26,3,0,0,40,0,21,90105
Cola,1575,718,8,56,27,1,0,0,1,0,32,90105
Decoración cola,1576,719,8,56,28,1,0,0,5,0,33,90105
Manos luminosas,1577,653,8,54,19,1,1,0,2,0,31,90105
Color principal,1578,720,80,89,0,22,0,0,1,0,2,100000
Ojo visible,1582,723,32,89,3,32,0,0,2,0,26,100000
Color de ojos,1583,721,2,89,5,32,0,0,2,0,24,100000
Estilo de ojos,1584,722,0,89,4,32,0,0,2,0,25,100000
Manos luminosas,1585,654,8,53,17,1,1,0,2,0,31,90105
Cara,1586,724,136,89,3,32,0,0,2,0,20,100000
Intensidad del color secundario,1587,725,8,89,1,22,0,0,4,0,3,100000
Orejas,1588,726,8,89,6,33,0,0,5,0,30,100000
Color de cuernos,1589,727,10,89,7,31,0,0,4,0,11,100000
Cuernos,1590,728,8,89,8,31,0,0,3,0,10,100000
Mejilla,1591,729,8,89,9,33,0,0,2,0,33,100000
Ceño,1592,730,0,89,10,33,0,0,2,0,31,100000
Pómulo,1593,731,8,89,11,33,0,0,2,0,32,100000
Hocico,1594,732,0,89,12,32,0,0,2,0,21,100000
Cresta,1595,733,8,89,13,31,0,0,3,0,15,100000
Garganta,1596,734,8,89,14,33,0,0,3,0,34,100000
Tamaño del cuerpo,1597,735,0,89,15,22,0,0,1,0,1,100000
Cola,1598,736,8,89,16,26,0,0,1,0,56,100000
Cresta de la cola,1599,737,8,89,17,26,0,0,1,0,57,100000
Pinchos de las piernas,1600,738,0,89,18,22,1,0,1,0,9,100000
Pinchos de los brazos,1601,739,128,89,19,24,0,0,1,0,47,100000
Púas del pecho,1602,740,128,89,20,22,0,0,1,0,8,100000
Marcas del cuerpo,1603,741,8,89,21,22,0,0,4,0,6,100000
Patrón corporal,1604,742,8,89,22,22,0,0,4,0,5,100000
Marcas de la cara,1607,743,8,89,23,32,0,0,4,0,23,100000
Patrón de la cara,1608,744,8,89,24,32,0,0,4,0,22,100000
Color de piel,1609,745,16,123,1,27,0,0,1,3137,2,100000
Tipo de escamas de la piel,1610,746,0,123,0,27,0,0,1,4079,3,100000
Color de piel,1611,747,16,124,1,27,0,0,1,3146,2,100000
Tipo de escamas de la piel,1612,748,0,124,0,27,0,0,1,4076,3,100000
Color de piel,1613,749,16,125,1,27,0,0,1,3732,1,100000
Tipo de escamas de la piel,1614,750,0,125,0,28,0,0,1,4080,2,100000
Color de piel,1615,751,16,126,1,27,0,0,1,0,1,100000
Tipo de escamas de la piel,1616,752,0,126,0,27,0,0,1,4078,2,100000
Cuernos,1625,753,0,123,2,27,0,0,0,3137,5,100000
Cresta,1627,754,0,123,3,29,0,0,0,3137,31,100000
Ceño,1628,755,0,123,4,30,0,0,0,3137,50,100000
Orejas,1629,756,0,123,5,30,0,0,0,3137,55,100000
Mandíbula,1630,757,0,123,6,29,0,0,0,3137,36,100000
Barbilla,1631,758,0,123,7,29,0,0,0,3137,35,100000
Nariz,1632,759,0,123,8,29,0,0,0,3137,34,100000
Garganta,1633,760,0,123,9,28,0,0,0,3137,20,100000
Piernas,1634,761,0,123,10,28,0,0,0,3137,26,100000
Cola,1635,762,0,123,11,28,0,0,0,3137,22,100000
Espalda,1636,763,0,123,12,28,0,0,0,3137,21,100000
Alas,1637,764,0,123,13,28,0,0,0,3137,27,100000
Ojos,1638,765,0,123,14,30,0,0,0,3137,51,100000
Armadura personal,1639,766,0,123,15,28,0,0,0,3137,23,100000
Armadura de la cabeza,1640,767,0,123,16,28,0,0,0,3137,24,100000
Color de pelo,1648,768,2,123,18,29,0,0,0,3137,32,100000
Color de cuernos,1649,769,2,123,19,27,0,0,0,3137,6,100000
Patrón,1651,770,0,123,20,27,0,0,0,3137,4,100000
Color de armadura,1652,771,2,123,21,28,0,0,0,3137,25,100000
Ojo visible,1656,772,32,123,22,30,0,0,2,3137,52,100000
Color de ojos,1657,773,2,123,23,30,0,0,2,3137,53,100000
Estilo de ojos,1658,774,0,123,24,30,0,0,2,4127,54,100000
Hocico,1659,775,0,124,2,29,0,0,0,3146,4,100000
Cuernos,1660,776,0,124,3,27,0,0,0,3146,6,100000
Cresta,1662,777,0,124,4,29,0,0,0,3146,5,100000
Mandíbula,1664,778,0,124,5,29,0,0,0,3146,6,100000
Ceño,1666,779,0,124,6,29,0,0,0,3146,7,100000
Espalda,1667,780,0,124,7,28,0,0,0,3146,8,100000
Cola,1668,781,0,124,8,28,0,0,0,3146,9,100000
Garganta,1669,782,0,124,9,28,0,0,0,3146,10,100000
Ojos,1670,783,0,124,10,29,0,0,0,3146,11,100000
Armadura personal,1671,784,0,124,11,28,0,0,0,3146,12,100000
Armadura de la cabeza,1672,785,0,124,12,28,0,0,0,3146,13,100000
Color de pelo,1673,786,2,124,13,29,0,0,0,3146,14,100000
Color de cuernos,1674,787,2,124,14,27,0,0,0,3146,7,100000
Patrón,1675,788,0,124,15,27,0,0,0,3146,4,100000
Color de armadura,1676,789,2,124,16,28,0,0,0,3146,17,100000
Ojo visible,1680,790,32,124,17,29,0,0,2,3146,18,100000
Color de ojos,1681,791,2,124,18,29,0,0,2,3146,19,100000
Estilo de ojos,1682,792,0,124,19,29,0,0,2,4128,20,100000
Cuernos,1683,793,0,126,2,27,0,0,0,0,3,100000
Cresta,1684,794,0,126,3,30,0,0,0,0,4,100000
Ceño,1685,795,0,126,4,29,0,0,0,0,5,100000
Orejas,1686,796,0,126,5,30,0,0,0,0,6,100000
Mandíbula,1687,797,0,126,6,30,0,0,0,0,7,100000
Barbilla,1688,798,0,126,7,29,0,0,0,0,8,100000
Nariz,1689,799,0,126,8,29,0,0,0,0,9,100000
Garganta,1690,800,0,126,9,30,0,0,0,0,10,100000
Piernas,1691,801,0,126,10,27,0,0,0,0,11,100000
Cola,1692,802,0,126,11,27,0,0,0,0,12,100000
Espalda,1693,803,0,126,12,28,0,0,0,0,13,100000
Alas,1694,804,0,126,13,28,0,0,0,0,14,100000
Armadura,1695,805,0,126,14,28,0,0,0,0,15,100000
Color de pelo,1697,806,2,126,15,30,0,0,0,0,17,100000
Color de cuernos,1698,807,2,126,16,27,0,0,0,0,18,100000
Patrón,1699,808,0,126,17,28,0,0,0,0,19,100000
Color de armadura,1700,809,2,126,18,28,0,0,0,0,20,100000
Ojo visible,1704,810,32,126,19,29,0,0,2,0,21,100000
Color de ojos,1705,811,2,126,20,29,0,0,2,0,22,100000
Estilo de ojos,1706,812,0,126,21,29,0,0,2,4129,23,100000
Cuernos,1707,813,0,125,2,27,0,0,0,3732,3,100000
Ceño,1708,814,0,125,3,29,0,0,0,3732,4,100000
Orejas,1709,815,0,125,4,29,0,0,0,3732,5,100000
Mandíbula,1710,816,0,125,5,29,0,0,0,3732,6,100000
Barbilla,1711,817,0,125,6,28,0,0,0,3732,7,100000
Nariz,1713,818,0,125,7,29,0,0,0,3732,8,100000
Garganta,1714,819,0,125,8,27,0,0,0,3732,9,100000
Cresta,1715,820,0,125,9,27,0,0,0,3732,16,100000
Cola,1716,821,0,125,10,28,0,0,0,3732,95,100000
Ojos,1717,822,0,125,11,29,0,0,0,3732,12,100000
Armadura personal,1718,823,0,125,12,28,0,0,0,3732,13,100000
Armadura de la cabeza,1719,824,0,125,13,28,0,0,0,3732,14,100000
Color de pelaje,1721,825,2,125,14,28,0,0,0,3732,97,100000
Color de cuernos,1722,826,2,125,15,27,0,0,0,3732,5,100000
Color de armadura,1723,827,2,125,16,28,0,0,0,3732,17,100000
Ojo visible,1727,828,32,125,17,29,0,0,2,3732,18,100000
Color de ojos,1728,829,2,125,18,29,0,0,2,3732,19,100000
Estilo de ojos,1729,830,0,125,19,29,0,0,2,4130,20,100000
Collar,1730,831,8,56,29,3,0,0,5,0,28,90105
Color de piel,1731,832,81,128,0,2,0,0,1,0,1,100000
Tipo de escamas de la piel,1732,833,0,129,0,27,0,0,1,4077,2,100000
Color de piel,1733,834,18,129,1,27,0,0,0,0,1,100000
Hocico,1734,835,0,129,2,27,0,0,0,0,4,100000
Cuernos,1735,836,0,129,3,27,0,0,0,0,5,100000
Cresta,1737,837,0,129,4,27,0,0,0,0,16,100000
Garganta,1738,838,0,129,5,29,0,0,0,0,7,100000
Mandíbula,1739,839,0,129,6,29,0,0,0,0,8,100000
Espalda,1741,840,0,129,7,28,0,0,0,0,9,100000
Cola,1742,841,0,129,8,28,0,0,0,0,10,100000
Ojos,1743,842,0,129,9,29,0,0,0,0,11,100000
Armadura personal,1744,843,0,129,10,28,0,0,0,0,12,100000
Armadura de la cabeza,1745,844,0,129,11,28,0,0,0,0,13,100000
Color de pelaje,1746,845,2,129,12,29,0,0,0,0,14,100000
Color de cuernos,1747,846,2,129,13,27,0,0,0,0,15,100000
Color de armadura,1748,847,2,129,14,28,0,0,0,0,16,100000
Ojo visible,1761,848,32,129,15,29,0,0,2,0,17,100000
Color de ojos,1762,849,2,129,16,29,0,0,2,0,18,100000
Estilo de ojos,1763,850,0,129,17,29,0,0,2,4131,19,100000
Joyas de los cuernos,1764,851,40,89,25,31,0,0,0,0,12,100000
Color de joyas,1765,852,10,89,26,31,0,0,0,0,14,100000
Cara,1767,853,128,128,1,2,0,0,0,0,2,100000
Peinado,1768,854,0,128,2,2,0,0,0,0,3,100000
Color de pelo,1769,855,2,128,3,2,0,0,0,0,4,100000
Orejas,1770,856,0,128,4,3,0,0,0,0,20,100000
Parte inferior de la ropa interior,1771,857,1,128,5,1,0,0,0,0,31,100000
Parte superior de la ropa interior,1772,858,1,128,6,1,0,0,0,0,30,100000
Color de la ropa interior,1773,859,3,128,7,1,0,0,0,0,32,100000
Cuernos,1774,860,8,128,8,23,0,0,0,0,9,100000
Color de cuernos,1775,861,2,128,9,23,0,0,0,0,10,100000
Joyas de los cuernos,1776,862,8,128,10,23,0,0,0,0,11,100000
Color de joyas,1777,863,2,128,11,3,0,0,0,0,26,100000
Patrón de las escamas,1778,864,0,128,12,23,0,0,0,0,14,100000
Pendientes,1779,865,8,128,13,3,0,0,0,0,21,100000
Collar,1780,866,8,128,14,3,0,0,0,0,25,100000
Tocado,1781,867,8,128,15,3,0,0,0,0,19,100000
Decoración pelo,1782,868,8,128,16,2,1,0,0,0,6,100000
Nariz,1783,869,0,128,17,3,0,0,0,0,22,100000
Barbilla,1784,870,8,128,18,3,0,0,0,0,23,100000
Color de ojos,1785,871,2,128,19,2,0,0,0,0,7,100000
Ojo visible,1786,872,32,128,20,2,0,0,2,0,8,100000
Resaltes del pelo,1787,873,10,128,21,2,0,0,0,0,5,100000
Color de las escamas,1788,874,11,128,22,23,0,0,0,0,16,100000
Escamas del cuerpo,1791,875,9,128,23,1,0,0,0,0,33,100000
Marcas de las escamas,1792,876,40,128,24,23,0,0,0,0,15,100000
Color de piel,1793,877,81,127,0,2,0,0,0,0,1,100000
Cara,1794,878,128,127,1,2,0,0,0,0,2,100000
Peinado,1795,879,0,127,2,2,0,0,0,0,3,100000
Color de pelo,1796,880,2,127,3,2,0,0,0,0,4,100000
Barba,1797,881,8,127,5,2,0,0,0,0,8,100000
Orejas,1799,882,0,127,4,3,0,0,0,0,23,100000
Parte inferior de la ropa interior,1800,883,1,127,6,1,0,0,0,0,31,100000
Parte superior de la ropa interior,1802,884,1,127,7,1,0,0,0,0,30,100000
Color de la ropa interior,1803,885,3,127,8,1,0,0,0,0,32,100000
Color de ojos,1804,886,2,127,20,3,0,0,0,0,21,100000
Ojo visible,1805,887,32,127,21,3,0,0,0,0,22,100000
Bigote,1806,888,0,127,13,2,0,0,0,0,7,100000
Tocado,1807,889,8,127,16,3,0,0,0,0,20,100000
Decoración pelo,1808,890,8,127,17,2,1,0,0,0,6,100000
Patrón de las escamas,1809,891,0,127,14,23,0,0,0,0,13,100000
Nariz,1810,892,0,127,18,3,0,0,0,0,25,100000
Resaltes del pelo,1812,894,10,127,22,2,0,0,0,0,5,100000
Color de joyas,1813,895,2,127,12,3,0,0,0,0,26,100000
Escamas del cuerpo,1818,896,9,127,24,1,0,0,0,0,33,100000
Marcas de las escamas,1819,897,40,127,25,23,0,0,0,0,14,100000
Color de las escamas,1823,898,11,127,23,23,0,0,0,0,15,100000
Cuernos,1828,899,8,127,9,23,0,0,0,0,10,100000
Color de cuernos,1829,900,2,127,10,23,0,0,0,0,11,100000
Joyas de los cuernos,1831,901,8,127,11,23,0,0,0,0,12,100000
Pendientes,1832,902,8,127,15,3,0,0,0,0,24,100000
Franja del torso,1833,903,8,127,26,1,1,0,0,0,29,100000
Boca,1834,904,0,123,25,29,0,0,0,3137,33,100000
Torso,1842,905,104,89,27,24,0,0,0,0,42,100000
Taparrabos,1843,906,40,89,28,26,0,0,0,0,51,100000
Hombros,1844,907,104,89,29,24,0,0,0,0,41,100000
Yelmo,1845,908,40,89,30,24,0,0,0,0,40,100000
Color de armadura,1846,909,10,89,31,24,0,0,0,0,49,100000
Estilo de cuernos,1847,910,0,123,26,27,0,0,0,4071,7,100000
Estilo de cuernos,1848,911,0,124,99,27,0,0,0,4070,98,100000
Estilo de cuernos,1849,912,0,125,99,27,0,0,0,4073,6,100000
Estilo de cuernos,1850,913,0,126,99,27,0,0,0,4072,98,100000
Color secundario,1976,958,10,89,2,22,0,0,1,0,4,100000
Color de marcas,1978,959,10,89,39,22,0,0,1,0,7,100000
Cejas,1979,960,0,127,28,23,0,0,0,0,16,100000
Cejas,1980,961,0,128,26,23,0,0,0,0,17,100000
Armadura de la cabeza,1981,962,0,126,100,28,0,0,0,0,16,100000
,1982,963,0,89,40,24,0,0,0,0,100,100000
Pies,1984,966,40,89,32,26,0,0,0,0,53,100000
Coraza,1985,967,40,89,33,24,0,0,0,0,43,100000
Muslos,1986,968,40,89,34,26,0,0,0,0,52,100000
Cintura,1987,969,40,89,35,26,0,0,0,0,50,100000
Decoración alas,1988,970,40,89,36,26,0,0,0,0,54,100000
Parte superior del brazo,1989,971,40,89,37,24,0,0,0,0,45,100000
Parte inferior del brazo,1990,972,104,89,38,24,0,0,0,0,46,100000
Patrón,1992,973,0,129,18,28,0,0,0,0,20,100000
Estilo de armadura,2013,978,8,89,41,26,0,0,0,0,55,100000
Transformación completa,2044,979,32,123,27,27,0,0,0,0,1,100000
Transformación completa,2962,996,32,124,27,27,0,0,0,0,1,100000
,2963,997,0,89,42,24,0,0,0,0,101,100000
,2964,998,0,89,43,24,0,0,0,0,102,100000
Color,3078,660,144,148,1,21,0,0,1,0,1,100105
Ojo visible,6338,1113,32,1,12,3,0,0,0,0,12,0
Ojo visible,6339,1114,32,2,11,2,0,0,0,0,9,0
Ojo visible,6340,1115,32,3,25,2,0,0,0,0,8,0
Ojo visible,6341,1116,32,4,23,2,0,0,0,0,6,0
Ojo visible,6342,1117,32,5,22,16,0,0,0,0,8,0
Ojo visible,6343,1118,32,6,11,2,0,0,0,0,6,0
Ojo visible,6344,1119,32,7,46,23,0,0,0,0,13,0
Ojo visible,6345,1120,32,8,36,23,0,0,0,0,13,0
Ojo visible,6346,1121,32,9,9,13,0,0,0,4103,9,0
Ojo visible,6347,1122,32,10,9,13,0,0,0,4104,9,0
Ojo visible,6348,1123,32,11,56,19,0,0,0,0,11,0
Ojo visible,6349,1124,32,12,56,18,0,0,0,0,8,0
Ojo visible,6350,1125,32,13,9,2,0,0,0,0,9,0
Ojo visible,6351,1126,32,14,8,2,0,0,0,0,6,0
Ojo visible,6352,1127,32,15,28,2,0,0,0,0,7,0
Ojo visible,6353,1128,32,16,28,2,0,0,0,0,7,0
Ojo visible,6354,1129,32,17,15,2,0,0,0,0,7,0
Ojo visible,6355,1130,32,18,15,2,0,0,0,141,7,0
Ojo visible,6356,1131,32,19,14,2,0,0,0,0,14,0
Ojo visible,6357,1132,32,20,28,2,0,0,0,0,7,0
Ojo visible,6358,1133,32,21,21,2,0,0,0,0,7,0
Ojo visible,6359,1134,32,22,21,2,0,0,0,0,7,0
Ojo visible,6360,1135,32,43,55,20,0,0,0,0,7,0
Ojo visible,6361,1136,32,44,13,20,0,0,0,0,7,0
Ojo visible,6362,1137,32,47,8,14,0,0,0,0,8,0
Ojo visible,6363,1138,32,48,8,14,0,0,0,0,6,0
Ojo visible,6364,1139,32,53,18,2,0,0,0,0,8,0
Ojo visible,6365,1140,32,54,20,2,0,0,0,0,8,0
Ojo visible,6366,1141,32,55,26,2,0,0,0,0,8,0
Ojo visible,6367,1142,32,56,30,2,0,0,0,0,9,0
Ojo visible,6368,1143,32,59,14,2,0,0,0,0,11,0
Ojo visible,6369,1144,32,60,18,2,0,0,0,0,9,0
Ojo visible,6370,1145,32,61,16,2,0,0,0,0,9,0
Ojo visible,6371,1146,32,62,27,2,0,0,0,0,7,0
Ojo visible,6372,1147,32,63,8,2,0,0,0,0,8,0
Ojo visible,6373,1148,32,64,8,2,0,0,0,0,6,0
Ojo visible,6374,1149,32,67,9,16,0,0,0,0,9,0
Ojo visible,6375,1150,32,68,8,2,0,0,0,0,8,0
Ojo visible,6376,1151,32,69,21,2,0,0,0,0,8,0
Ojo visible,6377,1152,32,70,9,2,0,0,0,0,8,0
Ojo visible,6378,1153,32,71,31,15,0,0,0,0,8,0
Ojo visible,6379,1154,32,72,9,15,0,0,0,0,6,0
Ojo visible,6380,1155,32,73,13,2,0,0,0,0,8,0
Ojo visible,6381,1156,32,74,13,2,0,0,0,141,7,0
Ojo visible,6394,1157,32,57,11,2,0,0,0,0,7,0
Ojo visible,6395,1158,32,58,12,2,0,0,0,0,6,0
Transformación completa,6397,1159,32,125,9,27,0,0,0,0,0,100000
Cuernos,6402,1160,0,149,1,27,0,0,0,0,2,100100
Cresta,6403,1161,0,149,2,29,0,0,0,0,3,100100
Mandíbula,6404,1162,0,149,3,29,0,0,0,0,4,100100
Barbilla,6405,1163,0,149,4,29,0,0,0,0,9,100100
Cola,6406,1164,0,149,5,27,0,0,0,0,6,100100
Espalda,6407,1165,0,149,6,27,0,0,0,0,5,100100
Armadura personal,6408,1166,0,149,7,27,0,0,0,0,7,100100
Armadura de la cabeza,6409,1167,0,149,8,27,0,0,0,0,8,100100
Color de piel,6410,1168,16,149,9,27,0,0,0,0,1,100100
Color de armadura,6411,1169,2,149,10,27,0,0,0,0,10,100100
Color de ojos,6412,1170,2,149,11,29,0,0,0,0,11,100100
Marcas,6413,1171,0,149,12,29,0,0,0,0,12,100100
Estilo,8474,1174,64,176,0,37,0,0,2,0,0,100105
Color,8475,1175,144,176,1,37,0,0,1,0,1,100105
Estilo de ojos,8522,1236,32,1,13,3,0,0,0,12,0,0
Estilo de ojos,8523,1237,32,2,12,2,0,0,0,12,0,0
Estilo de ojos,8524,1238,32,3,26,2,0,0,0,12,0,0
Estilo de ojos,8525,1239,32,4,24,2,0,0,0,12,0,0
Estilo de ojos,8526,1240,32,5,23,16,0,0,0,12,0,0
Estilo de ojos,8527,1241,32,6,12,2,0,0,0,12,0,0
Estilo de ojos,8528,1242,32,7,47,3,0,0,0,12,0,0
Estilo de ojos,8529,1243,32,8,37,3,0,0,0,12,0,0
Estilo de ojos,8530,1244,32,9,10,13,0,0,0,12,0,0
Estilo de ojos,8531,1245,32,10,10,13,0,0,0,12,0,0
Estilo de ojos,8532,1246,32,11,57,19,0,0,0,12,0,0
Estilo de ojos,8533,1247,32,12,57,18,0,0,0,12,0,0
Estilo de ojos,8534,1248,32,13,10,2,0,0,0,12,0,0
Estilo de ojos,8535,1249,32,14,9,2,0,0,0,12,0,0
Estilo de ojos,8536,1250,32,15,29,2,0,0,0,12,0,0
Estilo de ojos,8537,1251,32,16,29,2,0,0,0,12,0,0
Estilo de ojos,8538,1252,32,17,16,2,0,0,0,12,0,0
Estilo de ojos,8539,1253,32,18,16,2,0,0,0,12,0,0
Estilo de ojos,8540,1254,32,19,15,2,0,0,0,12,0,0
Estilo de ojos,8541,1255,32,20,29,2,0,0,0,12,0,0
Estilo de ojos,8542,1256,32,21,22,2,0,0,0,12,0,0
Estilo de ojos,8543,1257,32,22,22,2,0,0,0,12,0,0
Estilo de ojos,8544,1258,32,43,56,20,0,0,0,12,0,0
Estilo de ojos,8545,1259,32,44,14,20,0,0,0,12,0,0
Estilo de ojos,8546,1260,32,47,9,14,0,0,0,12,0,0
Estilo de ojos,8547,1261,32,48,9,14,0,0,0,12,0,0
Estilo de color de ojos,8548,1262,32,53,19,2,0,0,0,12,0,0
Estilo de color de ojos,8549,1263,32,54,21,2,0,0,0,12,0,0
Estilo de ojos,8550,1264,32,55,27,2,0,0,0,12,0,0
Estilo de ojos,8551,1265,32,56,31,2,0,0,0,12,0,0
Estilo de ojos,8552,1266,32,57,12,2,0,0,0,12,0,0
Estilo de ojos,8553,1267,32,58,13,2,0,0,0,12,0,0
Estilo de ojos,8554,1268,32,59,15,2,0,0,0,12,0,0
Estilo de ojos,8555,1269,32,60,19,2,0,0,0,12,0,0
Estilo de ojos,8556,1270,32,61,17,2,0,0,0,12,0,0
Estilo de ojos,8557,1271,32,62,28,2,0,0,0,12,0,0
Estilo de ojos,8558,1272,32,63,9,2,0,0,0,12,0,0
Estilo de ojos,8559,1273,32,64,9,2,0,0,0,12,0,0
Estilo de ojos,8560,1274,32,67,10,16,0,0,0,12,0,0
Estilo de ojos,8561,1275,32,68,9,2,0,0,0,12,0,0
Estilo de ojos,8562,1276,32,69,22,2,0,0,0,12,0,0
Estilo de ojos,8563,1277,32,70,10,2,0,0,0,12,0,0
Estilo de ojos,8564,1278,32,71,32,15,0,0,0,12,0,0
Estilo de ojos,8565,1279,32,72,10,15,0,0,0,12,0,0
Estilo de ojos,8566,1280,32,73,14,2,0,0,0,12,0,0
Estilo de ojos,8567,1281,32,74,14,2,0,0,0,12,0,0
Estilo,8598,1188,64,180,0,39,0,0,2,0,0,100105
Color,8600,1189,144,180,1,39,0,0,1,0,1,100105
Color,8601,1190,144,181,1,42,0,0,1,0,1,100105
Estilo,8602,1191,64,181,0,42,0,0,2,0,0,100105
Estilo,8603,1192,64,182,0,43,0,0,2,0,0,100105
Color,8604,1193,144,182,1,43,0,0,1,0,1,100105
Estilo,8605,1194,64,183,0,44,0,0,2,0,0,100105
Color,8607,1195,144,183,1,44,0,0,1,0,1,100105
Estilo,8610,1196,64,184,0,45,0,0,2,0,0,100105
Color,8611,1197,144,184,1,45,0,0,1,0,1,100105
Llamas,8612,1198,0,148,2,21,1,0,3,0,2,100105
Color de piel,8614,1199,16,186,1,27,0,0,0,0,1,100107
Color de armadura,8615,1200,2,186,2,27,0,0,0,0,8,100107
Corona,8616,1201,0,186,3,29,0,0,0,0,21,100107
Lista superciliar,8617,1202,0,186,4,29,0,0,0,0,22,100107
Mejillas,8618,1203,0,186,5,29,0,0,0,0,23,100107
Pico,8619,1204,0,186,6,29,0,0,0,0,19,100107
Cola,8620,1205,0,186,7,27,0,0,0,0,9,100107
Yelmo,8621,1206,0,186,8,29,0,0,0,0,20,100107
Cuello,8622,1207,0,186,9,27,0,0,0,0,2,100107
Pecho,8623,1208,0,186,10,27,0,0,0,0,4,100107
Brazal,8624,1209,0,186,11,27,0,0,0,0,5,100107
Silla de montar,8625,1210,0,186,12,27,0,0,0,0,3,100107
Marcas,8627,999,40,7,33,3,0,0,0,0,20,100107
Hocico,8640,1282,0,188,1,29,0,0,0,0,20,100200
Cuernos,8642,1283,0,188,2,29,0,0,0,0,23,100200
Espalda,8643,1284,0,188,3,27,0,0,0,0,4,100200
Armadura de la cabeza,8646,1286,0,188,5,27,0,0,0,0,7,100200
Color de piel,8648,1288,16,188,7,27,0,0,0,0,1,100200
Cuello,8649,1292,0,188,4,27,0,0,0,0,3,100200
Color de armadura,8650,1289,2,188,8,27,0,0,0,0,8,100200
Armadura personal,8652,1290,0,188,6,27,0,0,0,0,6,100200
Ceño,8653,1291,0,188,9,29,0,0,0,0,22,100200
Color de plumas,8654,1293,16,194,1,46,0,0,0,4165,1,100200
Color de cuerno y pico,8655,1294,2,194,3,46,0,0,0,4165,4,100200
Color de decoraciones,8656,1295,2,194,9,3,0,0,0,4404,9,100200
Color de efectos,8657,1296,2,194,11,3,0,0,0,4405,11,100200
Pico,8658,1297,0,194,4,46,0,0,0,4165,3,100200
Cejas,8659,1298,0,194,5,46,0,0,0,4165,5,100200
Bigotes,8660,1299,0,194,6,46,0,0,0,4165,6,100200
Plumas,8661,1300,0,194,7,46,0,0,0,4165,7,100200
Cuernos,8662,1301,0,194,2,46,0,0,0,4165,2,100200
Decoración,8663,1302,0,194,8,3,0,0,0,4165,8,100200
Efectos,8664,1303,0,194,10,3,0,0,0,4165,10,100200
Estilo,8666,1304,64,197,0,47,0,0,2,0,0,100205
Color,8667,1305,144,197,1,47,0,0,2,0,1,100205
Estilo,8668,1306,64,198,0,48,0,0,2,0,0,100205
Color,8669,1307,144,198,1,48,0,0,2,0,1,100205
Peinado,8672,1308,0,200,1,2,0,0,0,0,1,110000
Cejas,8674,1310,0,200,3,2,0,0,0,0,3,110000
Dientes,8675,1311,0,200,4,2,0,0,0,0,4,110000
Púas de hombro,8676,1312,0,200,5,1,0,0,0,0,5,110000
Color de piel,8680,1316,16,200,8,1,0,0,0,0,8,110000
Cara,8681,1317,0,200,9,2,0,0,0,0,9,110000
Color de pelo,8682,1318,0,200,10,2,0,0,0,0,10,110000
Pelaje facial,8683,1319,0,200,11,2,0,0,0,0,11,110000
Pelaje corporal,8684,1320,0,200,12,1,0,0,0,0,12,110000
Color de las púas,8685,1321,0,200,13,1,0,0,0,0,13,110000
Color de los resaltes del pelo,8687,1323,0,200,14,2,0,0,0,0,14,110000
Orejas,8690,1324,0,200,15,2,0,0,0,0,15,110000
Color de ojos,8691,1325,0,200,16,1,0,0,0,0,16,110000
Cabeza,8692,1326,0,200,17,1,0,0,0,0,17,110000
Joyas,8693,1327,0,200,18,1,0,0,0,0,18,110000
Peinado,8702,1328,0,201,1,1,0,0,0,0,1,110000
Orejas,8703,1329,0,201,2,1,0,0,0,0,2,110000
Cabeza,8704,1330,0,201,3,1,0,0,0,0,3,110000
Cejas,8705,1331,0,201,4,1,0,0,0,0,4,110000
Refracción ocular,8708,1334,0,201,7,1,0,0,0,0,7,110000
Dientes,8709,1335,0,201,8,1,0,0,0,0,8,110000
Púas de hombro,8710,1336,0,201,9,1,0,0,0,0,9,110000
Pelaje corporal,8711,1337,0,201,10,1,0,0,0,0,10,110000
Pelaje facial,8712,1338,0,201,11,1,0,0,0,0,11,110000
Color de ojos,8713,1339,0,201,12,1,0,0,0,0,12,110000
Cara,8714,1340,0,201,13,1,0,0,0,0,13,110000
Color de pelo,8715,1341,0,201,14,1,0,0,0,0,14,110000
Color de piel,8716,1342,16,201,15,1,0,0,0,0,15,110000
Color de los resaltes del pelo,8717,1343,0,201,16,1,0,0,0,0,16,110000
Joyas,8718,1344,0,201,17,1,0,0,0,0,17,110000
Color de las púas,8719,1345,0,201,18,1,0,0,0,0,18,110000
Ojo visible,8754,1346,32,200,19,2,0,0,0,0,19,0
Ojo visible,8756,1347,32,201,20,2,0,0,0,0,20,0
Pies,8757,1348,0,200,20,1,0,0,0,0,20,110000
Refracción ocular,8761,1349,0,200,21,2,0,0,0,0,21,110000
Pies,8762,1350,0,201,21,1,0,0,0,0,21,110000
Color de piel,8764,1352,16,195,0,2,0,0,0,0,1,0
Color de piel,8765,1353,16,196,0,2,0,0,0,0,1,0
Cinturón,8770,1355,8,195,2,50,1,0,0,0,37,0
Estilo de barba,8771,1356,0,195,3,2,0,0,0,0,5,0
Peinado,8772,1357,0,195,4,2,0,0,0,0,3,0
Cara,8773,1358,0,195,5,2,0,0,0,0,2,0
Color de gema,8774,1359,2,195,6,50,0,0,0,0,30,0
Color de pelo,8775,1360,2,195,7,2,0,0,0,0,4,0
Color de ojos,8776,1361,2,195,8,2,0,0,0,0,7,0
Peinado,8777,1362,0,196,1,2,0,0,0,0,3,0
Estilo de barba,8778,1363,0,196,2,2,0,0,0,0,5,0
Ojo visible,8779,1364,32,196,3,2,0,0,0,0,8,0
Color de pelo,8781,1366,2,196,5,2,0,0,0,0,4,0
Color de gema,8782,1367,2,196,6,50,0,0,0,0,30,0
Color de ojos,8783,1368,2,196,7,2,0,0,0,0,7,0
Cara,8784,1369,0,196,8,2,0,0,0,0,2,0
Ojo visible,8787,1371,32,195,9,2,0,0,0,0,8,0
Cinturón,8788,1370,8,196,9,50,1,0,0,0,37,0
Orejas,8789,1372,0,1,14,23,0,0,1,0,8,110000
Orejas,8790,1373,0,2,13,23,0,0,1,0,10,110000
Orejas,8791,1374,0,63,10,23,0,0,1,0,9,110000
Orejas,8792,1375,0,64,10,23,0,0,1,0,9,110000
Estilo de cuernos,8793,1376,0,195,10,2,0,0,0,0,11,0
Hand FX,8797,1377,0,195,11,1,0,0,0,0,12,0
Estilo de cuernos,8799,1378,0,196,10,2,0,0,0,0,11,0
Hand FX,8800,1379,0,196,11,1,0,0,0,0,12,0
Color,8801,1380,16,202,1,27,0,0,0,4548,1,0
Nariz,8803,1381,0,202,2,27,0,0,0,4548,2,0
Alas,8804,1382,0,202,3,27,0,0,0,4548,3,0
Cola,8805,1383,0,202,4,27,0,0,0,4548,4,0
Parte de arriba,8806,1384,0,202,5,27,0,0,0,4548,5,0
Diseño,8808,1386,0,202,7,27,0,0,0,4549,7,0
Cejas,8809,1385,0,196,13,2,1,0,0,0,6,0
Cejas,8810,1387,0,195,12,2,1,0,0,0,6,0
Hombro derecho,8842,1388,8,195,13,50,0,0,0,0,32,0
Hombro izquierdo,8843,1389,8,195,14,50,0,0,0,0,31,0
Torso,8844,1390,8,195,15,50,0,0,0,0,36,0
Brazos,8845,1391,8,195,16,50,0,0,0,0,34,0
Piernas,8846,1392,8,195,17,50,0,0,0,0,38,0
Manos,8847,1393,8,195,18,50,0,0,0,0,35,0
Hombro derecho,8848,1394,8,196,14,50,0,0,0,0,32,0
Hombro izquierdo,8849,1395,8,196,15,50,0,0,0,0,31,0
Torso,8850,1396,8,196,16,50,0,0,0,0,36,0
Brazos,8851,1397,8,196,17,50,0,0,0,0,34,0
Manos,8852,1398,8,196,18,50,0,0,0,0,35,0
Piernas,8853,1399,8,196,19,50,0,0,0,0,38,0
Transformación completa,8855,1414,32,202,8,27,0,0,0,0,0,0
Morro,8857,1415,0,206,1,27,0,0,0,4565,2,0
Alas,8860,1416,0,206,2,27,0,0,0,4565,3,0
Cola,8862,1417,0,206,3,27,0,0,0,4565,4,0
Parte de arriba,8863,1418,0,206,4,27,0,0,0,4565,5,0
Color,8864,1419,16,206,5,27,0,0,0,4565,1,0
Transformación completa,8865,1420,32,206,6,27,0,0,0,0,0,0
Color,8906,1432,16,212,0,68,0,0,0,0,0,0
Disfraz,8907,1433,0,212,1,68,0,0,0,0,1,0
