Name_lang,Description_lang,ID,HouseLevelDataID,Field_12_0_0_63967_004,IconFileDataID
Colección de habitaciones inicial,Empieza a construir tu casa con muchas formas de habitaciones básicas. ¡Te damos la bienvenida a tu hogar!,11,35,0,4217590
Decoración exterior,Puedes colocar 200 puntos de adornos en tu terreno.,12,35,1,136065
Armilla luzhogar,"Obtendrás una armilla luzhogar, un impresionante dispositivo capaz de manipular la luz ambiental del interior y los alrededores de la casa de su dueño, ya sea para atenuarla o intensificarla.|n|nPuedes comprarle más armillas al Último Arquitecto de tu vecindario.",23,52,0,7487068
Exteriores de casa de tamaño medio,Ahora puedes usar exteriores de casa de tamaño medio para tu casa.,24,53,0,7252953
Bonificaciones de presupuesto para colocación de habitaciones y adornos,"Los presupuestos para la colocación de habitaciones y adornos de este nivel han aumentado en gran medida (+10 para habitaciones, +500 para adornos).",26,55,0,135769
Bonificaciones de presupuesto para colocación de habitaciones y adornos,"Los presupuestos para la colocación de habitaciones y adornos de este nivel han aumentado en gran medida (+10 para habitaciones, +500 para adornos).",27,56,0,135769
Decoración exterior aumentada,"Ahora puedes colocar 50 puntos adicionales de adornos en tu terreno, por un total de 250.",30,30,0,136065
Decoración exterior aumentada,"Ahora puedes colocar 50 puntos adicionales de adornos en tu terreno, para un total de 300.",38,34,0,136065
Decoración exterior aumentada,"Ahora puedes colocar 50 puntos adicionales de adornos en tu terreno, para un total de 350.",39,55,1,136065
