ID,Title_lang,Description_lang,WorldPosition[0],WorldPosition[1],Type,PlayerConditionID,QuestID,LfgDungeonID,RewardItemID,UiTextureAtlasMemberID,UiTextureKitID,MapID,AreaTableID
1,Solo Alleanza!,,0,0,0,6617,0,0,124562,0,232,-1,0
3,Azsuna,"Azsuna, un tempo un idilliaco paradiso, è sotto attacco: la Legione fa piovere morte dall'alto, i Naga della Regina Azshara sorgono dalle profondità e i fantasmi maledetti dei precedenti abitanti dell'isola si aggirano inquieti. Tutti sembrano attratti da un grande potere nascosto nelle profondità delle rovine elfiche.",625,6355,1,39938,39718,0,0,0,0,1220,0
4,Val'sharah,L'antica foresta di Val'sharah è la dimora del semidio Cenarius e il luogo di nascita del druidismo. Malfurion Grantempesta è tornato in questi sacri boschi per entrare in comunione con il suo grande mentore e rivendicare le Lacrime di Elune.,3265,6241,1,39935,39731,0,0,0,0,1220,0
6,Stromheim,"Re Genn Mantogrigio intende guidare la possente Fuoco Celeste verso i picchi di Stromheim, alla ricerca dell'Egida di Aggramar. Purtroppo, su questa terra sorge la capitale di un antico clan dei Vrykul. Anche il loro capo è alla ricerca dell'Egida, e non si fermerà davanti a nulla per ottenerne il potere.",3117,1954,1,39937,39735,0,0,0,0,1220,0
7,Stromheim,"La Capoguerra Sylvanas Ventolesto è in procinto di guidare la propria flotta personale verso i picchi di Stromheim, alla ricerca dell'Egida di Aggramar. Purtroppo, su questa terra sorge la capitale di un antico clan dei Vrykul. Anche il loro capo è alla ricerca dell'Egida, e non si fermerà davanti a nulla per ottenerne il potere.",3117,1954,1,39939,39864,0,0,0,0,1220,0
8,Alto Monte,"Alto Monte, una delle ultime grandi frontiere delle Isole Disperse, domina l'orizzonte settentrionale con il suo picco scheggiato. I suoi pericolosi crinali sono la dimora di una nobile tribù di Tauren e dei brutali Drogbar: la loro fragile pace sarà messa a dura prova dall'avanzata della Legione.",4926,4256,1,39936,39733,0,0,0,0,1220,0
9,Prova offerta missione,Descrizione prova offerta missione.,-9344.97,-2279.12,1,5703,47512,0,0,0,0,-1,0
12,"worldport 1116, 6971.02, 1004.63, 398.974, 299.925",Prova per insetti,6279,-26.6,0,5703,36810,0,0,0,0,1116,0
14,Santuario della Luce,,-3200,9255,3,37830,0,0,0,5608,0,0,2268
15,Caccia al Demone: Terrore Alato Ikzil,Il tuo campione ha trovato un potente demone che deve essere eliminato.,625,6455,2,37103,39885,0,0,0,0,1220,0
16,Echi del passato,Il tuo campione ha trovato un antico comunicatore dei Titani.,2900,5400,2,37136,39886,0,0,0,0,1220,0
17,"worldport 533, 2719.85, -3098.21, 267.686, 285.619",Prova per insetti 2,2719,-3098,0,5703,36810,0,0,0,0,533,0
18,"worldport 0, 2368.83, -5353.17, 52.6645, 315.291",Prova per insetti 3,2368,-5353,0,5703,36810,0,0,0,0,0,0
20,Sale del Valore,,-3200,10000,3,37831,0,0,0,5613,0,1479,7813
21,Offerta di prova,Prova,2900,5400,3,5703,0,0,128966,0,0,-1,0
22,"Acherus, la Roccaforte d'Ebano",,-3200,10000,3,37835,0,0,0,5601,0,1220,7743
23,Vilmartello,,-3200,10000,3,37841,0,0,0,5602,0,1481,8023
24,Rifugio Tirosaldo,,-3200,9255,3,37832,0,0,0,5605,0,1220,7877
25,Bosco dei Sogni,,-3200,10000,3,37840,0,0,0,5603,0,1220,7846
26,Sale dei Guardiani,,-3200,9255,3,37837,0,0,0,5606,0,1513,7879
27,Isola Errante,,-3200,10000,3,37839,0,0,0,5607,0,1514,7902
28,Tempio di Lucefatua,,-3200,10000,3,37834,0,0,0,5609,0,1512,7834
29,Dimora delle Ombre,,-3200,9255,3,37833,0,0,0,5610,0,1220,8011
30,Maelstrom,,-3200,9255,3,37836,0,0,0,5611,0,1469,7745
31,Faglia Malosfregio,,-3200,9255,3,37838,0,0,0,5612,0,1522,7875
32,Suramar,"Dopo 10.000 anni di isolamento, gli Elfi Nobili Oscuri hanno abbassato la barriera magica a protezione della città di Suramar, permettendo a Gul'dan di accedere a una fonte di incredibile potere: il Pozzo Oscuro. In seguito al fallito tentativo di detronizzazione della Gran Magistra Elisande, un piccolo gruppo di esuli desidera risvegliare il potere di questa antica terra per liberare Suramar dalla morsa della Legione.",1778.3,4348.73,1,44817,44555,0,0,0,0,1220,0
40,Zuldazar,Ottieni la fiducia di Re Rastakhan e del Concilio degli Zanchuli.,-1489.27,1024.34,1,54073,47514,0,0,0,0,1642,0
41,Nazmir,Raggiungi le oscure paludi di Nazmir con la Principessa Talanji e metti fine alla minaccia dei Troll del Sangue.,1920.37,939.103,1,54075,47512,0,0,0,0,1642,0
42,Vol'dun,I segreti del Generale Jakra'zet si nascondono da qualche parte nelle sabbie. Raggiungi le dune e recupera le prove per rimuoverlo dalla sua posizione di potere.,2545.47,3837.28,1,54076,47513,0,0,0,0,1642,0
43,Baia di Tiragarde,Smaschera la corruzione a Boralus e ottieni la fiducia di Katherine Marefiero.,584.562,-77.9022,1,61846,47960,0,0,0,0,1643,0
44,Drustvar,Ser e Dama Crestabianca sono solidi alleati dei Marefiero. Investiga la loro improvvisa assenza e le preoccupanti voci provenienti da Drustvar.,-454.389,2574.49,1,61848,47961,0,0,0,0,1643,0
45,Valle dei Sacraonda,La leggendaria flotta di Kul Tiras è scomparsa. Ottieni delle risposte dai mistici dell'oceano della Casata Sacraonda.,2513.85,537.756,1,61849,47962,0,0,0,0,1643,0
148,Baia di Tiragarde,Aiuta il Cacciatore dell'Ombra Ty'jin alla Baia di Tiragarde.,-295,-1473,1,61822,51800,0,0,0,262,1643,0
149,Drustvar,Aiuta Gallywix e Eitrigg a Drustvar.,-413,4110,1,61823,51801,0,0,0,262,1643,0
150,Valle dei Sacraonda,Aiuta Rexxar nella Valle dei Sacraonda.,3941,469,1,61824,51802,0,0,0,262,1643,0
151,Zuldazar,Aiuta Kelsey Ferfavilla a Zuldazar.,-1410,-663,1,61798,51570,0,0,0,261,1642,0
152,Nazmir,Aiuta Brann Barbabronzea a Nazmir.,2084,184,1,61800,51571,0,0,0,261,1642,0
153,Vol'dun,Aiuta le forze dell'Alleanza a Vol'dun.,2840,4199,1,61799,51572,0,0,0,261,1642,0
161,Sala di Skoldus,Il Custode Skoldus e le sue bestie feroci tormentano le anime prigioniere in queste sale.,300,700,1,34450,60092,0,0,0,0,2162,0
162,Stanze delle Fratture,"I prigionieri di Maldraxxus vengono tenuti in queste stanze, le loro ossa spezzate in continuazione.",325,300,1,34450,60099,0,0,0,0,2162,0
163,Forge dell'Anima,Forge incandescenti che fondono letteralmente le anime per farne armature e armi ed equipaggiare l'esercito del Carceriere.,400,700,1,34450,60100,0,0,0,0,2162,0
164,Interstizi degli Animamorta,"Un posto strano e mutevole tra le celle, pieno di ombre di anime tormentate talmente a lungo da aver dimenticato chi fossero una volta.",425,300,1,34450,60101,0,0,0,0,2162,0
165,Cacofonus,"Il nido dei Kyrian Giurafauce, esposto a venti continui.",500,700,1,34450,60102,0,0,0,0,2162,0
166,Ala dei Fallimenti,"Necromanti e Torcispiriti eseguono qui i loro esperimenti sulle anime, trasformandole in orribili e oscure mostruosità.",525,300,1,34450,60103,0,0,0,0,2162,0
167,Dominio dell'Oscurità,"Un luogo quasi intonso dalla luce. Dietro ogni angolo si nascondono ladri furtivi, segugi, topi, mangiatori di anime e fantasmi di caduti dimenticati.",600,700,1,34450,60104,0,0,0,0,2162,0
168,Campanile della Mangiapeccati,Una casa temporanea per i Venthyr leali al Carceriere.,625,300,1,34450,60105,0,0,0,0,2162,0
169,Bastioni Superiori,Sede dei prigionieri più preziosi del Carceriere... e dei suoi luogotenenti più pericolosi.,700,700,1,34450,60106,0,0,0,0,2162,0
171,Sale Serpeggianti,"Una sezione di Torgast apparentemente senza inizio né fine... solo sale infinite, che salgono, una dopo l'altra...",250,500,1,34450,60107,0,0,0,0,2162,0
172,Bastione,Coloro che hanno vissuto una vita al servizio degli altri sono attirati al Bastione per portare le anime alle Terretetre.,-2000,-4600,1,87724,62275,0,0,0,0,2222,0
173,Maldraxxus,"Maldraxxus è la culla della magia necrotica, dove prosperano le anime ambiziose.",2500,-2000,1,87723,62278,0,0,0,0,2222,0
174,Selvarden,Selvarden è un regno di eterna rigenerazione di cui si prendono cura i Silfi della Notte.,-7000,800,1,87725,62277,0,0,0,0,2222,0
175,Revendreth,"Revendreth è la dimora dei Venthyr, i mietitori dei peccati. Le anime sventurate arrivano qui per trovare la redenzione... ed evitare il tormento eterno nella Fauce.",-2500,7000,1,87726,62279,0,0,0,0,2222,0
176,Torgast,"Torgast è il centro del potere del Carceriere. Un tempo prigione per le anime più pericolose del cosmo, ora ospita molti innocenti condannati a essere torturati per tutta l'eternità.",3500,7000,1,93245,64846,0,0,0,0,2222,0
177,Campi di Battaglia,"Gli Alienatori di Oribos stanno reclutando concorrenti pronti a combattersi l'un l'altro nei campi di battaglia del conflitto, così che possano osservare e imparare.",-2100,1300,1,93585,65031,0,0,0,0,2222,0
178,Portale dei Giardini di Smeraldo,"Una pietra dormiente e dimenticata da lungo tempo, nascosta nelle rigogliose e verdeggianti colline delle Pianure di Ohn'ahra.",-1379.76,4499.69,1,101296,70706,0,0,0,0,2444,0
181,Sponde del Risveglio,Le Sponde del Risveglio è dove risiedono gli Stormi dei Draghi Neri e Rossi.,3200,0,1,103950,72266,0,0,0,0,2444,0
182,Pianure di Ohn'ahra,Le Pianure di Ohn'ahra è dove risiedono i Centauri e lo Stormo dei Draghi Verdi.,-1000,2600,1,103951,72267,0,0,0,0,2444,0
183,Vastità Azzurra,La Vastità Azzurra è dove risiedeva lo Stormo dei Draghi Blu.,-3300,-1000,1,103952,72268,0,0,0,0,2444,0
184,Thaldraszus,Thaldraszus è la sede degli Aspetti dei Draghi e dove risiede lo Stormo dei Draghi di Bronzo.,0,-2000,1,103953,72269,0,0,0,0,2444,0
185,Theramore,Indaga sul gruppo di Maghi Ladri alle rovine di Theramore.,-2000,6000,1,110001,72939,0,0,0,0,-1,14620
186,Fontefredda,Raggiungi Haleh presso il suo manufatto a Fontefredda.,1750,5500,1,110002,72656,0,0,0,0,-1,14620
187,Foresta di Cristallo,Correggi un antico torto nella Foresta di Cristallo.,6500,500,1,110003,73091,0,0,0,0,-1,14620
188,Foresta di Giada,"Riunisciti alla vecchia amica di Kalecgos, Kirygosa, nella Foresta di Giada.",-5200,250,1,110004,73227,0,0,0,0,-1,14620
189,Baia del Bottino,"Salva Zeros, un Drago Blu in debito con la Baia del Bottino.",-4200,-8500,1,105628,73026,0,0,0,0,-1,14620
190,Isola di Dorn,L'Isola di Dorn è dimora degli Ossequenti di Dornogal e degli Svincolati di Borgo Frey.,2514,-3270,1,125031,83548,0,0,0,0,2552,0
191,Profondità Risonanti,Le Profondità Risonanti ospitano i diligenti Oratori delle Macchine e gli intraprendenti Coboldi.,1775,-3533,1,125033,83550,0,0,0,0,2601,0
192,Precipizi Sacri,I Precipizi Sacri sono la casa degli strenui sopravvissuti di una spedizione degli Arathi.,2367,230,1,125034,83551,0,0,0,0,2601,0
193,Azj-Kahet,"Azj-Kahet è la terra dei Nerubiani e sede della loro capitale, la Città dei Fili.",-802,-1395,1,125035,83552,0,0,0,0,2601,0
194,Zul'aman,Segui Liadrin nella patria dei Troll Amani.,5404.69,-7046.35,1,151976,86708,0,0,0,0,0,0
195,Cantoeterno,Unisciti ad Arator mentre indaga sulle minacce alla casa degli Elfi del Sangue.,6480.73,-4516.15,1,151975,94871,0,0,0,0,0,0
196,Harandar,Addentrati nelle radici con Orweyna.,9862.7,-13061.8,1,151977,89402,0,0,0,0,0,0
197,Il viaggio di Arator,Aiuta Arator a sostenere i protettori del Pozzo Solare.,8457.34,-4624.25,1,151979,89193,0,0,0,0,0,0
198,Tempesta del Vuoto,Attacca lo Sciame Famelico e la sua roccaforte nella Tempesta del Vuoto.,9000,-8623,1,151978,89388,0,0,0,0,0,0
206,Magistro Spezzasole,Modalità: Normale,7500,-4050,2,140507,91095,0,0,0,0,0,0
207,Magistro Spezzasole,Modalità: Normale,6000,-7050,2,140910,91095,0,0,0,0,0,0
208,Magistro Spezzasole,Modalità: Normale,11000,-12600,2,140913,91095,0,0,0,0,0,0
209,Magistro Spezzasole,Modalità: Normale,10500,-8500,2,140916,91095,0,0,0,0,0,0
210,Magistra Frustabraci,Modalità: Normale,7500,-4050,2,140926,91096,0,0,0,0,0,0
211,Meccanista Anziano Ozwold,Modalità: Normale,7500,-4050,2,140939,91097,0,0,0,0,0,0
212,3L-3N-0R la Riciclatrice,Modalità: Normale,7500,-4050,2,140955,91098,0,0,0,0,0,0
213,Mordril Cupombra,Modalità: Normale,7500,-4050,2,140967,91099,0,0,0,0,0,0
214,Deliah Cantotetro,Modalità: Normale,7500,-4050,2,140979,91100,0,0,0,0,0,0
215,Lama Spettrale Talasha,Modalità: Normale,7500,-4050,2,140991,91101,0,0,0,0,0,0
216,Lama del Nexus Hadim,Modalità: Normale,7500,-4050,2,141003,91102,0,0,0,0,0,0
217,Jo'zolo il Distruttore,Modalità: Normale,7500,-4050,2,141015,91103,0,0,0,0,0,0
218,"Zadu, Pugno di Nalorakk",Modalità: Normale,7500,-4050,2,141027,91104,0,0,0,0,0,0
219,Artiglio di Jan'alai,Modalità: Normale,7500,-4050,2,141039,91105,0,0,0,0,0,0
220,Ala di Akil'zon,Modalità: Normale,7500,-4050,2,141051,91106,0,0,0,0,0,0
221,Guardaboschi Radalampo,Modalità: Normale,7500,-4050,2,141063,91107,0,0,0,0,0,0
222,Tenente Alafiamma,Modalità: Normale,7500,-4050,2,141075,91108,0,0,0,0,0,0
223,Petyoll la Fogliafina,Modalità: Normale,7500,-4050,2,141087,91109,0,0,0,0,0,0
224,Lamyne della Cripta,Modalità: Normale,7500,-4050,2,141099,91110,0,0,0,0,0,0
225,Gran Vendicatore Vureem,Modalità: Normale,7500,-4050,2,141111,91111,0,0,0,0,0,0
226,Crociata Luxia Maxwell,Modalità: Normale,7500,-4050,2,141123,91112,0,0,0,0,0,0
227,Pretore Singularis,Modalità: Normale,7500,-4050,2,141135,91113,0,0,0,0,0,0
228,Console Nebulor,Modalità: Normale,7500,-4050,2,141147,91114,0,0,0,0,0,0
229,Esecutore Kaenius,Modalità: Normale,7500,-4050,2,141159,91115,0,0,0,0,0,0
230,Imperatore Enigmalia,Modalità: Normale,7500,-4050,2,141171,91116,0,0,0,0,0,0
231,Cavaliere Errante Spezzasangue,Modalità: Normale,7500,-4050,2,141183,91117,0,0,0,0,0,0
232,Vylenna la Disertrice,Modalità: Normale,7500,-4050,2,141195,91118,0,0,0,0,0,0
233,Theldrin Perduto,Modalità: Normale,7500,-4050,2,141207,91119,0,0,0,0,0,0
234,Neydra l'Affamata,Modalità: Normale,7500,-4050,2,141219,91120,0,0,0,0,0,0
235,Edgath Cantaspine,Modalità: Normale,7500,-4050,2,141231,91121,0,0,0,0,0,0
236,Strega dei Rovi Liset,Modalità: Normale,7500,-4050,2,141243,91122,0,0,0,0,0,0
237,"Grothoz, l'Ombra Bruciante",Modalità: Normale,7500,-4050,2,141255,91123,0,0,0,0,0,0
238,"Dengzag, la Fiammata Oscurata",Modalità: Normale,7500,-4050,2,141267,91124,0,0,0,0,0,0
239,Magistra Frustabraci,Modalità: Normale,6000,-7050,2,140929,91096,0,0,0,0,0,0
240,Meccanista Anziano Ozwold,Modalità: Normale,6000,-7050,2,140943,91097,0,0,0,0,0,0
241,3L-3N-0R la Riciclatrice,Modalità: Normale,6000,-7050,2,140958,91098,0,0,0,0,0,0
242,Mordril Cupombra,Modalità: Normale,6000,-7050,2,140970,91099,0,0,0,0,0,0
243,Deliah Cantotetro,Modalità: Normale,6000,-7050,2,140982,91100,0,0,0,0,0,0
244,Lama Spettrale Talasha,Modalità: Normale,6000,-7050,2,140994,91101,0,0,0,0,0,0
245,Lama del Nexus Hadim,Modalità: Normale,6000,-7050,2,141006,91102,0,0,0,0,0,0
246,Jo'zolo il Distruttore,Modalità: Normale,6000,-7050,2,141018,91103,0,0,0,0,0,0
247,"Zadu, Pugno di Nalorakk",Modalità: Normale,6000,-7050,2,141030,91104,0,0,0,0,0,0
248,Artiglio di Jan'alai,Modalità: Normale,6000,-7050,2,141042,91105,0,0,0,0,0,0
249,Ala di Akil'zon,Modalità: Normale,6000,-7050,2,141054,91106,0,0,0,0,0,0
250,Guardaboschi Radalampo,Modalità: Normale,6000,-7050,2,141066,91107,0,0,0,0,0,0
251,Tenente Alafiamma,Modalità: Normale,6000,-7050,2,141078,91108,0,0,0,0,0,0
252,Petyoll la Fogliafina,Modalità: Normale,6000,-7050,2,141090,91109,0,0,0,0,0,0
253,Lamyne della Cripta,Modalità: Normale,6000,-7050,2,141102,91110,0,0,0,0,0,0
254,Gran Vendicatore Vureem,Modalità: Normale,6000,-7050,2,141114,91111,0,0,0,0,0,0
255,Crociata Luxia Maxwell,Modalità: Normale,6000,-7050,2,141126,91112,0,0,0,0,0,0
256,Pretore Singularis,Modalità: Normale,6000,-7050,2,141138,91113,0,0,0,0,0,0
257,Console Nebulor,Modalità: Normale,6000,-7050,2,141150,91114,0,0,0,0,0,0
258,Esecutore Kaenius,Modalità: Normale,6000,-7050,2,141162,91115,0,0,0,0,0,0
259,Imperatore Enigmalia,Modalità: Normale,6000,-7050,2,141174,91116,0,0,0,0,0,0
260,Cavaliere Errante Spezzasangue,Modalità: Normale,6000,-7050,2,141186,91117,0,0,0,0,0,0
261,Vylenna la Disertrice,Modalità: Normale,6000,-7050,2,141198,91118,0,0,0,0,0,0
262,Theldrin Perduto,Modalità: Normale,6000,-7050,2,141210,91119,0,0,0,0,0,0
263,Neydra l'Affamata,Modalità: Normale,6000,-7050,2,141222,91120,0,0,0,0,0,0
264,Edgath Cantaspine,Modalità: Normale,6000,-7050,2,141234,91121,0,0,0,0,0,0
265,Strega dei Rovi Liset,Modalità: Normale,6000,-7050,2,141246,91122,0,0,0,0,0,0
266,"Grothoz, l'Ombra Bruciante",Modalità: Normale,6000,-7050,2,141258,91123,0,0,0,0,0,0
267,"Dengzag, la Fiammata Oscurata",Modalità: Normale,6000,-7050,2,141270,91124,0,0,0,0,0,0
268,Magistra Frustabraci,Modalità: Normale,11000,-12600,2,140932,91096,0,0,0,0,0,0
269,Meccanista Anziano Ozwold,Modalità: Normale,11000,-12600,2,140947,91097,0,0,0,0,0,0
270,3L-3N-0R la Riciclatrice,Modalità: Normale,11000,-12600,2,140961,91098,0,0,0,0,0,0
271,Mordril Cupombra,Modalità: Normale,11000,-12600,2,140973,91099,0,0,0,0,0,0
272,Deliah Cantotetro,Modalità: Normale,11000,-12600,2,140985,91100,0,0,0,0,0,0
273,Lama Spettrale Talasha,Modalità: Normale,11000,-12600,2,140997,91101,0,0,0,0,0,0
274,Lama del Nexus Hadim,Modalità: Normale,11000,-12600,2,141009,91102,0,0,0,0,0,0
275,Jo'zolo il Distruttore,Modalità: Normale,11000,-12600,2,141021,91103,0,0,0,0,0,0
276,"Zadu, Pugno di Nalorakk",Modalità: Normale,11000,-12600,2,141033,91104,0,0,0,0,0,0
277,Artiglio di Jan'alai,Modalità: Normale,11000,-12600,2,141045,91105,0,0,0,0,0,0
278,Ala di Akil'zon,Modalità: Normale,11000,-12600,2,141057,91106,0,0,0,0,0,0
279,Guardaboschi Radalampo,Modalità: Normale,11000,-12600,2,141069,91107,0,0,0,0,0,0
280,Tenente Alafiamma,Modalità: Normale,11000,-12600,2,141081,91108,0,0,0,0,0,0
281,Petyoll la Fogliafina,Modalità: Normale,11000,-12600,2,141093,91109,0,0,0,0,0,0
282,Lamyne della Cripta,Modalità: Normale,11000,-12600,2,141105,91110,0,0,0,0,0,0
283,Gran Vendicatore Vureem,Modalità: Normale,11000,-12600,2,141117,91111,0,0,0,0,0,0
284,Crociata Luxia Maxwell,Modalità: Normale,11000,-12600,2,141129,91112,0,0,0,0,0,0
285,Pretore Singularis,Modalità: Normale,11000,-12600,2,141141,91113,0,0,0,0,0,0
286,Console Nebulor,Modalità: Normale,11000,-12600,2,141153,91114,0,0,0,0,0,0
287,Esecutore Kaenius,Modalità: Normale,11000,-12600,2,141165,91115,0,0,0,0,0,0
288,Imperatore Enigmalia,Modalità: Normale,11000,-12600,2,141177,91116,0,0,0,0,0,0
289,Cavaliere Errante Spezzasangue,Modalità: Normale,11000,-12600,2,141189,91117,0,0,0,0,0,0
290,Vylenna la Disertrice,Modalità: Normale,11000,-12600,2,141201,91118,0,0,0,0,0,0
291,Theldrin Perduto,Modalità: Normale,11000,-12600,2,141213,91119,0,0,0,0,0,0
292,Neydra l'Affamata,Modalità: Normale,11000,-12600,2,141225,91120,0,0,0,0,0,0
293,Edgath Cantaspine,Modalità: Normale,11000,-12600,2,141237,91121,0,0,0,0,0,0
294,Strega dei Rovi Liset,Modalità: Normale,11000,-12600,2,141249,91122,0,0,0,0,0,0
295,"Grothoz, l'Ombra Bruciante",Modalità: Normale,11000,-12600,2,141261,91123,0,0,0,0,0,0
296,"Dengzag, la Fiammata Oscurata",Modalità: Normale,11000,-12600,2,141273,91124,0,0,0,0,0,0
297,Magistra Frustabraci,Modalità: Normale,10500,-8500,2,140935,91096,0,0,0,0,0,0
298,Meccanista Anziano Ozwold,Modalità: Normale,10500,-8500,2,140950,91097,0,0,0,0,0,0
299,3L-3N-0R la Riciclatrice,Modalità: Normale,10500,-8500,2,140964,91098,0,0,0,0,0,0
300,Mordril Cupombra,Modalità: Normale,10500,-8500,2,140976,91099,0,0,0,0,0,0
301,Deliah Cantotetro,Modalità: Normale,10500,-8500,2,140988,91100,0,0,0,0,0,0
302,Lama Spettrale Talasha,Modalità: Normale,10500,-8500,2,141000,91101,0,0,0,0,0,0
303,Lama del Nexus Hadim,Modalità: Normale,10500,-8500,2,141012,91102,0,0,0,0,0,0
304,Jo'zolo il Distruttore,Modalità: Normale,10500,-8500,2,141024,91103,0,0,0,0,0,0
305,"Zadu, Pugno di Nalorakk",Modalità: Normale,10500,-8500,2,141036,91104,0,0,0,0,0,0
306,Artiglio di Jan'alai,Modalità: Normale,10500,-8500,2,141048,91105,0,0,0,0,0,0
307,Ala di Akil'zon,Modalità: Normale,10500,-8500,2,141060,91106,0,0,0,0,0,0
308,Guardaboschi Radalampo,Modalità: Normale,10500,-8500,2,141072,91107,0,0,0,0,0,0
309,Tenente Alafiamma,Modalità: Normale,10500,-8500,2,141084,91108,0,0,0,0,0,0
310,Petyoll la Fogliafina,Modalità: Normale,10500,-8500,2,141096,91109,0,0,0,0,0,0
311,Lamyne della Cripta,Modalità: Normale,10500,-8500,2,141108,91110,0,0,0,0,0,0
312,Gran Vendicatore Vureem,Modalità: Normale,10500,-8500,2,141120,91111,0,0,0,0,0,0
313,Crociata Luxia Maxwell,Modalità: Normale,10500,-8500,2,141132,91112,0,0,0,0,0,0
314,Pretore Singularis,Modalità: Normale,10500,-8500,2,141144,91113,0,0,0,0,0,0
315,Console Nebulor,Modalità: Normale,10500,-8500,2,141156,91114,0,0,0,0,0,0
316,Esecutore Kaenius,Modalità: Normale,10500,-8500,2,141168,91115,0,0,0,0,0,0
317,Imperatore Enigmalia,Modalità: Normale,10500,-8500,2,141180,91116,0,0,0,0,0,0
318,Cavaliere Errante Spezzasangue,Modalità: Normale,10500,-8500,2,141192,91117,0,0,0,0,0,0
319,Vylenna la Disertrice,Modalità: Normale,10500,-8500,2,141204,91118,0,0,0,0,0,0
320,Theldrin Perduto,Modalità: Normale,10500,-8500,2,141216,91119,0,0,0,0,0,0
321,Neydra l'Affamata,Modalità: Normale,10500,-8500,2,141228,91120,0,0,0,0,0,0
322,Edgath Cantaspine,Modalità: Normale,10500,-8500,2,141240,91121,0,0,0,0,0,0
323,Strega dei Rovi Liset,Modalità: Normale,10500,-8500,2,141252,91122,0,0,0,0,0,0
324,"Grothoz, l'Ombra Bruciante",Modalità: Normale,10500,-8500,2,141264,91123,0,0,0,0,0,0
325,"Dengzag, la Fiammata Oscurata",Modalità: Normale,10500,-8500,2,141276,91124,0,0,0,0,0,0
326,Magistro Spezzasole,Modalità: Difficile,7000,-5300,2,140908,91210,0,0,0,0,0,0
327,Magistro Spezzasole,Modalità: Incubo,5500,-4450,2,140909,91211,0,0,0,0,0,0
328,Magistro Spezzasole,Modalità: Difficile,4300,-6500,2,140911,91210,0,0,0,0,0,0
329,Magistro Spezzasole,Modalità: Incubo,3900,-7800,2,140912,91211,0,0,0,0,0,0
330,Magistro Spezzasole,Modalità: Difficile,11300,-13400,2,140914,91210,0,0,0,0,0,0
331,Magistro Spezzasole,Modalità: Incubo,10300,-13250,2,140915,91211,0,0,0,0,0,0
332,Magistro Spezzasole,Modalità: Difficile,9650,-8250,2,140917,91210,0,0,0,0,0,0
333,Magistro Spezzasole,Modalità: Incubo,9850,-9150,2,140918,91211,0,0,0,0,0,0
334,Magistra Frustabraci,Modalità: Difficile,7000,-5300,2,140927,91212,0,0,0,0,0,0
335,Magistra Frustabraci,Modalità: Incubo,5500,-4450,2,140928,91213,0,0,0,0,0,0
336,Magistra Frustabraci,Modalità: Difficile,4300,-6500,2,140930,91212,0,0,0,0,0,0
337,Magistra Frustabraci,Modalità: Incubo,3900,-7800,2,140931,91213,0,0,0,0,0,0
338,Magistra Frustabraci,Modalità: Difficile,11300,-13400,2,140933,91212,0,0,0,0,0,0
339,Magistra Frustabraci,Modalità: Incubo,10300,-13250,2,140934,91213,0,0,0,0,0,0
340,Magistra Frustabraci,Modalità: Difficile,9650,-8250,2,140936,91212,0,0,0,0,0,0
341,Magistra Frustabraci,Modalità: Incubo,9850,-9150,2,140937,91213,0,0,0,0,0,0
342,Meccanista Anziano Ozwold,Modalità: Difficile,7000,-5300,2,140941,91214,0,0,0,0,0,0
343,Meccanista Anziano Ozwold,Modalità: Incubo,5500,-4450,2,140942,91215,0,0,0,0,0,0
344,Meccanista Anziano Ozwold,Modalità: Difficile,4300,-6500,2,140944,91214,0,0,0,0,0,0
345,Meccanista Anziano Ozwold,Modalità: Incubo,3900,-7800,2,140945,91215,0,0,0,0,0,0
346,Meccanista Anziano Ozwold,Modalità: Difficile,11300,-13400,2,140948,91214,0,0,0,0,0,0
347,Meccanista Anziano Ozwold,Modalità: Incubo,10300,-13250,2,140949,91215,0,0,0,0,0,0
348,Meccanista Anziano Ozwold,Modalità: Difficile,9650,-8250,2,140952,91214,0,0,0,0,0,0
349,Meccanista Anziano Ozwold,Modalità: Incubo,9850,-9150,2,140953,91215,0,0,0,0,0,0
350,3L-3N-0R la Riciclatrice,Modalità: Difficile,7000,-5300,2,140956,91216,0,0,0,0,0,0
351,3L-3N-0R la Riciclatrice,Modalità: Incubo,5500,-4450,2,140957,91217,0,0,0,0,0,0
352,3L-3N-0R la Riciclatrice,Modalità: Difficile,4300,-6500,2,140959,91216,0,0,0,0,0,0
353,3L-3N-0R la Riciclatrice,Modalità: Incubo,3900,-7800,2,140960,91217,0,0,0,0,0,0
354,3L-3N-0R la Riciclatrice,Modalità: Difficile,11300,-13400,2,140962,91216,0,0,0,0,0,0
355,3L-3N-0R la Riciclatrice,Modalità: Incubo,10300,-13250,2,140963,91217,0,0,0,0,0,0
356,3L-3N-0R la Riciclatrice,Modalità: Difficile,9650,-8250,2,140965,91216,0,0,0,0,0,0
357,3L-3N-0R la Riciclatrice,Modalità: Incubo,9850,-9150,2,140966,91217,0,0,0,0,0,0
358,Mordril Cupombra,Modalità: Difficile,7000,-5300,2,140968,91218,0,0,0,0,0,0
359,Mordril Cupombra,Modalità: Incubo,5500,-4450,2,140969,91219,0,0,0,0,0,0
360,Mordril Cupombra,Modalità: Difficile,4300,-6500,2,140971,91218,0,0,0,0,0,0
361,Mordril Cupombra,Modalità: Incubo,3900,-7800,2,140972,91219,0,0,0,0,0,0
362,Mordril Cupombra,Modalità: Difficile,11300,-13400,2,140974,91218,0,0,0,0,0,0
363,Mordril Cupombra,Modalità: Incubo,10300,-13250,2,140975,91219,0,0,0,0,0,0
364,Mordril Cupombra,Modalità: Difficile,9650,-8250,2,140977,91218,0,0,0,0,0,0
365,Mordril Cupombra,Modalità: Incubo,9850,-9150,2,140978,91219,0,0,0,0,0,0
366,Deliah Cantotetro,Modalità: Difficile,7000,-5300,2,140980,91220,0,0,0,0,0,0
367,Deliah Cantotetro,Modalità: Incubo,5500,-4450,2,140981,91221,0,0,0,0,0,0
368,Deliah Cantotetro,Modalità: Difficile,4300,-6500,2,140983,91220,0,0,0,0,0,0
369,Deliah Cantotetro,Modalità: Incubo,3900,-7800,2,140984,91221,0,0,0,0,0,0
370,Deliah Cantotetro,Modalità: Difficile,11300,-13400,2,140986,91220,0,0,0,0,0,0
371,Deliah Cantotetro,Modalità: Incubo,10300,-13250,2,140987,91221,0,0,0,0,0,0
372,Deliah Cantotetro,Modalità: Difficile,9650,-8250,2,140989,91220,0,0,0,0,0,0
373,Deliah Cantotetro,Modalità: Incubo,9850,-9150,2,140990,91221,0,0,0,0,0,0
374,Lama Spettrale Talasha,Modalità: Difficile,7000,-5300,2,140992,91222,0,0,0,0,0,0
375,Lama Spettrale Talasha,Modalità: Incubo,5500,-4450,2,140993,91223,0,0,0,0,0,0
376,Lama Spettrale Talasha,Modalità: Difficile,4300,-6500,2,140995,91222,0,0,0,0,0,0
377,Lama Spettrale Talasha,Modalità: Incubo,3900,-7800,2,140996,91223,0,0,0,0,0,0
378,Lama Spettrale Talasha,Modalità: Difficile,11300,-13400,2,140998,91222,0,0,0,0,0,0
379,Lama Spettrale Talasha,Modalità: Incubo,10300,-13250,2,140999,91223,0,0,0,0,0,0
380,Lama Spettrale Talasha,Modalità: Difficile,9650,-8250,2,141001,91222,0,0,0,0,0,0
381,Lama Spettrale Talasha,Modalità: Incubo,9850,-9150,2,141002,91223,0,0,0,0,0,0
382,Lama del Nexus Hadim,Modalità: Difficile,7000,-5300,2,141004,91224,0,0,0,0,0,0
383,Lama del Nexus Hadim,Modalità: Incubo,5500,-4450,2,141005,91225,0,0,0,0,0,0
384,Lama del Nexus Hadim,Modalità: Difficile,4300,-6500,2,141007,91224,0,0,0,0,0,0
385,Lama del Nexus Hadim,Modalità: Incubo,3900,-7800,2,141008,91225,0,0,0,0,0,0
386,Lama del Nexus Hadim,Modalità: Difficile,11300,-13400,2,141010,91224,0,0,0,0,0,0
387,Lama del Nexus Hadim,Modalità: Incubo,10300,-13250,2,141011,91225,0,0,0,0,0,0
388,Lama del Nexus Hadim,Modalità: Difficile,9650,-8250,2,141013,91224,0,0,0,0,0,0
389,Lama del Nexus Hadim,Modalità: Incubo,9850,-9150,2,141014,91225,0,0,0,0,0,0
390,Jo'zolo il Distruttore,Modalità: Difficile,7000,-5300,2,141016,91226,0,0,0,0,0,0
391,Jo'zolo il Distruttore,Modalità: Incubo,5500,-4450,2,141017,91227,0,0,0,0,0,0
392,Jo'zolo il Distruttore,Modalità: Difficile,4300,-6500,2,141019,91226,0,0,0,0,0,0
393,Jo'zolo il Distruttore,Modalità: Incubo,3900,-7800,2,141020,91227,0,0,0,0,0,0
394,Jo'zolo il Distruttore,Modalità: Difficile,11300,-13400,2,141022,91226,0,0,0,0,0,0
395,Jo'zolo il Distruttore,Modalità: Incubo,10300,-13250,2,141023,91227,0,0,0,0,0,0
396,Jo'zolo il Distruttore,Modalità: Difficile,9650,-8250,2,141025,91226,0,0,0,0,0,0
397,Jo'zolo il Distruttore,Modalità: Incubo,9850,-9150,2,141026,91227,0,0,0,0,0,0
398,"Zadu, Pugno di Nalorakk",Modalità: Difficile,7000,-5300,2,141028,91228,0,0,0,0,0,0
399,"Zadu, Pugno di Nalorakk",Modalità: Incubo,5500,-4450,2,141029,91229,0,0,0,0,0,0
400,"Zadu, Pugno di Nalorakk",Modalità: Difficile,4300,-6500,2,141031,91228,0,0,0,0,0,0
401,"Zadu, Pugno di Nalorakk",Modalità: Incubo,3900,-7800,2,141032,91229,0,0,0,0,0,0
402,"Zadu, Pugno di Nalorakk",Modalità: Difficile,11300,-13400,2,141034,91228,0,0,0,0,0,0
403,"Zadu, Pugno di Nalorakk",Modalità: Incubo,10300,-13250,2,141035,91229,0,0,0,0,0,0
404,"Zadu, Pugno di Nalorakk",Modalità: Difficile,9650,-8250,2,141037,91228,0,0,0,0,0,0
405,"Zadu, Pugno di Nalorakk",Modalità: Incubo,9850,-9150,2,141038,91229,0,0,0,0,0,0
406,Artiglio di Jan'alai,Modalità: Difficile,7000,-5300,2,141040,91230,0,0,0,0,0,0
407,Artiglio di Jan'alai,Modalità: Incubo,5500,-4450,2,141041,91231,0,0,0,0,0,0
408,Artiglio di Jan'alai,Modalità: Difficile,4300,-6500,2,141043,91230,0,0,0,0,0,0
409,Artiglio di Jan'alai,Modalità: Incubo,3900,-7800,2,141044,91231,0,0,0,0,0,0
410,Artiglio di Jan'alai,Modalità: Difficile,11300,-13400,2,141046,91230,0,0,0,0,0,0
411,Artiglio di Jan'alai,Modalità: Incubo,10300,-13250,2,141047,91231,0,0,0,0,0,0
412,Artiglio di Jan'alai,Modalità: Difficile,9650,-8250,2,141049,91230,0,0,0,0,0,0
413,Artiglio di Jan'alai,Modalità: Incubo,9850,-9150,2,141050,91231,0,0,0,0,0,0
414,Ala di Akil'zon,Modalità: Difficile,7000,-5300,2,141052,91232,0,0,0,0,0,0
415,Ala di Akil'zon,Modalità: Incubo,5500,-4450,2,141053,91233,0,0,0,0,0,0
416,Ala di Akil'zon,Modalità: Difficile,4300,-6500,2,141055,91232,0,0,0,0,0,0
417,Ala di Akil'zon,Modalità: Incubo,3900,-7800,2,141056,91233,0,0,0,0,0,0
418,Ala di Akil'zon,Modalità: Difficile,11300,-13400,2,141058,91232,0,0,0,0,0,0
419,Ala di Akil'zon,Modalità: Incubo,10300,-13250,2,141059,91233,0,0,0,0,0,0
420,Ala di Akil'zon,Modalità: Difficile,9650,-8250,2,141061,91232,0,0,0,0,0,0
421,Ala di Akil'zon,Modalità: Incubo,9850,-9150,2,141062,91233,0,0,0,0,0,0
422,Guardaboschi Radalampo,Modalità: Difficile,7000,-5300,2,141064,91234,0,0,0,0,0,0
423,Guardaboschi Radalampo,Modalità: Incubo,5500,-4450,2,141065,91235,0,0,0,0,0,0
424,Guardaboschi Radalampo,Modalità: Difficile,4300,-6500,2,141067,91234,0,0,0,0,0,0
425,Guardaboschi Radalampo,Modalità: Incubo,3900,-7800,2,141068,91235,0,0,0,0,0,0
426,Guardaboschi Radalampo,Modalità: Difficile,11300,-13400,2,141070,91234,0,0,0,0,0,0
427,Guardaboschi Radalampo,Modalità: Incubo,10300,-13250,2,141071,91235,0,0,0,0,0,0
428,Guardaboschi Radalampo,Modalità: Difficile,9650,-8250,2,141073,91234,0,0,0,0,0,0
429,Guardaboschi Radalampo,Modalità: Incubo,9850,-9150,2,141074,91235,0,0,0,0,0,0
430,Tenente Alafiamma,Modalità: Difficile,7000,-5300,2,141076,91236,0,0,0,0,0,0
431,Tenente Alafiamma,Modalità: Incubo,5500,-4450,2,141077,91237,0,0,0,0,0,0
432,Tenente Alafiamma,Modalità: Difficile,4300,-6500,2,141079,91236,0,0,0,0,0,0
433,Tenente Alafiamma,Modalità: Incubo,3900,-7800,2,141080,91237,0,0,0,0,0,0
434,Tenente Alafiamma,Modalità: Difficile,11300,-13400,2,141082,91236,0,0,0,0,0,0
435,Tenente Alafiamma,Modalità: Incubo,10300,-13250,2,141083,91237,0,0,0,0,0,0
436,Tenente Alafiamma,Modalità: Difficile,9650,-8250,2,141085,91236,0,0,0,0,0,0
437,Tenente Alafiamma,Modalità: Incubo,9850,-9150,2,141086,91237,0,0,0,0,0,0
438,Petyoll la Fogliafina,Modalità: Difficile,7000,-5300,2,141088,91238,0,0,0,0,0,0
439,Petyoll la Fogliafina,Modalità: Incubo,5500,-4450,2,141089,91239,0,0,0,0,0,0
440,Petyoll la Fogliafina,Modalità: Difficile,4300,-6500,2,141091,91238,0,0,0,0,0,0
441,Petyoll la Fogliafina,Modalità: Incubo,3900,-7800,2,141092,91239,0,0,0,0,0,0
442,Petyoll la Fogliafina,Modalità: Difficile,11300,-13400,2,141094,91238,0,0,0,0,0,0
443,Petyoll la Fogliafina,Modalità: Incubo,10300,-13250,2,141095,91239,0,0,0,0,0,0
444,Petyoll la Fogliafina,Modalità: Difficile,9650,-8250,2,141097,91238,0,0,0,0,0,0
445,Petyoll la Fogliafina,Modalità: Incubo,9850,-9150,2,141098,91239,0,0,0,0,0,0
446,Lamyne della Cripta,Modalità: Difficile,7000,-5300,2,141100,91240,0,0,0,0,0,0
447,Lamyne della Cripta,Modalità: Incubo,5500,-4450,2,141101,91241,0,0,0,0,0,0
448,Lamyne della Cripta,Modalità: Difficile,4300,-6500,2,141103,91240,0,0,0,0,0,0
449,Lamyne della Cripta,Modalità: Incubo,3900,-7800,2,141104,91241,0,0,0,0,0,0
450,Lamyne della Cripta,Modalità: Difficile,11300,-13400,2,141106,91240,0,0,0,0,0,0
451,Lamyne della Cripta,Modalità: Incubo,10300,-13250,2,141107,91241,0,0,0,0,0,0
452,Lamyne della Cripta,Modalità: Difficile,9650,-8250,2,141109,91240,0,0,0,0,0,0
453,Lamyne della Cripta,Modalità: Incubo,9850,-9150,2,141110,91241,0,0,0,0,0,0
454,Gran Vendicatore Vureem,Modalità: Difficile,7000,-5300,2,141112,91242,0,0,0,0,0,0
455,Gran Vendicatore Vureem,Modalità: Incubo,5500,-4450,2,141113,91256,0,0,0,0,0,0
456,Gran Vendicatore Vureem,Modalità: Difficile,4300,-6500,2,141115,91242,0,0,0,0,0,0
457,Gran Vendicatore Vureem,Modalità: Incubo,3900,-7800,2,141116,91256,0,0,0,0,0,0
458,Gran Vendicatore Vureem,Modalità: Difficile,11300,-13400,2,141118,91242,0,0,0,0,0,0
459,Gran Vendicatore Vureem,Modalità: Incubo,10300,-13250,2,141119,91256,0,0,0,0,0,0
460,Gran Vendicatore Vureem,Modalità: Difficile,9650,-8250,2,141121,91242,0,0,0,0,0,0
461,Gran Vendicatore Vureem,Modalità: Incubo,9850,-9150,2,141122,91256,0,0,0,0,0,0
462,Crociata Luxia Maxwell,Modalità: Difficile,7000,-5300,2,141124,91243,0,0,0,0,0,0
463,Crociata Luxia Maxwell,Modalità: Incubo,5500,-4450,2,141125,91257,0,0,0,0,0,0
464,Crociata Luxia Maxwell,Modalità: Difficile,4300,-6500,2,141127,91243,0,0,0,0,0,0
465,Crociata Luxia Maxwell,Modalità: Incubo,3900,-7800,2,141128,91257,0,0,0,0,0,0
466,Crociata Luxia Maxwell,Modalità: Difficile,11300,-13400,2,141130,91243,0,0,0,0,0,0
467,Crociata Luxia Maxwell,Modalità: Incubo,10300,-13250,2,141131,91257,0,0,0,0,0,0
468,Crociata Luxia Maxwell,Modalità: Difficile,9650,-8250,2,141133,91243,0,0,0,0,0,0
469,Crociata Luxia Maxwell,Modalità: Incubo,9850,-9150,2,141134,91257,0,0,0,0,0,0
470,Pretore Singularis,Modalità: Difficile,7000,-5300,2,141136,91244,0,0,0,0,0,0
471,Pretore Singularis,Modalità: Incubo,5500,-4450,2,141137,91258,0,0,0,0,0,0
472,Pretore Singularis,Modalità: Difficile,4300,-6500,2,141139,91244,0,0,0,0,0,0
473,Pretore Singularis,Modalità: Incubo,3900,-7800,2,141140,91258,0,0,0,0,0,0
474,Pretore Singularis,Modalità: Difficile,11300,-13400,2,141142,91244,0,0,0,0,0,0
475,Pretore Singularis,Modalità: Incubo,10300,-13250,2,141143,91258,0,0,0,0,0,0
476,Pretore Singularis,Modalità: Difficile,9650,-8250,2,141145,91244,0,0,0,0,0,0
477,Pretore Singularis,Modalità: Incubo,9850,-9150,2,141146,91258,0,0,0,0,0,0
478,Console Nebulor,Modalità: Difficile,7000,-5300,2,141148,91245,0,0,0,0,0,0
479,Console Nebulor,Modalità: Incubo,5500,-4450,2,141149,91259,0,0,0,0,0,0
480,Console Nebulor,Modalità: Difficile,4300,-6500,2,141151,91245,0,0,0,0,0,0
481,Console Nebulor,Modalità: Incubo,3900,-7800,2,141152,91259,0,0,0,0,0,0
482,Console Nebulor,Modalità: Difficile,11300,-13400,2,141154,91245,0,0,0,0,0,0
483,Console Nebulor,Modalità: Incubo,10300,-13250,2,141155,91259,0,0,0,0,0,0
484,Console Nebulor,Modalità: Difficile,9650,-8250,2,141157,91245,0,0,0,0,0,0
485,Console Nebulor,Modalità: Incubo,9850,-9150,2,141158,91259,0,0,0,0,0,0
486,Esecutore Kaenius,Modalità: Difficile,7000,-5300,2,141160,91246,0,0,0,0,0,0
487,Esecutore Kaenius,Modalità: Incubo,5500,-4450,2,141161,91260,0,0,0,0,0,0
488,Esecutore Kaenius,Modalità: Difficile,4300,-6500,2,141163,91246,0,0,0,0,0,0
489,Esecutore Kaenius,Modalità: Incubo,3900,-7800,2,141164,91260,0,0,0,0,0,0
490,Esecutore Kaenius,Modalità: Difficile,11300,-13400,2,141166,91246,0,0,0,0,0,0
491,Esecutore Kaenius,Modalità: Incubo,10300,-13250,2,141167,91260,0,0,0,0,0,0
492,Esecutore Kaenius,Modalità: Difficile,9650,-8250,2,141169,91246,0,0,0,0,0,0
493,Esecutore Kaenius,Modalità: Incubo,9850,-9150,2,141170,91260,0,0,0,0,0,0
494,Imperatore Enigmalia,Modalità: Difficile,7000,-5300,2,141172,91247,0,0,0,0,0,0
495,Imperatore Enigmalia,Modalità: Incubo,5500,-4450,2,141173,91261,0,0,0,0,0,0
496,Imperatore Enigmalia,Modalità: Difficile,4300,-6500,2,141175,91247,0,0,0,0,0,0
497,Imperatore Enigmalia,Modalità: Incubo,3900,-7800,2,141176,91261,0,0,0,0,0,0
498,Imperatore Enigmalia,Modalità: Difficile,11300,-13400,2,141178,91247,0,0,0,0,0,0
499,Imperatore Enigmalia,Modalità: Incubo,10300,-13250,2,141179,91261,0,0,0,0,0,0
500,Imperatore Enigmalia,Modalità: Difficile,9650,-8250,2,141181,91247,0,0,0,0,0,0
501,Imperatore Enigmalia,Modalità: Incubo,9850,-9150,2,141182,91261,0,0,0,0,0,0
502,Cavaliere Errante Spezzasangue,Modalità: Difficile,7000,-5300,2,141184,91248,0,0,0,0,0,0
503,Cavaliere Errante Spezzasangue,Modalità: Incubo,5500,-4450,2,141185,91262,0,0,0,0,0,0
504,Cavaliere Errante Spezzasangue,Modalità: Difficile,4300,-6500,2,141187,91248,0,0,0,0,0,0
505,Cavaliere Errante Spezzasangue,Modalità: Incubo,3900,-7800,2,141188,91262,0,0,0,0,0,0
506,Cavaliere Errante Spezzasangue,Modalità: Difficile,11300,-13400,2,141190,91248,0,0,0,0,0,0
507,Cavaliere Errante Spezzasangue,Modalità: Incubo,10300,-13250,2,141191,91262,0,0,0,0,0,0
508,Cavaliere Errante Spezzasangue,Modalità: Difficile,9650,-8250,2,141193,91248,0,0,0,0,0,0
509,Cavaliere Errante Spezzasangue,Modalità: Incubo,9850,-9150,2,141194,91262,0,0,0,0,0,0
510,Vylenna la Disertrice,Modalità: Difficile,7000,-5300,2,141196,91249,0,0,0,0,0,0
511,Vylenna la Disertrice,Modalità: Incubo,5500,-4450,2,141197,91263,0,0,0,0,0,0
512,Vylenna la Disertrice,Modalità: Difficile,4300,-6500,2,141199,91249,0,0,0,0,0,0
513,Vylenna la Disertrice,Modalità: Incubo,3900,-7800,2,141200,91263,0,0,0,0,0,0
514,Vylenna la Disertrice,Modalità: Difficile,11300,-13400,2,141202,91249,0,0,0,0,0,0
515,Vylenna la Disertrice,Modalità: Incubo,10300,-13250,2,141203,91263,0,0,0,0,0,0
516,Vylenna la Disertrice,Modalità: Difficile,9650,-8250,2,141205,91249,0,0,0,0,0,0
517,Vylenna la Disertrice,Modalità: Incubo,9850,-9150,2,141206,91263,0,0,0,0,0,0
518,Theldrin Perduto,Modalità: Difficile,7000,-5300,2,141208,91250,0,0,0,0,0,0
519,Theldrin Perduto,Modalità: Incubo,5500,-4450,2,141209,91264,0,0,0,0,0,0
520,Theldrin Perduto,Modalità: Difficile,4300,-6500,2,141211,91250,0,0,0,0,0,0
521,Theldrin Perduto,Modalità: Incubo,3900,-7800,2,141212,91264,0,0,0,0,0,0
522,Theldrin Perduto,Modalità: Difficile,11300,-13400,2,141214,91250,0,0,0,0,0,0
523,Theldrin Perduto,Modalità: Incubo,10300,-13250,2,141215,91264,0,0,0,0,0,0
524,Theldrin Perduto,Modalità: Difficile,9650,-8250,2,141217,91250,0,0,0,0,0,0
525,Theldrin Perduto,Modalità: Incubo,9850,-9150,2,141218,91264,0,0,0,0,0,0
526,Neydra l'Affamata,Modalità: Difficile,7000,-5300,2,141220,91251,0,0,0,0,0,0
527,Neydra l'Affamata,Modalità: Incubo,5500,-4450,2,141221,91265,0,0,0,0,0,0
528,Neydra l'Affamata,Modalità: Difficile,4300,-6500,2,141223,91251,0,0,0,0,0,0
529,Neydra l'Affamata,Modalità: Incubo,3900,-7800,2,141224,91265,0,0,0,0,0,0
530,Neydra l'Affamata,Modalità: Difficile,11300,-13400,2,141226,91251,0,0,0,0,0,0
531,Neydra l'Affamata,Modalità: Incubo,10300,-13250,2,141227,91265,0,0,0,0,0,0
532,Neydra l'Affamata,Modalità: Difficile,9650,-8250,2,141229,91251,0,0,0,0,0,0
533,Neydra l'Affamata,Modalità: Incubo,9850,-9150,2,141230,91265,0,0,0,0,0,0
534,Edgath Cantaspine,Modalità: Difficile,7000,-5300,2,141232,91252,0,0,0,0,0,0
535,Edgath Cantaspine,Modalità: Incubo,5500,-4450,2,141233,91266,0,0,0,0,0,0
536,Edgath Cantaspine,Modalità: Difficile,4300,-6500,2,141235,91252,0,0,0,0,0,0
537,Edgath Cantaspine,Modalità: Incubo,3900,-7800,2,141236,91266,0,0,0,0,0,0
538,Edgath Cantaspine,Modalità: Difficile,11300,-13400,2,141238,91252,0,0,0,0,0,0
539,Edgath Cantaspine,Modalità: Incubo,10300,-13250,2,141239,91266,0,0,0,0,0,0
540,Edgath Cantaspine,Modalità: Difficile,9650,-8250,2,141241,91252,0,0,0,0,0,0
541,Edgath Cantaspine,Modalità: Incubo,9850,-9150,2,141242,91266,0,0,0,0,0,0
542,Strega dei Rovi Liset,Modalità: Difficile,7000,-5300,2,141244,91253,0,0,0,0,0,0
543,Strega dei Rovi Liset,Modalità: Incubo,5500,-4450,2,141245,91267,0,0,0,0,0,0
544,Strega dei Rovi Liset,Modalità: Difficile,4300,-6500,2,141247,91253,0,0,0,0,0,0
545,Strega dei Rovi Liset,Modalità: Incubo,3900,-7800,2,141248,91267,0,0,0,0,0,0
546,Strega dei Rovi Liset,Modalità: Difficile,11300,-13400,2,141250,91253,0,0,0,0,0,0
547,Strega dei Rovi Liset,Modalità: Incubo,10300,-13250,2,141251,91267,0,0,0,0,0,0
548,Strega dei Rovi Liset,Modalità: Difficile,9650,-8250,2,141253,91253,0,0,0,0,0,0
549,Strega dei Rovi Liset,Modalità: Incubo,9850,-9150,2,141254,91267,0,0,0,0,0,0
550,"Grothoz, l'Ombra Bruciante",Modalità: Difficile,7000,-5300,2,141256,91254,0,0,0,0,0,0
551,"Grothoz, l'Ombra Bruciante",Modalità: Incubo,5500,-4450,2,141257,91268,0,0,0,0,0,0
552,"Grothoz, l'Ombra Bruciante",Modalità: Difficile,4300,-6500,2,141259,91254,0,0,0,0,0,0
553,"Grothoz, l'Ombra Bruciante",Modalità: Incubo,3900,-7800,2,141260,91268,0,0,0,0,0,0
554,"Grothoz, l'Ombra Bruciante",Modalità: Difficile,11300,-13400,2,141262,91254,0,0,0,0,0,0
555,"Grothoz, l'Ombra Bruciante",Modalità: Incubo,10300,-13250,2,141263,91268,0,0,0,0,0,0
556,"Grothoz, l'Ombra Bruciante",Modalità: Difficile,9650,-8250,2,141265,91254,0,0,0,0,0,0
557,"Grothoz, l'Ombra Bruciante",Modalità: Incubo,9850,-9150,2,141266,91268,0,0,0,0,0,0
558,"Dengzag, la Fiammata Oscurata",Modalità: Difficile,7000,-5300,2,141268,91255,0,0,0,0,0,0
559,"Dengzag, la Fiammata Oscurata",Modalità: Incubo,5500,-4450,2,141269,91269,0,0,0,0,0,0
560,"Dengzag, la Fiammata Oscurata",Modalità: Difficile,4300,-6500,2,141271,91255,0,0,0,0,0,0
561,"Dengzag, la Fiammata Oscurata",Modalità: Incubo,3900,-7800,2,141272,91269,0,0,0,0,0,0
562,"Dengzag, la Fiammata Oscurata",Modalità: Difficile,11300,-13400,2,141274,91255,0,0,0,0,0,0
563,"Dengzag, la Fiammata Oscurata",Modalità: Incubo,10300,-13250,2,141275,91269,0,0,0,0,0,0
564,"Dengzag, la Fiammata Oscurata",Modalità: Difficile,9650,-8250,2,141277,91255,0,0,0,0,0,0
565,"Dengzag, la Fiammata Oscurata",Modalità: Incubo,9850,-9150,2,141278,91269,0,0,0,0,0,0
566,La guerra tra la Luce e l'Ombra,Unisciti all'Avanguardia mentre inizia l'offensiva finale contro lo Sciame Famelico.,10714,-4616,1,151981,94957,0,0,0,0,0,0
