Title_lang,Subtitle_lang,InstructionText_lang,SubIcon_lang,TitleTooltip_lang,SubtitleTooltip_lang,EventToastID,PlayerConditionID,UiTextureAtlasMemberID,UiTextureKitID,EventType,DisplayType,EventAsset,Field_9_1_0_38312_011,IconFileID,UiWidgetSetID,ExtraUiWidgetSetID,TitleTooltipUiWidgetSetID,SubtitleTooltipUiWidgetSetID,ShowSoundKitID,HideSoundKitID,Field_10_2_5_52554_021
Livello %d,Hai raggiunto il,,,,,1,117398,0,0,0,2,0,0,0,0,0,0,0,0,0,0
,Spedizione sbloccata!,,,,,2,117398,12015,0,2,3,0,0,0,0,0,0,0,0,0,0
,Nuova abilità sbloccata!,,,,,3,117398,12014,0,1,3,0,0,0,0,0,0,0,0,0,0
,Incursione sbloccata!,,,,,4,92737,12015,0,3,3,0,0,0,0,0,0,0,0,0,0
,Nuova fase,,,,,5,0,0,5554,14,6,0,0,0,0,0,0,0,0,0,0
,,,,,,7,0,0,0,6,0,0,0,0,0,0,0,0,0,0,0
,Nuovo Livello,,,,,8,0,0,0,8,3,0,0,0,0,0,0,0,0,0,0
,Nuova abilità disponibile!,,,,,9,0,0,0,9,3,0,0,0,0,0,0,0,0,0,0
Hai catturato,,,,,,10,0,0,0,7,5,0,0,0,0,0,0,0,0,0,0
%s%s,,,,,,11,0,0,0,10,1,0,0,0,0,0,0,0,0,0,0
Predazione ad area,Funzionalità sbloccata!,Depredare un cadavere ora raggrupperà il bottino di tutti i cadaveri vicini.,Bottino ad area sbloccato,,,12,90425,12015,0,15,3,0,0,1022948,0,0,0,0,183581,0,0
Sala di Skoldus,Piano %19812w,,,,,14,79354,0,5281,17,6,354094,0,0,0,0,0,0,0,0,0
Corridoi Contorti,Piano %19812w,,,,,15,79355,0,5281,17,6,354094,0,0,0,0,0,0,0,0,0
Stanze delle Fratture,Piano %19812w,,,,,16,79363,0,5281,17,6,354094,0,0,0,0,0,0,0,0,0
Forge dell'Anima,Piano %19812w,,,,,17,79365,0,5281,17,6,354094,0,0,0,0,0,0,0,0,0
Interstizi dei Cuorfreddo,Piano %19812w,,,,,18,79368,0,5281,17,6,354094,0,0,0,0,0,0,0,0,0
Mort'regar,Piano %19812w,,,,,19,79366,0,5281,17,6,354094,0,0,0,0,0,0,0,0,0
Ricerca delle istanze,Funzionalità sbloccata!,,Nuova funzionalità sbloccata: |cffFF4E00|Hlfd:|h[Ricerca delle spedizioni]|h|r,,,20,90424,12015,0,15,3,0,0,397907,0,0,0,0,0,0,0
Campi di Battaglia,Funzionalità sbloccata!,,Nuova funzionalità sbloccata: |cffFF4E00|Hpvpbgs:|h[Campi di battaglia]|h|r,,,21,90427,12015,0,15,3,0,0,132147,0,0,0,0,0,0,0
Specializzazione,Funzionalità sbloccata!,,Nuova funzionalità sbloccata: |cffFF4E00|Hspecpane:|h[Specializzazioni]|h|r,,,22,90428,12015,0,15,3,0,0,132222,0,0,0,0,0,0,0
Talenti,Funzionalità sbloccata!,,Nuova funzionalità sbloccata: |cffFF4E00|Htalentpane:|h[Talenti]|h|r,,,23,90429,12015,0,15,3,0,0,132222,0,0,0,0,0,0,0
Talenti PvP,Funzionalità sbloccata!,,Nuova funzionalità sbloccata: |cffFF4E00|Htalentpanet:|h[Talenti PvP]|h|r,,,24,90430,12015,0,15,3,0,0,132147,0,0,0,0,0,0,0
Equipaggiamento per Cavalcatura,Funzionalità sbloccata!,,Nuova funzionalità sbloccata: |cffFF4E00|Hmountequipment:|h[Equipaggiamento per Cavalcatura]|h|r,,,25,5793,12015,0,15,3,0,0,1534178,0,0,0,0,0,0,0
Missioni Mondiali,Funzionalità sbloccata!,Apri la mappa per visualizzare le tue missioni mondiali,"Nuova funzionalità sbloccata: |cffFF4E00|Hworldquest:|h[Missioni Mondiali]|h|r
Apri la mappa per vederle",,,26,0,12015,0,12,3,43341,0,1064187,0,0,0,0,0,0,0
Bastioni Superiori,Piano %19812w,,,,,27,79372,0,5281,17,6,354094,0,0,0,0,0,0,0,0,0
Salone di Arkoban,Piano %19812w,,,,,28,90416,0,5281,17,6,354094,0,0,0,0,0,0,0,0,0
Stanza del Tormento: Jaina,Piano %19812w,,,,,29,90417,0,5281,17,6,354094,0,0,0,0,0,0,0,0,0
Stanza del Tormento: Thrall,Piano %19812w,,,,,30,90418,0,5281,17,6,354094,0,0,0,0,0,0,0,0,0
Stanza del Tormento: Anduin,Piano %19812w,,,,,31,90420,0,5281,17,6,354094,0,0,0,0,0,0,0,0,0
Segrete Impenetrabili,Piano %19812w,,,,,32,0,0,5281,17,6,358253,0,0,0,0,0,0,0,0,0
Catacombe dei Fanatici,Piano %19812w,,,,,33,90422,0,5281,17,6,354094,0,0,0,0,0,0,0,0,0
Ossario degli Esiliati,Piano %19812w,,,,,34,90423,0,5281,17,6,354094,0,0,0,0,0,0,0,0,0
Completa,|cFFFFFFFFPunteggio finale: %1921c|r |n|cFF1eff00Conoscenza della Torre ottenuta: %1922c |TInterface\ICONS\Spell_Broker_Orb.BLP:16:16|t|r,,,,,37,0,0,5388,17,8,354027,0,0,511,503,0,0,183157,183155,0
Cavalcatura nella Fauce,Sbloccata,,,,,39,0,12015,0,12,3,63994,0,853211,0,0,0,0,183581,0,0
Piano 1 Completato,,,,,,40,90752,0,5388,16,6,354067,0,0,509,0,0,0,0,0,0
Incompleta,|cFFFFFFFFPunteggio finale: %1921c|r |n|cFF1eff00Conoscenza della Torre ottenuta: %1922c |TInterface\ICONS\Spell_Broker_Orb.BLP:16:16|t|r,,,,,42,34450,0,5388,17,8,356246,0,0,511,521,0,0,0,0,0
Segrete Impenetrabili Complete,|cFF1eff00Conoscenza della Torre bonus ottenuta: %1946c |TInterface\ICONS\Spell_Broker_Orb.BLP:16:16|t|r,,,,,43,34450,0,5388,17,6,356432,0,0,0,0,0,0,0,0,0
Completa,|cFFFFFFFFPunteggio finale: %1921c|r |n|cFF1eff00Conoscenza della Torre ottenuta: %1922c |TInterface\ICONS\Spell_Broker_Orb.BLP:16:16|t|r|nConoscenza della Torre al massimo,,,,,44,34450,0,5388,17,8,356596,0,0,511,503,0,517,0,0,0
Incompleta,|cFFFFFFFFPunteggio finale: %1921c|r |n|cFF1eff00Conoscenza della Torre ottenuta: %1922c |TInterface\ICONS\Spell_Broker_Orb.BLP:16:16|t|r|nConoscenza della Torre al massimo,,,,,45,34450,0,5388,17,8,356597,0,0,511,521,0,517,0,0,0
Piano 2 Completato,,,,,,47,90752,0,5388,16,6,357992,0,0,518,0,0,0,0,0,0
Piano 3 Completato,,,,,,48,90752,0,5388,16,6,357993,0,0,519,0,0,0,0,0,0
Piano 4 Completato,,,,,,49,90752,0,5388,16,6,357994,0,0,520,0,0,0,0,0,0
Impeccabile!,|cFFFFFFFFPunteggio finale: %1921c|r |n|cFF1eff00Conoscenza della Torre ottenuta: %1922c |TInterface\ICONS\Spell_Broker_Orb.BLP:16:16|t|r,,,,,50,0,0,5388,17,8,358449,0,0,511,503,0,0,183157,183155,0
,Campo di battaglia sbloccato!,,,,,51,117398,12015,0,4,3,0,0,0,0,0,0,0,0,0,0
Impeccabile!,|cFFFFFFFFPunteggio finale: %1921c|r |n|cFF1eff00Conoscenza della Torre ottenuta: %1922c |TInterface\ICONS\Spell_Broker_Orb.BLP:16:16|t|r|nConoscenza della Torre al massimo,,,,,52,34450,0,5388,17,8,358450,0,0,511,503,0,517,0,0,0
Combattente I,Potenziamenti dell'equipaggiamento PvP sbloccati!,,,,,60,0,12015,0,20,7,2,0,2023045,0,0,0,0,0,0,0
Accesso alla Storia sbloccato,Console della Storia,,Accesso alla Console della Storia sbloccato,,,61,0,10757,0,13,3,0,0,4238930,0,0,0,0,0,0,0
Combattente II,Potenziamenti dell'equipaggiamento PvP sbloccati!,,,,,63,0,12015,0,20,7,206,0,2023045,0,0,0,0,0,0,0
Sfidante I,Potenziamenti dell'equipaggiamento PvP sbloccati!,,,,,64,0,12015,0,20,7,3,0,2023047,0,0,0,0,0,0,0
Sfidante II,Potenziamenti dell'equipaggiamento PvP sbloccati!,,,,,65,0,12015,0,20,7,207,0,2023047,0,0,0,0,0,0,0
Rivale I,Potenziamenti dell'equipaggiamento PvP sbloccati!,,,,,66,0,12015,0,20,7,4,0,2023049,0,0,0,0,0,0,0
Rivale II,Potenziamenti dell'equipaggiamento PvP sbloccati!,,,,,67,0,12015,0,20,7,208,0,2023049,0,0,0,0,0,0,0
Duellante,Potenziamenti dell'equipaggiamento PvP sbloccati!,,,,,68,0,12015,0,20,7,5,0,2023051,0,0,0,0,0,0,0
Élite,Potenziamenti dell'equipaggiamento PvP sbloccati!,,,,,69,0,12015,0,20,7,6,0,2023053,0,0,0,0,0,0,0
Combattente I,Potenziamenti dell'equipaggiamento PvP sbloccati!,,,,,70,0,12015,0,20,7,9,0,2023045,0,0,0,0,0,0,0
Combattente II,Potenziamenti dell'equipaggiamento PvP sbloccati!,,,,,71,0,12015,0,20,7,209,0,2023045,0,0,0,0,0,0,0
Sfidante I,Potenziamenti dell'equipaggiamento PvP sbloccati!,,,,,72,0,12015,0,20,7,11,0,2023047,0,0,0,0,0,0,0
Sfidante II,Potenziamenti dell'equipaggiamento PvP sbloccati!,,,,,73,0,12015,0,20,7,210,0,2023047,0,0,0,0,0,0,0
Rivale I,Potenziamenti dell'equipaggiamento PvP sbloccati!,,,,,74,0,12015,0,20,7,12,0,2023049,0,0,0,0,0,0,0
Rivale II,Potenziamenti dell'equipaggiamento PvP sbloccati!,,,,,75,0,12015,0,20,7,211,0,2023049,0,0,0,0,0,0,0
Duellante,Potenziamenti dell'equipaggiamento PvP sbloccati!,,,,,76,0,12015,0,20,7,13,0,2023051,0,0,0,0,0,0,0
Élite,Potenziamenti dell'equipaggiamento PvP sbloccati!,,,,,77,0,12015,0,20,7,14,0,2023053,0,0,0,0,0,0,0
Combattente I,Potenziamenti dell'equipaggiamento PvP sbloccati!,,,,,78,0,12015,0,20,7,17,0,2023045,0,0,0,0,0,0,0
Combattente II,Potenziamenti dell'equipaggiamento PvP sbloccati!,,,,,79,0,12015,0,20,7,212,0,2023045,0,0,0,0,0,0,0
Sfidante I,Potenziamenti dell'equipaggiamento PvP sbloccati!,,,,,80,0,12015,0,20,7,18,0,2023047,0,0,0,0,0,0,0
Sfidante II,Potenziamenti dell'equipaggiamento PvP sbloccati!,,,,,81,0,12015,0,20,7,213,0,2023047,0,0,0,0,0,0,0
Rivale I,Potenziamenti dell'equipaggiamento PvP sbloccati!,,,,,82,0,12015,0,20,7,19,0,2023049,0,0,0,0,0,0,0
Rivale II,Potenziamenti dell'equipaggiamento PvP sbloccati!,,,,,83,0,12015,0,20,7,214,0,2023049,0,0,0,0,0,0,0
Duellante,Potenziamenti dell'equipaggiamento PvP sbloccati!,,,,,84,0,12015,0,20,7,20,0,2023051,0,0,0,0,0,0,0
Élite,Potenziamenti dell'equipaggiamento PvP sbloccati!,,,,,85,0,12015,0,20,7,21,0,2023053,0,0,0,0,0,0,0
La Sfida del Carceriere,Piano %19812w,|n+Fantaplasma|n+Benedizioni del Residuo d'Anima,,,,87,95418,0,5281,17,6,354094,0,0,0,0,0,0,0,0,0
Turno vinto,Vittorie: %55859yc,,,,,89,104070,0,5116,16,6,392795,0,0,0,0,0,0,0,0,0
Turno perso,Vittorie: %55859yc,,,,,90,104070,0,5116,16,6,392796,0,0,0,0,0,0,0,0,0
Conversione dei Guardiani Senza Nucleo,Comprensione del Bassalime,,,Pocopoc ottiene l'abilità di convertire i Guardiani Senza Nucleo in Guardiani Risonanti.,,101,0,12015,0,18,3,0,0,4239320,0,0,0,0,0,0,0
Potenziamenti Pocopoc Avanzati,Comprensione del Trebelime sbloccata,,,,,102,0,12015,0,18,3,0,0,4239319,577,0,0,0,0,0,0
Turno vinto,Vittorie: %55859yc,,,,,104,104069,0,5117,16,6,392795,0,0,0,0,0,0,0,0,0
Turno perso,Vittorie: %55859yc,,,,,105,104069,0,5117,16,6,392796,0,0,0,0,0,0,0,0,0
Sfida del Carceriere,Piano %19812w,,,,,106,95419,0,5281,17,6,354094,0,0,0,0,0,0,0,0,0
Corsa completata - Bronzo,|cFFFFFFFFTempo della Corsa: %2016c.%2017c%2124c%2125c s|r|n|nTempo per Argento: %2019c.%2037c00 s|nTempo per Oro: %2020c.%2038c00 s|n|nRecord Personale: %2040c.%2041c%2131c%2132c s|n|n,,,,,117,0,0,5474,17,6,369996,0,0,0,0,0,0,0,0,0
Corsa completata - Argento,|cFFFFFFFFTempo della Corsa: %2016c.%2017c%2124c%2125c s|r|n|nTempo per Oro: %2020c.%2038c00 s|n|nRecord Personale: %2040c.%2041c%2131c%2132c s|n|n,,,,,121,0,0,5474,17,6,370253,0,0,0,0,0,0,0,0,0
Corsa completata - Oro,|cFFFFFFFFTempo della Corsa: %2016c.%2017c%2124c%2125c s|r|n|nTempo per Oro: %2020c.%2038c00 s|n|nRecord Personale: %2040c.%2041c%2131c%2132c s|n|n,,,,,122,0,0,5474,17,6,370254,0,0,0,0,0,0,0,0,0
Corsa completata,|cFFFFFFFFTempo della Corsa: %2016c.%2017c%2124c%2125c s|r|n|nRecord Personale: %2040c.%2041c%2131c%2132c s|n|n,,,,,123,0,0,5474,17,6,370255,0,0,0,0,0,0,0,0,0
Corsa completata,|cFFFFFFFFTempo della Corsa: %2016c.%2017c%2124c%2125c s|r|n|nRecord Personale: %2040c.%2041c%2131c%2132c s|n|n,,,,,125,0,0,5474,17,6,370713,0,0,0,0,0,0,0,0,0
Disintegrazione,Nuovo incantesimo ricordato,,,,,127,0,0,5268,12,3,64864,0,4622451,0,0,0,0,0,0,0
Soffio di Fuoco,Nuovo incantesimo ricordato,,,,,128,104129,0,5268,12,3,64872,0,4622458,0,0,0,0,0,0,0
Volteggio,Nuovo incantesimo ricordato,,,,,129,0,0,5268,12,3,64873,0,4622485,0,0,0,0,0,0,0
Alito del Drago,Nuovo incantesimo ricordato,,,,,130,0,0,5268,12,3,65045,0,4622450,0,0,0,0,0,0,0
Specializzazione,Funzionalità sbloccata!,,Nuova funzionalità sbloccata: |cffFF4E00|Hspecpane:|h[Specializzazioni]|h|r,,,135,0,0,5268,12,3,65701,0,4574311,0,0,0,0,0,0,0
Talenti,Funzionalità sbloccata!,,Nuova funzionalità sbloccata: |cffFF4E00|Htalentpane:|h[Talenti]|h|r,,,136,0,0,5268,12,3,65101,0,4574311,0,0,0,0,0,0,0
Soffio di Fuoco,Nuovo incantesimo ricordato,,,,,137,92737,4690,5268,21,3,357208,0,4622458,0,0,0,0,0,0,0
Bocciolo di Smeraldo,Nuovo incantesimo ricordato,,,,,138,92737,0,5268,21,3,355913,0,4622457,0,0,0,0,0,0,0
Volteggio,Nuovo incantesimo ricordato,,,,,139,92737,0,5268,21,3,369536,0,4622485,0,0,0,0,0,0,0
Volo Sospeso,Nuovo incantesimo ricordato,,,,,145,0,0,5268,12,3,66324,0,4622463,0,0,0,0,0,0,0
Talenti,Funzionalità sbloccata!,,Nuova funzionalità sbloccata: |cffFF4E00|Htalentpane:|h[Talenti]|h|r,,,146,0,0,5268,12,3,65613,0,4574311,0,0,0,0,0,0,0
,,,La tua Precisione ti aiuta a raccogliere qualcosa di più:,,,147,0,0,0,22,3,0,0,0,0,0,0,0,0,0,0
,,,La tua Percezione ti aiuta a trovare qualcosa di più:,,,148,0,0,0,22,3,0,0,0,0,0,0,0,0,0,0
,,,La tua prima creazione di questa ricetta ti ha insegnato qualcosa di nuovo:,,,152,0,0,0,22,3,0,0,0,0,0,0,0,0,0,0
,,,Dalla tua nuova conoscenza si è formata un po' di Prova dell'Artigiano:,,,154,0,0,0,22,3,0,0,0,0,0,0,0,0,0,0
Volo Draconico sbloccato,Sfreccia nei cieli sui drachi|ndelle Isole dei Draghi,,,,,155,0,0,5474,16,6,376027,0,0,0,0,0,0,0,0,0
Nuovo punto talento disponibile,La tua potenza è aumentata!,,Nuovo |cff20ff20|Htalentpane:|h[punto talento]|h|r disponibile,,,156,104401,12012,0,15,3,0,0,132222,0,0,0,0,0,0,0
Venti delle Isole,Nuova abilità del Volo Draconico sbloccata!,,,,,159,0,12014,5468,16,3,377485,0,4640500,0,0,0,0,0,0,0
Impeto Turbinante,Nuova abilità del Volo Draconico sbloccata!,,,,,160,0,12014,5468,16,3,377709,0,4640477,0,0,0,0,0,0,0
Serratura Temporale Bronzea,Nuova abilità del Volo Draconico sbloccata!,,,,,161,0,12014,5468,16,3,377404,0,134156,0,0,0,0,0,0,0
Sacchetto Traboccante di Monete!,,,Trovi un sacchetto traboccante di migliaia di monete d'oro nel forziere: ,,,162,0,0,0,22,3,0,0,4549223,0,0,0,0,0,0,0
Borsellino dei Draghi!,,,Trovi un borsellino aggiuntivo di monete d'oro nel forziere:,,,163,0,0,0,22,3,0,0,1519428,0,0,0,0,0,0,0
,,,Hai ricevuto un oggetto di un livello oggetto superiore al solito:,,,164,0,0,0,22,3,0,0,0,0,0,0,0,0,0,0
,,,Hai ricevuto un oggetto di un livello oggetto significativamente superiore al solito:,,,165,0,0,0,22,3,0,0,0,0,0,0,0,0,0,0
Forziere della Carovana!,,,"Per aver aiutato la carovana nei suoi viaggi, hai ottenuto il seguente oggetto:","I Centauri Aylaag della carovana ti hanno premiato con un forziere, come segno di ringraziamento per i tuoi sforzi. All'interno puoi trovare equipaggiamenti, manufatti e oggetti commerciali.",,166,0,0,0,22,3,0,0,1603185,0,0,0,0,0,0,0
Forziere del Forte del Flagello dei Draghi!,,,"Per l'aiuto fornito nella riconquista del Forte del Flagello dei Draghi, hai ottenuto il seguente oggetto:","Il capo ti ha premiato con un forziere depredato che può contenere equipaggiamenti, oro, Rifornimenti delle Isole dei Draghi, reputazione e oggetti cosmetici.",,167,0,0,0,22,3,0,0,3753264,0,0,0,0,0,0,0
Spoglie della Grande Caccia!,,,"Per il valore dimostrato nella Grande Caccia, hai ottenuto il seguente oggetto:","Le spoglie di caccia possono includere equipaggiamenti, trofei di caccia, Rifornimenti delle Isole dei Draghi e oggetti cosmetici. ",,168,0,0,0,22,3,0,0,1519430,0,0,0,0,0,0,0
Scorribanda completata!,|cFF1eff00Gemme delle Scorribande ottenute: %2593c |nGemme delle Scorribande totali: %2531c |TInterface\ICONS\INV_STONE_03.BLP:16:16|t|r|n|nPunti dell'Esploratore ottenuti: %2591c|nPunteggio dell'Esploratore attuale: %2592c,,,,,175,0,0,5388,17,8,414849,0,0,0,843,0,0,218671,0,0
Scorribanda completata!,,,,,,177,0,12015,0,18,7,0,0,2023053,0,0,0,0,0,0,0
Salva Purificante,Abilità di Brann sbloccata!,,|cff20ff20|Hdelvecompanionconfig:|h[Brann Barbabronzea]|h|r ha imparato una nuova abilità: |cff71D5FF|Hspell:434855|h[Salva Purificante]|r.,,,178,0,12014,0,18,3,0,0,1014025,0,0,0,0,0,0,0
Scudo Benedetto,Sei temporaneamente immune a tutti i danni!,,,,,179,0,0,0,18,6,0,0,1307018,0,0,0,0,0,0,0
Fulmine in Bottiglia,Il fulmine colpisce i nemici vicini!,,,,,180,0,0,0,18,6,0,0,1307018,0,0,0,0,0,0,0
Pozione del Ladro,I nemici rilasciano tesori che puoi raccogliere camminandoci sopra!,,,,,181,0,0,0,18,6,0,0,1307018,0,0,0,0,0,0,0
Scoperta,Follia Fungina,,,,,182,0,0,5474,18,6,0,0,0,0,0,0,0,0,0,0
Scoperta,Punto di Ricomparsa sbloccato!,,Scoperta:|cff71D5FF|Hspell:433110|h [Punto di Ricomparsa]|r sbloccato!,,,183,0,0,5554,18,6,0,0,0,0,0,0,0,0,0,0
SCOMPARTO DELLA GRAN BANCA SBLOCCATO,,,,,,184,0,0,0,23,9,0,0,0,0,0,0,0,261305,0,0
SCOMPARTO DELLA GRAN BANCA MIGLIORATO,,,,,,185,0,0,0,24,10,0,0,0,0,0,0,0,267289,0,0
,,,,,,188,0,0,0,25,11,0,0,0,0,0,0,0,0,0,0
ELIMINATO,Piazzamento: #%1986c,,,,,192,0,0,5559,18,2,0,0,0,1112,0,0,0,243383,0,0
VITTORIA,Piazzamento: 1° posto,,,,,193,0,0,5560,18,2,0,0,0,1112,0,0,0,243382,0,1
Scontro completato,Riprova!,,,,,194,0,0,5560,18,2,0,0,0,0,0,0,0,243383,0,1
Livello %d,Hai raggiunto il,,,,,198,120872,0,5571,0,2,0,0,0,1110,0,0,0,0,0,0
Talenti Eroici,Funzionalità sbloccata!,,Nuova funzionalità sbloccata: |cffFF4E00|Htalentpane:|h[talenti eroici]|h|r,,,199,123009,12015,0,15,3,0,-1,132222,0,0,0,0,0,0,0
Nuovo punto dei talenti eroici disponibile,La tua potenza è aumentata!,,Nuovo |cff20ff20|Htalentpane:|h[punto dei talenti eroici]|h|r disponibile!,,,200,123011,12012,0,15,3,0,-2,132222,0,0,0,0,0,0,0
,,,Brann Barbabronzea ti ha aiutato a ottenere qualcosa di più:,,,201,0,0,0,22,3,0,0,0,0,0,0,0,0,0,0
Prova %3199w,,Prova Cavalcatura,,,,203,0,0,0,16,0,452025,0,0,0,0,0,0,0,0,0
,,,Dalla tua nuova conoscenza si è formato un po' di Intuito dell'Artigiano:,,,204,0,0,0,22,3,0,0,0,0,0,0,0,0,0,0
,,,,,,205,0,0,5474,18,6,0,0,0,1270,0,0,0,0,0,0
Incarico speciale sbloccato!,Controlla la tua mappa della zona per i dettagli.,,,,,206,0,27650,0,18,12,0,0,0,0,0,0,0,0,0,0
,,,La tua Percezione ti aiuta a trovare qualcosa di più:,,,207,0,0,0,22,3,0,0,0,0,0,0,0,0,0,0
Reperti di Combattimento,Abilità di Brann sbloccata!,,|cff20ff20|Hdelvecompanionconfig:|h[Brann Barbabronzea]|h|r ha sbloccato: |cff71D5FF|Hspell:456542|h[Reperti di Combattimento]|r,,,208,0,12015,0,18,3,0,0,3192685,0,0,0,0,0,0,0
Kit d'Emergenza,Abilità di Brann sbloccata!,,|cff20ff20|Hdelvecompanionconfig:|h[Brann Barbabronzea]|h|r ha imparato una nuova abilità: |cff71D5FF|Hspell:421395|h[Kit d'Emergenza]|r.,,,209,0,12014,0,18,3,0,0,1387611,0,0,0,0,0,0,0
Cerbottana Tranquillizzante,Abilità di Brann sbloccata!,,|cff20ff20|Hdelvecompanionconfig:|h[Brann Barbabronzea]|h|r ha imparato una nuova abilità: |cff71D5FF|Hspell:421380|h[Cerbottana Tranquillizzante]|r.,,,210,0,12014,0,18,3,0,0,1633109,0,0,0,0,0,0,0
Reperti di Utilità,Abilità di Brann sbloccata!,,|cff20ff20|Hdelvecompanionconfig:|h[Brann Barbabronzea]|h|r ha sbloccato: |cff71D5FF|Hspell:456543|h[Reperti di Utilità]|r.,,,211,0,12015,0,18,3,0,0,3192685,0,0,0,0,0,0,0
Uovo Epico di Brann,Abilità di Brann sbloccata!,,|cff20ff20|Hdelvecompanionconfig:|h[Brann Barbabronzea]|h|r ha imparato una nuova abilità: |cff71D5FF|Hspell:421382|h[Uovo Epico di Brann]|r.,,,212,0,12014,0,18,3,0,0,294479,0,0,0,0,0,0,0
Reliquia di Uldum,Abilità di Brann sbloccata!,,|cff20ff20|Hdelvecompanionconfig:|h[Brann Barbabronzea]|h|r ha imparato una nuova abilità: |cff71D5FF|Hspell:421376|h[Reliquia di Uldum]|r.,,,213,0,12014,0,18,3,0,0,454069,0,0,0,0,0,0,0
Egida di Forgiardente,Abilità di Brann sbloccata!,,|cff20ff20|Hdelvecompanionconfig:|h[Brann Barbabronzea]|h|r ha imparato una nuova abilità: |cff71D5FF|Hspell:434904|h[Egida di Forgiardente]|r.,,,214,0,12014,0,18,3,0,0,3155390,0,0,0,0,0,0,0
Trenta Metri di Corda,Abilità di Brann sbloccata!,,|cff20ff20|Hdelvecompanionconfig:|h[Brann Barbabronzea]|h|r ha imparato una nuova abilità: |cff71D5FF|Hspell:421378|h[Trenta Metri di Corda]|r.,,,215,0,12014,0,18,3,0,0,1119938,0,0,0,0,0,0,0
Diario Medico dell'Esploratore,Abilità di Brann sbloccata!,,|cff20ff20|Hdelvecompanionconfig:|h[Brann Barbabronzea]|h|r ha imparato una nuova abilità: |cff71D5FF|Hspell:448286|h[Diario Medico dell'Esploratore]|r.,,,216,0,12014,0,18,3,0,0,4624733,0,0,0,0,0,0,0
Frusta Fidata,Abilità di Brann sbloccata!,,|cff20ff20|Hdelvecompanionconfig:|h[Brann Barbabronzea]|h|r ha imparato una nuova abilità: |cff71D5FF|Hspell:421285|h[Frusta Fidata]|r.,,,217,0,12014,0,18,3,0,0,460858,0,0,0,0,0,0,0
Olio per Armi Antiche,Abilità di Brann sbloccata!,,|cff20ff20|Hdelvecompanionconfig:|h[Brann Barbabronzea]|h|r ha imparato una nuova abilità: |cff71D5FF|Hspell:449666|h[Olio per Armi Antiche]|r.,,,218,0,12014,0,18,3,0,0,134726,0,0,0,0,0,0,0
Tiro Mortale,Abilità di Brann sbloccata!,,|cff20ff20|Hdelvecompanionconfig:|h[Brann Barbabronzea]|h|r ha imparato una nuova abilità: |cff71D5FF|Hspell:435163|h[Tiro Mortale]|r.,,,219,0,12014,0,18,3,0,0,236174,0,0,0,0,0,0,0
Trappola di Ghiaccio,Abilità di Brann sbloccata!,,|cff20ff20|Hdelvecompanionconfig:|h[Brann Barbabronzea]|h|r ha imparato una nuova abilità: |cff71D5FF|Hspell:421389|h[Trappola di Ghiaccio]|r.,,,220,0,12014,0,18,3,0,0,612394,0,0,0,0,0,0,0
Guinzaglio della Scimmia,Abilità di Brann sbloccata!,,|cff20ff20|Hdelvecompanionconfig:|h[Brann Barbabronzea]|h|r ha imparato una nuova abilità: |cff71D5FF|Hspell:421387|h[Guinzaglio della Scimmia]|r.,,,221,0,12014,0,18,3,0,0,1392562,0,0,0,0,0,0,0
Imbracatura da Battaglia di Grifadin,Abilità di Brann sbloccata!,,|cff20ff20|Hdelvecompanionconfig:|h[Brann Barbabronzea]|h|r ha imparato una nuova abilità: |cff71D5FF|Hspell:421397|h[Imbracatura da Battaglia di Grifadin]|r.,,,222,0,12014,0,18,3,0,0,773275,0,0,0,0,0,0,0
Diario di Munizioni dell'Esploratore,Abilità di Brann sbloccata!,,|cff20ff20|Hdelvecompanionconfig:|h[Brann Barbabronzea]|h|r ha imparato una nuova abilità: |cff71D5FF|Hspell:448287|h[Diario di Munizioni dell'Esploratore]|r.,,,223,0,12014,0,18,3,0,0,4624728,0,0,0,0,0,0,0
Diario di Munizioni dell'Esploratore,La potenza di Brann è aumentata!,,|cff20ff20|Hdelvecompanionconfig:|h[Brann Barbabronzea]|h|r ha aumentato il suo grado di: |cff71D5FF|Hspell:448287|h[Diario di Munizioni dell'Esploratore]|r.,,,224,0,12012,0,18,3,0,0,4624728,0,0,0,0,0,0,0
Diario Medico dell'Esploratore,La potenza di Brann è aumentata!,,|cff20ff20|Hdelvecompanionconfig:|h[Brann Barbabronzea]|h|r ha aumentato il suo grado di: |cff71D5FF|Hspell:448286|h[Diario Medico dell'Esploratore]|r.,,,225,0,12012,0,18,3,0,0,4624733,0,0,0,0,0,0,0
Echi Radiosi,,Sconfiggi i ricordi che si radunano a Dracombra,,,,227,0,0,5623,16,6,458297,0,0,0,0,0,0,0,0,0
Echi Radiosi,,Sconfiggi Arthas,,,,228,0,0,5623,16,6,458298,0,0,0,0,0,0,0,0,0
Echi Radiosi,,Sconfiggi i ricordi che si radunano nella Gorgia Rovente,,,,232,0,0,5623,16,6,458336,0,0,0,0,0,0,0,0,0
Echi Radiosi,,Sconfiggi i ricordi che si radunano ad Acquemorte,,,,233,0,0,5623,16,6,458331,0,0,0,0,0,0,0,0,0
Echi Radiosi,,Sconfiggi Ragnaros,,,,234,0,0,5623,16,6,458337,0,0,0,0,0,0,0,0,0
Echi Radiosi,,Sconfiggi Onyxia,,,,235,0,0,5623,16,6,458332,0,0,0,0,0,0,0,0,0
Volo Dinamico sbloccato,Khaz Algar,,,,,238,0,12014,5586,12,3,78533,0,5922053,0,0,0,0,0,0,0
Cavalcature Terrestri,Funzionalità sbloccata!,,Nuova funzionalità sbloccata: |cffFF4E00|Hmountequipment:|h[Cavalcature Terrestri]|h|r,,,240,126770,12015,0,15,3,0,0,132261,0,0,0,0,0,0,0
Cavalcature Volanti,Funzionalità sbloccata!,,Nuova funzionalità sbloccata: |cffFF4E00|Hmountequipment:|h[Cavalcature Volanti]|h|r,,,241,126772,12015,0,15,3,0,0,5142725,0,0,0,0,0,0,0
Volo Statico,Funzionalità sbloccata!,,Ora puoi passare dallo stile di Volo Statico allo stile di Volo Dinamico e viceversa.,,,243,126778,12015,0,15,3,0,0,5142726,0,0,0,0,0,0,0
Voce completata,,,,,,244,0,0,5554,18,0,0,0,0,0,0,0,0,0,0,0
Voce accettata,,,,,,245,0,0,5554,18,0,0,0,0,0,0,0,0,0,0,0
"Missioni mondiali, voci e casse sbloccate",Patto: La Tessitrice,,,,,246,0,0,5554,18,3,0,0,5862764,0,0,0,0,0,0,0
"Missioni mondiali, voci e memoriali sbloccati",Patto: Il Generale,,,,,247,0,0,5554,18,3,0,0,5862762,0,0,0,0,0,0,0
"Missioni mondiali, voci e scavi sbloccati",Patto: Il Visir,,,,,248,0,0,5554,18,3,0,0,5862762,0,0,0,0,0,0,0
Voce completata,,,,,,249,0,0,5554,18,0,0,0,0,0,0,0,0,0,0,0
Voce accettata,,,,,,250,0,0,5554,18,0,0,0,0,0,0,0,0,0,0,0
Voce completata,,,,,,251,0,0,5554,18,0,0,0,0,0,0,0,0,0,0,0
Voce accettata,,,,,,252,0,0,5554,18,0,0,0,0,0,0,0,0,0,0,0
Portale dell'Isola di Dorn sbloccato,Antro della Tessitrice,,,,,253,0,0,5586,12,3,78248,0,5901551,0,0,0,0,0,0,0
Ripristino resurrezioni,Gradi e ricompense ridotte,,,,,255,0,0,5554,18,6,0,0,0,0,0,0,0,0,0,0
|cnRED_FONT_COLOR:0 Vite Rimaste|r,,,,,,256,0,0,5554,18,13,0,0,6013778,0,0,0,0,0,0,0
Una Vita Rimasta!,,,,,,258,0,0,5554,18,13,0,0,6013778,0,0,0,0,0,0,0
,,,Dalla tua nuova conoscenza si è formato un po' di Intuito dell'Artigiano:,,,259,0,0,0,22,3,0,0,0,0,0,0,0,0,0,0
Raccolta Attrezzi,Abilità di Brann sbloccata!,,|cff20ff20|Hdelvecompanionconfig:|h[Brann Barbabronzea]|h|r ha imparato una nuova abilità: |cff71D5FF|Hspell:453812|h[Raccolta Attrezzi]|r.,,,260,0,12014,0,18,3,0,0,4374707,0,0,0,0,0,0,0
+1 Vita,,,,,,263,0,0,5554,18,13,0,0,6013778,0,0,0,0,0,0,0
Scagnozzi del Capofondo fermati!,Ricompense aumentate,,,,,264,0,0,5554,18,6,0,0,0,0,0,0,0,0,0,0
Citrino Crepitante degli Spaccatuono,Citrino Risonante ottenuto,Ora acquistabile da Didi la Brugola.,,,,265,130603,0,5268,22,3,0,0,6215538,0,0,0,0,0,0,0
Citrino del Marinaio della Burrasca,Citrino Risonante ottenuto,Ora acquistabile da Didi la Brugola.,,,,266,130276,0,5268,22,3,0,0,6215541,0,0,0,0,0,0,0
Citrino del Sovrintendente Sottomarino,Citrino Risonante ottenuto,Ora acquistabile da Didi la Brugola.,,,,267,130275,0,5268,22,3,0,0,6215539,0,0,0,0,0,0,0
Citrino del Sarto della Tempesta,Citrino Risonante ottenuto,Ora acquistabile dall'Apprendista Tanmar.,,,,268,130282,0,5268,22,3,0,0,6215513,0,0,0,0,0,0,0
Citrino Bardico del Vecchio Lupo di Mare,Citrino Risonante ottenuto,Ora acquistabile dall'Apprendista Tanmar.,,,,269,130283,0,5268,22,3,0,0,6215516,0,0,0,0,0,0,0
Citrino Consacrato del Marinaio,Citrino Risonante ottenuto,Ora acquistabile dall'Apprendista Tanmar.,,,,270,130605,0,5268,22,3,0,0,6215515,0,0,0,0,0,0,0
Citrino Runico dell'Araldo della Tempesta,Citrino Risonante ottenuto,Ora acquistabile da Angorla.,,,,271,130286,0,5268,22,3,0,0,6215532,0,0,0,0,0,0,0
Citrino Runico del Varcabissi,Citrino Risonante ottenuto,Ora acquistabile da Angorla.,,,,272,130285,0,5268,22,3,0,0,6215529,0,0,0,0,0,0,0
Citrino Runico del Cantavento,Citrino Risonante ottenuto,Ora acquistabile da Angorla.,,,,273,130604,0,5268,22,3,0,0,6215530,0,0,0,0,0,0,0
Citrino del Capobarca Leggendario,Citrino Risonante ottenuto,Ora acquistabile da Taljori.,,,,274,130512,0,5268,22,3,0,0,6215534,0,0,0,0,0,0,0
Citrino del Leviatano dei Fondali,Citrino Risonante ottenuto,Ora acquistabile da Taljori.,,,,275,130415,0,5268,22,3,0,0,6215535,0,0,0,0,0,0,0
Citrino della Regina della Guerra Ruggente,Citrino Risonante ottenuto,Ora acquistabile da Taljori.,,,,276,130513,0,5268,22,3,0,0,6215536,0,0,0,0,0,0,0
Forziere della Nemesi Potenziato,,,,,,277,0,0,5554,18,13,0,0,6381230,0,0,0,0,0,0,0
Titolo,Sottotitolo,Our heroes go on some whacky adventure to do some whacky stuff to save the world....again. Our heroes go on some whacky adventure to do some whacky stuff to save the world....again. Our heroes go on some whacky adventure to do some whacky stuff to save the world....again. Our heroes go on some whacky adventure to do some whacky stuff to save the world....again. Our heroes go on some whacky adventu,,Descrizione titoli,Descrizione sottotitoli,278,0,15864,5554,18,12,0,0,1061206,0,0,0,0,0,0,0
Diario di Sopravvivenza dell'Esploratore,La potenza di Brann è aumentata!,,|cff20ff20|Hdelvecompanionconfig:|h[Brann Barbabronzea]|h|r ha aumentato il suo grado di: |cff71D5FF|Hspell:472874|h[Diario di Sopravvivenza dell'Esploratore]|r.,,,279,0,12012,0,18,3,0,0,4625105,0,0,0,0,0,0,0
Diario di Sopravvivenza dell'Esploratore,Abilità di Brann sbloccata!,,|cff20ff20|Hdelvecompanionconfig:|h[Brann Barbabronzea]|h|r ha imparato una nuova abilità passiva: |cff71D5FF|Hspell:472874|h[Diario di Sopravvivenza dell'Esploratore]|r.,,,280,0,12014,0,18,3,0,0,4625105,0,0,0,0,0,0,0
Totem Sentinella,Abilità di Brann sbloccata!,,|cff20ff20|Hdelvecompanionconfig:|h[Brann Barbabronzea]|h|r ha imparato una nuova abilità: |cff71D5FF|Hspell:473633|h[Totem Sentinella]|r.,,,281,0,12014,0,18,3,0,0,1385909,0,0,0,0,0,0,0
Trucco della Corda,Abilità di Brann sbloccata!,,|cff20ff20|Hdelvecompanionconfig:|h[Brann Barbabronzea]|h|r ha imparato una nuova abilità: |cff71D5FF|Hspell:472848|h[Trucco della Corda]|r.,,,282,0,12014,0,18,3,0,0,1119937,0,0,0,0,0,0,0
Collegamento Fulminante,Abilità di Brann sbloccata!,,|cff20ff20|Hdelvecompanionconfig:|h[Brann Barbabronzea]|h|r ha imparato una nuova abilità: |cff71D5FF|Hspell:1215128|h[Collegamento Fulminante]|r.,,,283,0,12014,0,18,3,0,0,1385911,0,0,0,0,0,0,0
Grancontusione di Brann,Abilità di Brann sbloccata!,,|cff20ff20|Hdelvecompanionconfig:|h[Brann Barbabronzea]|h|r ha imparato una nuova abilità: |cff71D5FF|Hspell:472803|h[Grancontusione di Brann]|r.,,,284,0,12014,0,18,3,0,0,236444,0,0,0,0,0,0,0
Dispositivi Caricati Elettricamente,Abilità di Brann sbloccata!,,|cff20ff20|Hdelvecompanionconfig:|h[Brann Barbabronzea]|h|r ha imparato una nuova abilità: |cff71D5FF|Hspell:473707|h[Dispositivi Caricati Elettricamente]|r.,,,285,0,12014,0,18,3,0,0,4548867,0,0,0,0,0,0,0
Orso Bruno di Barbabronzea,Abilità di Brann sbloccata!,,|cff20ff20|Hdelvecompanionconfig:|h[Brann Barbabronzea]|h|r ha imparato una nuova abilità: |cff71D5FF|Hspell:473521|h[Orso Bruno di Barbabronzea]|r.,,,286,0,12014,0,18,3,0,0,132183,0,0,0,0,0,0,0
Punteggio,,,,,,287,0,0,0,18,14,0,0,0,1504,0,0,0,0,0,1
Scoperta,Pietra di Transito,,Scoperta:|cff71D5FF|Hspell:1228297|h [Pietra di Transito]|r.,,,288,0,0,5554,18,6,0,99,0,0,0,0,0,0,0,0
COMPLETATO,"Evento completato!
 |cFF1eff00Abbondanza Pura ottenuta: 300|TInterface\ICONS\INV_10_Gathering_BioluminescentSpores_Large.BLP:16:16|t|r",,,,,289,0,0,5765,17,8,1229176,0,0,0,1532,0,0,0,0,0
,,,Scoperta:|cff71D5FF|Hspell:1228297|h [Pietra di Transito]|r.,,,290,0,0,5708,18,6,0,99,0,0,0,0,0,0,0,0
Hai sbloccato Venti di Akil'zon,Volo Dinamico,,,,,291,0,0,5586,12,3,90823,0,4640500,0,0,0,0,0,0,0
Hai sbloccato Benedizione: Burrasca di Akil'zon,Benedizione dei Loa,,,,,292,0,0,5586,12,3,86809,0,132172,0,0,0,0,0,0,0
Hai sbloccato Benedizione: Concentrazione di Halazzi,Benedizione dei Loa,,,,,293,0,0,5586,12,3,92084,0,132142,0,0,0,0,0,0,0
Hai sbloccato Benedizione: Fiammeterna di Jan'alai,Benedizione dei Loa,,,,,294,0,0,5586,12,3,90772,0,6119037,0,0,0,0,0,0,0
Hai sbloccato Benedizione: Pressione di Nalorakk,Benedizione dei Loa,,,,,295,0,0,5586,12,3,91958,0,132183,0,0,0,0,0,0,0
Hai sbloccato Ospite degli Amani,Zul'aman,,,,,296,0,0,5586,12,3,86722,0,1455894,0,0,0,0,0,0,0
"   
Preda: Magistro Spezzasole",,,,,,297,0,0,5704,18,6,0,0,0,1668,0,0,0,0,0,0
"   
Preda: Magistra Frustabraci",,,,,,298,0,0,5704,18,6,0,0,0,1668,0,0,0,0,0,0
"   
Preda: Meccanista Anziano Ozwold",,,,,,299,0,0,5704,18,6,0,0,0,1668,0,0,0,0,0,0
"   
Preda: 3L-3N-0R la Riciclatrice",,,,,,300,0,0,5704,18,6,0,0,0,1668,0,0,0,0,0,0
"   
Preda: Mordril Cupombra",,,,,,301,0,0,5704,18,6,0,0,0,1668,0,0,0,0,0,0
"   
Preda: Deliah Cantotetro",,,,,,302,0,0,5704,18,6,0,0,0,1668,0,0,0,0,0,0
"   
Preda: Lama Spettrale Talasha",,,,,,303,0,0,5704,18,6,0,0,0,1668,0,0,0,0,0,0
"   
Preda: Lama del Nexus Hadim",,,,,,304,0,0,5704,18,6,0,0,0,1668,0,0,0,0,0,0
"   
Preda: Jo'zolo il Distruttore",,,,,,305,0,0,5704,18,6,0,0,0,1668,0,0,0,0,0,0
"   
Preda: Zadu, Pugno di Nalorakk",,,,,,306,0,0,5704,18,6,0,0,0,1668,0,0,0,0,0,0
"   
Preda: Artiglio di Jan'alai",,,,,,307,0,0,5704,18,6,0,0,0,1668,0,0,0,0,0,0
"   
Preda: Ala di Akil'zon",,,,,,308,0,0,5704,18,6,0,0,0,1668,0,0,0,0,0,0
"   
Preda: Guardaboschi Radalampo",,,,,,309,0,0,5704,18,6,0,0,0,1668,0,0,0,0,0,0
"   
Preda: Tenente Alafiamma",,,,,,310,0,0,5704,18,6,0,0,0,1668,0,0,0,0,0,0
"   
Preda: Petyoll la Fogliafina",,,,,,311,0,0,5704,18,6,0,0,0,1668,0,0,0,0,0,0
"   
Preda: Lamyne della Cripta",,,,,,312,0,0,5704,18,6,0,0,0,1668,0,0,0,0,0,0
"   
Preda: Gran Vendicatore Vureem",,,,,,313,0,0,5704,18,6,0,0,0,1668,0,0,0,0,0,0
"   
Preda: Crociata Luxia Maxwell",,,,,,314,0,0,5704,18,6,0,0,0,1668,0,0,0,0,0,0
"   
Preda: Pretore Singularis",,,,,,315,0,0,5704,18,6,0,0,0,1668,0,0,0,0,0,0
"   
Preda: Console Nebulor",,,,,,316,0,0,5704,18,6,0,0,0,1668,0,0,0,0,0,0
"   
Preda: Esecutore Kaenius",,,,,,317,0,0,5704,18,6,0,0,0,1668,0,0,0,0,0,0
"   
Preda: Imperatore Enigmalia",,,,,,318,0,0,5704,18,6,0,0,0,1668,0,0,0,0,0,0
"   
Preda: Cavaliere Errante Spezzasangue",,,,,,319,0,0,5704,18,6,0,0,0,1668,0,0,0,0,0,0
"   
Preda: Vylenna la Disertrice",,,,,,320,0,0,5704,18,6,0,0,0,1668,0,0,0,0,0,0
"   
Preda: Theldrin Perduto",,,,,,321,0,0,5704,18,6,0,0,0,1668,0,0,0,0,0,0
"   
Preda: Neydra l'Affamata",,,,,,322,0,0,5704,18,6,0,0,0,1668,0,0,0,0,0,0
"   
Preda: Edgath Cantaspine",,,,,,323,0,0,5704,18,6,0,0,0,1668,0,0,0,0,0,0
"   
Preda: Strega dei Rovi Liset",,,,,,324,0,0,5704,18,6,0,0,0,1668,0,0,0,0,0,0
"   
Preda: Grothoz, l'Ombra Bruciante",,,,,,325,0,0,5704,18,6,0,0,0,1668,0,0,0,0,0,0
"   
Preda: Dengzag, la Fiammata Oscurata",,,,,,326,0,0,5704,18,6,0,0,0,1668,0,0,0,0,0,0
Il cristallo brucia in direzione della tua Preda,,,,,,327,0,0,0,18,13,0,0,0,1852,0,0,0,0,0,0
Completato,"|cFF1eff00Immersione completata!|n
 |cFF1eff00Perle dei Pescatori ottenute: |cFFffffff%3506c|r |TInterface\ICONS\Item_enchantedpearl.blp:16:16|t|r",,,,,334,0,0,5765,17,8,1253233,0,0,0,1994,0,0,347959,347845,0
Le Spoglie Guizzanti si manifesteranno al completamento della Scorribanda,,,,,,337,0,0,5554,18,13,0,0,4914669,0,0,0,0,0,0,0
Le Spoglie Guizzanti Adombrate si manifesteranno al completamento della Scorribanda,,,,,,338,0,0,5554,18,13,0,0,4914669,0,0,0,0,0,0,0
È comparso un Portale Tremolante,,,,,,339,0,0,5554,18,13,0,0,4914669,0,0,0,0,0,0,0
,,,,,,340,0,0,0,26,15,0,0,0,0,0,0,0,0,0,0
Preda sconfitta,,"Tempo totale:
%49752e ore, %49756e minuti, %49754e secondi",,,,341,0,0,5704,18,6,0,0,0,0,0,0,0,0,0,0
Implacabile,Abilità di Valeera sbloccata!,,|cff20ff20|Hdelvecompanionconfig:|h[Valeera Sanguinar]|h|r ha imparato una nuova abilità: |cff71D5FF|Hspell:1248169|h[Implacabile]|r.,,,343,0,12014,0,18,3,0,0,5041289,0,0,0,0,0,0,0
Contratto di Sangue,Abilità di Valeera sbloccata!,,|cff20ff20|Hdelvecompanionconfig:|h[Valeera Sanguinar]|h|r ha imparato una nuova abilità: |cff71D5FF|Hspell:1248108|h[Contratto di Sangue]|r.,,,344,0,12014,0,18,3,0,0,441148,0,0,0,0,0,0,0
Ferri del Mestiere,Abilità di Valeera sbloccata!,,|cff20ff20|Hdelvecompanionconfig:|h[Valeera Sanguinar]|h|r ha imparato una nuova abilità: |cff71D5FF|Hspell:1249528|h[Ferri del Mestiere]|r.,,,345,0,12014,0,18,3,0,0,132594,0,0,0,0,0,0,0
Pugnale alla Gola,Abilità di Valeera sbloccata!,,|cff20ff20|Hdelvecompanionconfig:|h[Valeera Sanguinar]|h|r ha imparato una nuova abilità: |cff71D5FF|Hspell:1248172|h[Pugnale alla Gola]|r.,,,346,0,12014,0,18,3,0,0,132324,0,0,0,0,0,0,0
Veleno del Maestro Dimenticato,Abilità di Valeera sbloccata!,,|cff20ff20|Hdelvecompanionconfig:|h[Valeera Sanguinar]|h|r ha imparato una nuova abilità: |cff71D5FF|Hspell:1248501|h[Veleno del Maestro Dimenticato]|r.,,,347,0,12014,0,18,3,0,0,538441,0,0,0,0,0,0,0
Furia Omicida,Abilità di Valeera sbloccata!,,|cff20ff20|Hdelvecompanionconfig:|h[Valeera Sanguinar]|h|r ha imparato una nuova abilità: |cff71D5FF|Hspell:1248011|h[Furia Omicida]|r.,,,348,0,12014,0,18,3,0,0,236277,0,0,0,0,0,0,0
Colpo Basso,Abilità di Valeera sbloccata!,,|cff20ff20|Hdelvecompanionconfig:|h[Valeera Sanguinar]|h|r ha imparato una nuova abilità: |cff71D5FF|Hspell:1248196|h[Colpo Basso]|r.,,,349,0,12014,0,18,3,0,0,460691,0,0,0,0,0,0,0
Assassinio,Abilità di Valeera sbloccata!,,|cff20ff20|Hdelvecompanionconfig:|h[Valeera Sanguinar]|h|r ha imparato una nuova abilità: |cff71D5FF|Hspell:1248339|h[Assassinio]|r.,,,350,0,12014,0,18,3,0,0,236174,0,0,0,0,0,0,0
Nessun Testimone,Abilità di Valeera sbloccata!,,|cff20ff20|Hdelvecompanionconfig:|h[Valeera Sanguinar]|h|r ha imparato una nuova abilità: |cff71D5FF|Hspell:1248595|h[Nessun Testimone]|r.,,,351,0,12014,0,18,3,0,0,132305,0,0,0,0,0,0,0
Libro Mastro Insanguinato dei Senza Corona,Abilità di Valeera sbloccata!,,|cff20ff20|Hdelvecompanionconfig:|h[Valeera Sanguinar]|h|r ha imparato una nuova abilità passiva: |cff71D5FF|Hspell:1260257|h[Libro Mastro Insanguinato dei Senza Corona]|r.,,,352,0,12014,0,18,3,0,0,4549131,0,0,0,0,0,0,0
Libro Mastro Insanguinato dei Senza Corona,La potenza di Valeera è aumentata!,,|cff20ff20|Hdelvecompanionconfig:|h[Valeera Sanguinaar]|h|r ha aumentato il suo grado di: |cff71D5FF|Hspell:1260257|h[Libro Mastro Insanguinato dei Senza Corona]|r.,,,353,0,12012,0,18,3,0,0,4549131,0,0,0,0,0,0,0
Raccolta Vampirica,Abilità di Valeera sbloccata!,,|cff20ff20|Hdelvecompanionconfig:|h[Valeera Sanguinar]|h|r ha imparato una nuova abilità: |cff71D5FF|Hspell:1249953|h[Raccolta Vampirica]|r.,,,354,0,12014,0,18,3,0,0,1450139,0,0,0,0,0,0,0
Velo dell'Ombra,Abilità di Valeera sbloccata!,,|cff20ff20|Hdelvecompanionconfig:|h[Valeera Sanguinar]|h|r ha imparato una nuova abilità: |cff71D5FF|Hspell:1250738|h[Velo dell'Ombra]|r.,,,355,0,12014,0,18,3,0,0,5852173,0,0,0,0,0,0,0
Veleno Assetato d'Anima,Abilità di Valeera sbloccata!,,|cff20ff20|Hdelvecompanionconfig:|h[Valeera Sanguinar]|h|r ha imparato una nuova abilità: |cff71D5FF|Hspell:1251862|h[Veleno Assetato d'Anima]|r.,,,356,0,12014,0,18,3,0,0,132290,0,0,0,0,0,0,0
Fumi Rigeneranti,Abilità di Valeera sbloccata!,,|cff20ff20|Hdelvecompanionconfig:|h[Valeera Sanguinar]|h|r ha imparato una nuova abilità: |cff71D5FF|Hspell:1250162|h[Fumi Rigeneranti]|r.,,,357,0,12014,0,18,3,0,0,237586,0,0,0,0,0,0,0
Antidolorifico,Abilità di Valeera sbloccata!,,|cff20ff20|Hdelvecompanionconfig:|h[Valeera Sanguinar]|h|r ha imparato una nuova abilità: |cff71D5FF|Hspell:1250763|h[Antidolorifico]|r.,,,358,0,12014,0,18,3,0,0,135936,0,0,0,0,0,0,0
Mantello dell'Oscurità,Abilità di Valeera sbloccata!,,|cff20ff20|Hdelvecompanionconfig:|h[Valeera Sanguinar]|h|r ha imparato una nuova abilità: |cff71D5FF|Hspell:1250769|h[Mantello dell'Oscurità]|r.,,,359,0,12014,0,18,3,0,0,136194,0,0,0,0,0,0,0
Codice Alchemico dei Senza Corona,Abilità di Valeera sbloccata!,,|cff20ff20|Hdelvecompanionconfig:|h[Valeera Sanguinar]|h|r ha imparato una nuova abilità passiva: |cff71D5FF|Hspell:1261074|h[Codice Alchemico dei Senza Corona]|r.,,,360,0,12014,0,18,3,0,0,4624733,0,0,0,0,0,0,0
Codice Alchemico dei Senza Corona,La potenza di Valeera è aumentata!,,|cff20ff20|Hdelvecompanionconfig:|h[Valeera Sanguinaar]|h|r ha aumentato il suo grado di: |cff71D5FF|Hspell:1261074|h[Codice Alchemico dei Senza Corona]|r.,,,361,0,12012,0,18,3,0,0,4624733,0,0,0,0,0,0,0
Nervi Sopiti,Abilità di Valeera sbloccata!,,|cff20ff20|Hdelvecompanionconfig:|h[Valeera Sanguinar]|h|r ha imparato una nuova abilità: |cff71D5FF|Hspell:1250892|h[Nervi Sopiti]|r.,,,362,0,12014,0,18,3,0,0,132286,0,0,0,0,0,0,0
Primo Errore,Abilità di Valeera sbloccata!,,|cff20ff20|Hdelvecompanionconfig:|h[Valeera Sanguinar]|h|r ha imparato una nuova abilità: |cff71D5FF|Hspell:1251050|h[Primo Errore]|r.,,,363,0,12014,0,18,3,0,0,458737,0,0,0,0,0,0,0
Tossina del Sangue,Abilità di Valeera sbloccata!,,|cff20ff20|Hdelvecompanionconfig:|h[Valeera Sanguinar]|h|r ha imparato una nuova abilità: |cff71D5FF|Hspell:1251997|h[Tossina del Sangue]|r.,,,364,0,12014,0,18,3,0,0,132290,0,0,0,0,0,0,0
Nube di Veleno,Abilità di Valeera sbloccata!,,|cff20ff20|Hdelvecompanionconfig:|h[Valeera Sanguinar]|h|r ha imparato una nuova abilità: |cff71D5FF|Hspell:1251054|h[Nube di Veleno]|r.,,,365,0,12014,0,18,3,0,0,5764921,0,0,0,0,0,0,0
Attacco dalle Ombre,Abilità di Valeera sbloccata!,,|cff20ff20|Hdelvecompanionconfig:|h[Valeera Sanguinar]|h|r ha imparato una nuova abilità: |cff71D5FF|Hspell:1251101|h[Attacco dalle Ombre]|r.,,,366,0,12014,0,18,3,0,0,3163618,0,0,0,0,0,0,0
Lame Macchiate di Sangue,Abilità di Valeera sbloccata!,,|cff20ff20|Hdelvecompanionconfig:|h[Valeera Sanguinar]|h|r ha imparato una nuova abilità: |cff71D5FF|Hspell:1251079|h[Lame Macchiate di Sangue]|r.,,,367,0,12014,0,18,3,0,0,236304,0,0,0,0,0,0,0
Manuale di Sotterfugi dei Senza Corona,Abilità di Valeera sbloccata!,,|cff20ff20|Hdelvecompanionconfig:|h[Valeera Sanguinar]|h|r ha imparato una nuova abilità passiva: |cff71D5FF|Hspell:1261077|h[Manuale di Sotterfugi dei Senza Corona]|r.,,,368,0,12014,0,18,3,0,0,4549135,0,0,0,0,0,0,0
Manuale di Sotterfugi dei Senza Corona,La potenza di Valeera è aumentata!,,|cff20ff20|Hdelvecompanionconfig:|h[Valeera Sanguinaar]|h|r ha aumentato il suo grado di: |cff71D5FF|Hspell:1261077|h[Manuale di Sotterfugi dei Senza Corona]|r.,,,369,0,12012,0,18,3,0,0,4549135,0,0,0,0,0,0,0
È comparso uno Stendardo Consacrato,,,,,,370,0,0,5554,18,13,0,0,462672,0,0,0,0,0,0,0
Le Grandi Spoglie Consacrate si manifesteranno al completamento della Scorribanda,,,,,,371,0,0,5554,18,13,0,0,462672,0,0,0,0,0,0,0
Le Spoglie Consacrate si manifesteranno al completamento della Scorribanda,,,,,,372,0,0,5554,18,13,0,0,462672,0,0,0,0,0,0,0
,,,La tua Percezione in Pesca di Midnight ti aiuta a trovare qualcosa di più:,,,373,0,0,0,22,3,0,0,0,0,0,0,0,0,0,0
Nuova spedizione sbloccata!,Pinnacolo dei Ventolesto,"
",,,,374,0,0,0,19,4,111899,0,7266215,0,0,0,0,0,0,0
Nuova spedizione sbloccata!,Traversa degli Intrighi,"
",,,,375,0,0,0,19,4,111933,0,7266213,0,0,0,0,0,0,0
Nuova spedizione sbloccata!,Terrazza dei Magistri,"
",,,,376,0,0,0,19,4,111934,0,7439625,0,0,0,0,0,0,0
Nuova spedizione sbloccata!,Caverne di Maisara,"
",,,,377,0,0,0,19,4,111935,0,7322719,0,0,0,0,0,0,0
Nuova spedizione sbloccata!,Tana di Nalorakk,"
",,,,378,0,0,0,19,4,111936,0,7266214,0,0,0,0,0,0,0
Nuova spedizione sbloccata!,Valle Accecante,"
",,,,379,0,0,0,19,4,111937,0,7354408,0,0,0,0,0,0,0
Nuova spedizione sbloccata!,Arena Sfregiavuoto,"
",,,,380,0,0,0,19,4,111938,0,7439626,0,0,0,0,0,0,0
Nuova spedizione sbloccata!,Punta del Nexus Xenas,"
",,,,382,0,0,0,19,4,111939,0,7553062,0,0,0,0,0,0,0
COMPLETATO,"Evento completato!
 |cFF1eff00Abbondanza Pura ottenuta: 600|TInterface\ICONS\INV_10_Gathering_BioluminescentSpores_Large.BLP:16:16|t|r",,,,,383,0,0,5765,17,8,1273114,0,0,0,1532,0,0,0,0,0
COMPLETATO,"Evento completato!
 |cFF1eff00Abbondanza Pura ottenuta: 900|TInterface\ICONS\INV_10_Gathering_BioluminescentSpores_Large.BLP:16:16|t|r",,,,,384,0,0,5765,17,8,1273115,0,0,0,1532,0,0,0,0,0
COMPLETATO,Evento completato!,,,,,385,0,0,5765,17,8,1273116,0,0,0,1532,0,0,0,0,0
Hai sbloccato Benedizioni della Medicina,"Kulzi, Loa della Medicina",,,"Kulzi, Loa della Medicina, è disponibile per il culto presso l'Altare delle Benedizioni ad Amani'zar.",,390,0,0,5727,18,3,0,0,7414435,0,0,0,0,0,0,0
Hai sbloccato Benedizioni dei Bambini,"Filo, Loa dell'Infanzia",,,"Filo, Loa dell'Infanzia, è disponibile per il culto presso l'Altare delle Benedizioni ad Amani'zar.",,391,0,0,5727,18,3,0,0,2205591,0,0,0,0,0,0,0
Hai sbloccato Benedizioni delle Profondità,"Pahk, Loa delle Profondità",,,"Pahk, Loa delle Profondità, è disponibile per il culto presso l'Altare delle Benedizioni ad Amani'zar.",,392,0,0,5727,18,3,0,0,2027958,0,0,0,0,0,0,0
Hai sbloccato Benedizioni della Carestia,"Mot'amra, Loa della Carestia",,,"Mot'amra, Loa della Carestia, è disponibile per il culto presso l'Altare delle Benedizioni ad Amani'zar.",,393,0,0,5727,18,3,0,0,2766226,0,0,0,0,0,0,0
Hai sbloccato Benedizioni dei Viaggiatori,"Wo'la Mona, Loa dei Viaggiatori",,,"Wo'la Mona, Loa dei Viaggiatori, è disponibile per il culto presso l'Altare delle Benedizioni ad Amani'zar.",,394,0,0,5727,18,3,0,0,4034841,0,0,0,0,0,0,0
Hai sbloccato Benedizioni del Sotterfugio,"Shadra, Loa del Sotterfugio",,,"Shadra, Loa del Sotterfugio, è disponibile per il culto presso l'Altare delle Benedizioni ad Amani'zar.",,395,0,0,5727,18,3,0,0,2027951,0,0,0,0,0,0,0
Hai sbloccato Benedizioni dell'Abbondanza,"Dundun, Loa dell'Abbondanza",,,"Dundun, Loa dell'Abbondanza, è disponibile per il culto presso l'Altare delle Benedizioni ad Amani'zar.",,396,0,0,5727,12,3,94834,0,6351950,0,0,0,0,0,0,0
Hai sbloccato Benedizioni del Pericolo,"Puul, Loa del Pericolo",,,"Puul, Loa del Pericolo, è disponibile per il culto presso l'Altare delle Benedizioni ad Amani'zar.",,397,0,0,5727,18,3,0,0,294472,0,0,0,0,0,0,0
Hai sbloccato Benedizioni della Crescita,"Oe, Loa della Crescita",,,"Oe, Loa della Crescita, è disponibile per il culto presso l'Altare delle Benedizioni ad Amani'zar.",,398,0,0,5727,18,3,0,0,464030,0,0,0,0,0,0,0
Hai sbloccato,Preda: Modalità Normale,,,,,399,149566,0,0,12,4,93086,0,7493985,0,0,0,0,0,0,0
Hai sbloccato,Preda: Modalità Difficile,,,,,400,149202,0,0,12,4,92178,0,7493985,0,0,0,0,0,0,0
Hai sbloccato,Preda: Modalità Incubo,,,,,401,149203,0,0,12,4,92182,0,7493985,0,0,0,0,0,0,0
Completa,"|cFF1eff00Pescatori dell'Abisso completato!
 |cFF1eff00Perle dei Pescatori ottenute: 600 |TInterface\ICONS\INV_MISC_ENCHANTEDPEARL.BLP:16:16|t|r",,,,,403,0,0,5765,17,8,1280008,0,0,0,1994,0,0,347959,347845,0
Completa,"|cFF1eff00Pescatori dell'Abisso completato!
 |cFF1eff00Perle dei Pescatori ottenute: 900 |TInterface\ICONS\INV_MISC_ENCHANTEDPEARL.BLP:16:16|t|r",,,,,404,0,0,5765,17,8,1280009,0,0,0,1994,0,0,347959,347845,0
Completa,|cFF1eff00Pescatori dell'Abisso: completato!,,,,,405,0,0,5765,17,8,1280010,0,0,0,1994,0,0,347959,347845,0
,,,Valeera Sanguinar ti ha aiutato a ottenere qualcosa in più:,,,415,0,0,0,22,3,0,0,0,0,0,0,0,0,0,0
COMPLETATO,Evento completato!,,,,,418,0,0,5765,17,8,1283455,0,0,0,1532,0,0,0,0,0
Completato,|cFF1eff00Pescatori dell'Abisso: completato!,,,,,419,0,0,5765,17,8,1283462,0,0,0,1994,0,0,0,0,0
ABBONDANZA,Punteggi migliori e totali,,,,,420,0,0,5765,17,8,1283464,0,0,0,1950,0,0,0,0,0
PESCATORI DELL'ABISSO,Punteggi migliori e totali,,,,,421,0,0,5765,17,8,1283466,0,0,0,1951,0,0,0,0,0
Funzionalità sbloccata!,Talenti apice,,|cff20ff20|Htalentpane:|h[Talento apice]|h|r sbloccato!,,,422,152789,12015,0,15,4,0,-2,1305149,0,0,0,0,0,0,0
Funzionalità sbloccata!,Talenti apice,,|cff20ff20|Htalentpane:|h[Talento apice]|h|r sbloccato!,,,423,152790,12015,0,15,4,0,-2,236699,0,0,0,0,0,0,0
Funzionalità sbloccata!,Talenti apice,,|cff20ff20|Htalentpane:|h[Talento apice]|h|r sbloccato!,,,424,152791,12015,0,15,4,0,-2,3601558,0,0,0,0,0,0,0
Funzionalità sbloccata!,Talenti apice,,|cff20ff20|Htalentpane:|h[Talento apice]|h|r sbloccato!,,,425,152796,12015,0,15,4,0,-2,7636565,0,0,0,0,0,0,0
Funzionalità sbloccata!,Talenti apice,,|cff20ff20|Htalentpane:|h[Talento apice]|h|r sbloccato!,,,426,152797,12015,0,15,4,0,-2,7636564,0,0,0,0,0,0,0
Funzionalità sbloccata!,Talenti apice,,|cff20ff20|Htalentpane:|h[Talento apice]|h|r sbloccato!,,,427,152798,12015,0,15,4,0,-2,572029,0,0,0,0,0,0,0
Funzionalità sbloccata!,Talenti apice,,|cff20ff20|Htalentpane:|h[Talento apice]|h|r sbloccato!,,,428,152799,12015,0,15,4,0,-2,1585420,0,0,0,0,0,0,0
Funzionalità sbloccata!,Talenti apice,,|cff20ff20|Htalentpane:|h[Talento apice]|h|r sbloccato!,,,429,152800,12015,0,15,4,0,-2,7439193,0,0,0,0,0,0,0
Funzionalità sbloccata!,Talenti apice,,|cff20ff20|Htalentpane:|h[Talento apice]|h|r sbloccato!,,,430,152801,12015,0,15,4,0,-2,1392545,0,0,0,0,0,0,0
Funzionalità sbloccata!,Talenti apice,,|cff20ff20|Htalentpane:|h[Talento apice]|h|r sbloccato!,,,431,152802,12015,0,15,4,0,-2,7636560,0,0,0,0,0,0,0
Funzionalità sbloccata!,Talenti apice,,|cff20ff20|Htalentpane:|h[Talento apice]|h|r sbloccato!,,,432,152803,12015,0,15,4,0,-2,7514190,0,0,0,0,0,0,0
Funzionalità sbloccata!,Talenti apice,,|cff20ff20|Htalentpane:|h[Talento apice]|h|r sbloccato!,,,433,152804,12015,0,15,4,0,-2,7514191,0,0,0,0,0,0,0
Funzionalità sbloccata!,Talenti apice,,|cff20ff20|Htalentpane:|h[Talento apice]|h|r sbloccato!,,,434,152805,12015,0,15,4,0,-2,1711341,0,0,0,0,0,0,0
Funzionalità sbloccata!,Talenti apice,,|cff20ff20|Htalentpane:|h[Talento apice]|h|r sbloccato!,,,435,152806,12015,0,15,4,0,-2,7137505,0,0,0,0,0,0,0
Funzionalità sbloccata!,Talenti apice,,|cff20ff20|Htalentpane:|h[Talento apice]|h|r sbloccato!,,,436,152807,12015,0,15,4,0,-2,4914677,0,0,0,0,0,0,0
Funzionalità sbloccata!,Talenti apice,,|cff20ff20|Htalentpane:|h[Talento apice]|h|r sbloccato!,,,437,152808,12015,0,15,4,0,-2,236222,0,0,0,0,0,0,0
Funzionalità sbloccata!,Talenti apice,,|cff20ff20|Htalentpane:|h[Talento apice]|h|r sbloccato!,,,438,152809,12015,0,15,4,0,-2,135818,0,0,0,0,0,0,0
Funzionalità sbloccata!,Talenti apice,,|cff20ff20|Htalentpane:|h[Talento apice]|h|r sbloccato!,,,439,152810,12015,0,15,4,0,-2,135845,0,0,0,0,0,0,0
Funzionalità sbloccata!,Talenti apice,,|cff20ff20|Htalentpane:|h[Talento apice]|h|r sbloccato!,,,440,152811,12015,0,15,4,0,-2,7514181,0,0,0,0,0,0,0
Funzionalità sbloccata!,Talenti apice,,|cff20ff20|Htalentpane:|h[Talento apice]|h|r sbloccato!,,,441,152812,12015,0,15,4,0,-2,7636530,0,0,0,0,0,0,0
Funzionalità sbloccata!,Talenti apice,,|cff20ff20|Htalentpane:|h[Talento apice]|h|r sbloccato!,,,442,152813,12015,0,15,4,0,-2,7514182,0,0,0,0,0,0,0
Funzionalità sbloccata!,Talenti apice,,|cff20ff20|Htalentpane:|h[Talento apice]|h|r sbloccato!,,,443,152814,12015,0,15,4,0,-2,1373907,0,0,0,0,0,0,0
Funzionalità sbloccata!,Talenti apice,,|cff20ff20|Htalentpane:|h[Talento apice]|h|r sbloccato!,,,444,152815,12015,0,15,4,0,-2,132287,0,0,0,0,0,0,0
Funzionalità sbloccata!,Talenti apice,,|cff20ff20|Htalentpane:|h[Talento apice]|h|r sbloccato!,,,445,152816,12015,0,15,4,0,-2,6735718,0,0,0,0,0,0,0
Funzionalità sbloccata!,Talenti apice,,|cff20ff20|Htalentpane:|h[Talento apice]|h|r sbloccato!,,,446,152817,12015,0,15,4,0,-2,7636570,0,0,0,0,0,0,0
Funzionalità sbloccata!,Talenti apice,,|cff20ff20|Htalentpane:|h[Talento apice]|h|r sbloccato!,,,447,152818,12015,0,15,4,0,-2,7658123,0,0,0,0,0,0,0
Funzionalità sbloccata!,Talenti apice,,|cff20ff20|Htalentpane:|h[Talento apice]|h|r sbloccato!,,,448,152819,12015,0,15,4,0,-2,7636571,0,0,0,0,0,0,0
Funzionalità sbloccata!,Talenti apice,,|cff20ff20|Htalentpane:|h[Talento apice]|h|r sbloccato!,,,449,152820,12015,0,15,4,0,-2,4667415,0,0,0,0,0,0,0
Funzionalità sbloccata!,Talenti apice,,|cff20ff20|Htalentpane:|h[Talento apice]|h|r sbloccato!,,,450,152821,12015,0,15,4,0,-2,135130,0,0,0,0,0,0,0
Funzionalità sbloccata!,Talenti apice,,|cff20ff20|Htalentpane:|h[Talento apice]|h|r sbloccato!,,,451,152822,12015,0,15,4,0,-2,7514183,0,0,0,0,0,0,0
Funzionalità sbloccata!,Talenti apice,,|cff20ff20|Htalentpane:|h[Talento apice]|h|r sbloccato!,,,452,152823,12015,0,15,4,0,-2,236151,0,0,0,0,0,0,0
Funzionalità sbloccata!,Talenti apice,,|cff20ff20|Htalentpane:|h[Talento apice]|h|r sbloccato!,,,453,152824,12015,0,15,4,0,-2,7195161,0,0,0,0,0,0,0
Funzionalità sbloccata!,Talenti apice,,|cff20ff20|Htalentpane:|h[Talento apice]|h|r sbloccato!,,,454,152825,12015,0,15,4,0,-2,5390644,0,0,0,0,0,0,0
Funzionalità sbloccata!,Talenti apice,,|cff20ff20|Htalentpane:|h[Talento apice]|h|r sbloccato!,,,455,152826,12015,0,15,4,0,-2,1408837,0,0,0,0,0,0,0
Funzionalità sbloccata!,Talenti apice,,|cff20ff20|Htalentpane:|h[Talento apice]|h|r sbloccato!,,,456,152827,12015,0,15,4,0,-2,7514188,0,0,0,0,0,0,0
Funzionalità sbloccata!,Talenti apice,,|cff20ff20|Htalentpane:|h[Talento apice]|h|r sbloccato!,,,457,152828,12015,0,15,4,0,-2,7297526,0,0,0,0,0,0,0
Funzionalità sbloccata!,Talenti apice,,|cff20ff20|Htalentpane:|h[Talento apice]|h|r sbloccato!,,,458,152829,12015,0,15,4,0,-2,5764903,0,0,0,0,0,0,0
Funzionalità sbloccata!,Talenti apice,,|cff20ff20|Htalentpane:|h[Talento apice]|h|r sbloccato!,,,459,152830,12015,0,15,4,0,-2,5899327,0,0,0,0,0,0,0
Funzionalità sbloccata!,Talenti apice,,|cff20ff20|Htalentpane:|h[Talento apice]|h|r sbloccato!,,,460,152831,12015,0,15,4,0,-2,7514186,0,0,0,0,0,0,0
Funzionalità sbloccata!,Talenti apice,,|cff20ff20|Htalentpane:|h[Talento apice]|h|r sbloccato!,,,461,152832,12015,0,15,4,0,-2,7514187,0,0,0,0,0,0,0
Sito Rituale Distrutto,|nPunteggio finale: |cFFFFFFFF%3449c|r,,,,,463,0,0,5765,17,6,1286799,0,0,1992,0,0,0,0,0,0
Sito Rituale Distrutto,|nMoltiplicatore combinato: |cFFFFFFFF+%3452c%|r|n|nPunteggio finale: |cFFFFFFFF%3449c|r,,,,,464,0,0,5765,17,8,1286803,0,0,2104,1991,0,0,183157,183155,0
Sito Rituale interrotto,|nMoltiplicatore combinato: |cFFFFFFFF+%3452c%|r|n|nPunteggio finale: |cFFFFFFFF%3449c|r,,,,,467,0,0,5765,17,8,1290785,0,0,2105,1991,0,0,183157,183155,0
Sito Rituale interrotto,|nPunteggio finale: |cFFFFFFFF%3449c|r,,,,,468,0,0,5765,17,6,1290786,0,0,2103,0,0,0,0,0,0
,,,,,,484,0,0,5765,16,8,1298864,0,0,2166,2159,0,0,0,0,0
