ID,Text_lang,SortIndex,Min_level,Max_level,ContentTuningID
201,"|cffffd100Astuce :|r annulez l’incantation d’un sort en vous déplaçant, en sautant ou en appuyant sur la touche <Échap>.",2,0,0,6416
222,|cffffd100Astuce :|r faites un <Ctrl>+clic sur un objet pour voir quelle serait votre apparence si vous le portiez.,4,0,0,6416
223,|cffffd100Astuce :|r un objet dont le nom apparaît en gris est de piètre qualité et devrait le plus souvent être vendu à un marchand.,5,0,0,6419
224,|cffffd100Astuce :|r un objet dont le nom apparaît en blanc est utile aux joueurs d’une certaine façon. Il peut être utilisé ou vendu à l’hôtel des ventes.,6,0,0,6419
225,"|cffffd100Astuce :|r vous pouvez envoyer du courrier aux autres joueurs de votre royaume, ou même à vos autres personnages, à partir de n’importe quelle boîte aux lettres du jeu.",7,0,0,6416
226,|cffffd100Astuce :|r faites un <Maj>+clic sur un objet pour créer un lien vers cet objet dans la fenêtre de discussion.,8,0,0,6417
227,"|cffffd100Astuce :|r reconfigurez les raccourcis de vos barres d’actions en accédant au menu Options avec la touche <Échap>, puis en sélectionnant Raccourcis.",11,0,0,6415
229,"|cffffd100Astuce :|r si une cible apparaît grisée sur votre minicarte, c’est qu’elle se trouve dans une grotte ou un bâtiment où vous n’êtes pas.",12,0,0,6415
230,"|cffffd100Astuce :|r le système des emotes vous permet d’accomplir de nombreuses actions amusantes. Par exemple, tapez /danser pour danser.",17,0,0,6416
231,|cffffd100Astuce :|r accédez au menu Interface en appuyant sur la touche <Échap> afin de personnaliser les options du jeu.,20,0,0,6416
234,|cffffd100Astuce :|r l’icône Courrier qui apparaît à côté de votre minicarte vous informe que vous avez reçu un nouveau message. Rendez-vous à une boîte aux lettres pour le consulter.,21,0,0,6416
235,|cffffd100Astuce :|r ajoutez des barres d’actions supplémentaires à votre interface de jeu en accédant au menu Interface avec la touche <Échap>.,22,0,0,6424
236,"|cffffd100Astuce :|r si vous maintenez la touche Maj enfoncée tout en cliquant droit sur une cible pour prendre le butin, vous prendrez automatiquement tout le butin se trouvant sur la cible.",23,0,0,6417
237,"|cffffd100Astuce :|r si vous avez aimé jouer avec quelqu’un, ajoutez-le à votre liste de contacts !",27,0,0,6416
240,"|cffffd100Astuce :|r si vous ne voulez plus qu’un joueur vous parle, cliquez sur son nom avec le bouton droit et sélectionnez Ignorer. Vous pourrez toujours changer d’avis par la suite.",159,0,0,6414
241,"|cffffd100Astuce :|r ciblez les membres de votre groupe à l’aide des touches Fonction. F1 vous cible vous-même, F2 cible le deuxième coéquipier, et ainsi de suite.",31,0,0,6418
242,"|cffffd100Astuce :|r si vous êtes poli en groupe, vous aurez plus de chances d’être invité à nouveau !",30,0,0,6423
243,"|cffffd100Astuce :|r pour obtenir des informations supplémentaires sur une faction, cliquez sur son nom dans l’onglet de réputation.",32,0,0,6417
244,|cffffd100Astuce :|r un monstre avec une étoile sous son portrait est un monstre rare qui détient un trésor de valeur supérieure à la moyenne.,33,0,0,6415
245,"|cffffd100Astuce :|r lorsque vous consultez la carte, utilisez la molette de la souris pour zoomer sur une zone afin de la regarder de plus près.",36,0,0,6423
251,|cffffd100Astuce :|r terminer des quêtes et des donjons est le meilleur moyen de gagner des niveaux.,45,0,0,6420
254,|cffffd100Astuce :|r masquez l’interface à l’aide des touches <Alt>+W avant de faire une capture d’écran avec <Impr écran>.,44,0,0,6417
256,"|cffffd100Astuce :|r faites un clic droit sur la carte pour afficher le continent, puis le monde, et un clic gauche pour revenir à une vue plus locale.",40,0,0,6419
258,|cffffd100Astuce :|r faites un <Maj>+clic sur le nom d’un personnage-joueur dans la fenêtre de discussion pour consulter des informations supplémentaires le concernant.,3,0,0,6424
261,|cffffd100Astuce :|r un point d’interrogation bleu au-dessus d’un donneur de quête indique que la quête peut être rejouée.,48,0,0,6418
263,|cffffd100Astuce :|r utilisez la touche <Tab> pour faire défiler les ennemis proches se trouvant devant vous.,13,0,0,6415
281,|cffffd100Astuce :|r faites un <Maj>+clic sur un objet vendu par un marchand pour choisir la quantité désirée.,50,0,0,6415
282,|cffffd100Astuce :|r accédez à un métier nouvellement appris dans l’interface Métiers (raccourci par défaut : K).,10,0,0,6416
321,"|cffffd100Astuce :|r si vous avez des difficultés à trouver quelque chose dans une capitale, cliquez sur un garde pour qu’il vous renseigne.",14,0,0,6417
341,|cffffd100Astuce :|r souvenez-vous que tout doit être apprécié avec modération (même World of Warcraft !),143,0,0,6423
381,|cffffd100Astuce :|r faites un <Maj>+clic sur une pile d’objets pour la fractionner en piles plus petites.,54,0,0,6415
382,|cffffd100Astuce :|r appuyer simultanément sur les deux boutons de la souris fait aussi avancer votre personnage.,55,0,0,6423
384,|cffffd100Astuce :|r vous pouvez annuler les effets bénéfiques en faisant un clic droit sur l’icône du sort affichée en haut de l’écran.,9,0,0,6417
388,|cffffd100Astuce :|r cliquez sur le lien d’un nom d’objet dans la fenêtre de discussion pour obtenir plus d’informations sur lui.,57,0,0,6423
389,"|cffffd100Astuce :|r vous ne pouvez pas exercer plus de deux métiers à la fois, mais vous pouvez apprendre toutes les compétences secondaires (cuisine, pêche et archéologie).",19,0,0,6414
390,|cffffd100Astuce :|r il est bien vu de parler à quelqu’un avant de l’inviter dans un groupe ou d’ouvrir une fenêtre d’échange.,58,0,0,6423
392,|cffffd100Astuce :|r vos objets ne subissent pas de dégâts de durabilité si vous vous faites tuer par un personnage-joueur de la faction adverse.,60,0,0,6418
393,|cffffd100Astuce :|r faites <Maj>+clic sur une quête dans votre journal pour activer son suivi.,61,0,0,6424
394,|cffffd100Astuce :|r les donneurs de quête proches qui attendent votre retour sont indiqués par des points d’interrogation jaunes sur votre minicarte.,63,0,0,6424
396,|cffffd100Astuce :|r les donneurs de quête proches qui attendent votre retour sont indiqués par un point d’interrogation sur votre minicarte.,1,0,0,6419
398,|cffffd100Astuce :|r vous pouvez cliquer sur les icônes numérotées de l’interface de suivi des quêtes pour en choisir une à suivre.,41,0,0,6414
399,|cffffd100Astuce :|r les quêtes que vous accomplissez quand vous êtes au niveau maximum vous rapportent des pièces d’or à la place de l’expérience.,64,0,0,6421
403,"|cffffd100Astuce :|r par défaut, appuyer sur la touche B ouvrira tous vos sacs d’un coup.",65,0,0,6416
404,"|cffffd100Astuce :|r lors de vos interactions avec d’autres personnages, souvenez-vous qu’un minimum de courtoisie peut ouvrir bien des portes !",156,0,0,6423
405,|cffffd100Astuce :|r vos chances de rencontrer des monstres errants sont réduites si vous restez sur les routes.,42,0,0,6423
406,|cffffd100Astuce :|r utilisez l’outil Donjons pour rejoindre rapidement d’autres personnages-joueurs dans un donjon à 5 !,28,0,0,6416
407,"|cffffd100Astuce :|r amenez vos amis en Azeroth, mais n’oubliez pas pour autant de les voir en dehors d’Azeroth.",66,0,0,6423
409,"|cffffd100Astuce :|r si vous videz régulièrement votre boîte à lettre, l’icône de courrier vous avertira en cas de nouveaux messages !",67,0,0,6424
410,|cffffd100Astuce :|r ne donnez jamais les informations relatives à votre compte à un autre joueur.,68,0,0,6423
411,|cffffd100Astuce :|r partager un compte peut compromettre sa sécurité.,35,0,0,6423
419,|cffffd100Astuce :|r un monstre doté d’une barre de points de vie grise est déjà aux prises avec d’autres personnages-joueurs. Il ne vous rapportera ni butin ni expérience.,70,0,0,6414
422,"|cffffd100Astuce :|r pour voir la carte, cliquez sur le nom de la région au-dessus de la minicarte ou appuyez sur la touche M.",72,0,0,6419
423,|cffffd100Astuce :|r les donjons de haut niveau proposent souvent un mode mythique qui n’est pas disponible via l’outil Donjons. De grandes récompenses sont offertes aux aventuriers les plus braves !,73,0,0,6421
426,"|cffffd100Astuce :|r l’outil Donjons vous permet de vous téléporter dans votre donjon. Sinon, vous pouvez utiliser les pierres de rencontre pour invoquer les membres du groupe qui ne sont pas sur place.",77,0,0,6417
427,|cffffd100Astuce :|r la partie Contrôle parental du site de Gestion de compte vous propose des outils pour vous aider à gérer le temps de jeu.,78,0,0,6414
428,|cffffd100Astuce :|r faites un <Maj>+clic sur des expéditions pour en suivre plusieurs à la fois.,79,0,0,6421
429,|cffffd100Astuce :|r une quête pour laquelle est indiqué un (Échec) dans le journal de quêtes peut être reprise auprès du personnage qui la proposait.,80,0,0,6424
430,|cffffd100Astuce :|r le nombre qui apparaît en regard du nom d’une quête dans le journal indique le nombre de personnes de votre groupe qui l’ont aussi à accomplir.,81,0,0,6418
431,"|cffffd100Astuce :|r lorsque vous faites partie d’un groupe de raid, vous ne pouvez pas faire progresser la plupart des quêtes.",82,0,0,6418
432,"|cffffd100Astuce :|r il n’est pas possible d’annuler vos enchères à l’hôtel des ventes, placez-les avec prudence.",83,0,0,6417
434,|cffffd100Astuce :|r le courrier est conservé 30 jours au maximum avant de disparaître.,85,0,0,6424
435,|cffffd100Astuce :|r il est possible de modifier l’apparence de votre équipement en rendant visite aux spécialistes de la transmogrification. Leur emplacement est indiqué par une icône de heaume rose et violet sur votre minicarte.,86,0,0,6418
438,|cffffd100Astuce :|r rachetez les objets que vous avez récemment vendus à un marchand via l’onglet de rachat.,88,0,0,6414
439,|cffffd100Astuce :|r le chef d’un groupe peut réinitialiser ses instances ou en modifier la difficulté grâce au menu disponible par clic droit sur son portrait.,89,0,0,6418
440,|cffffd100Astuce :|r n’importe quel aubergiste pourra toujours vous fournir une nouvelle pierre de foyer.,90,0,0,6423
442,"|cffffd100Astuce :|r les personnages-joueurs ne peuvent pas esquiver, parer ou bloquer les attaques portées dans leur dos.",92,0,0,6417
444,|cffffd100Astuce :|r vous pouvez remplacer une gemme déjà sertie dans un objet en posant une nouvelle gemme par-dessus dans l’interface de sertissage.,93,0,0,6418
446,|cffffd100Astuce :|r vous ne pouvez bénéficier que d’un Élixir de bataille et d’un Élixir du Gardien simultanément.,95,0,0,6418
447,|cffffd100Astuce :|r passez votre souris au-dessus d’un objet en maintenant la touche <Maj> enfoncée pour le comparer à votre équipement actuel.,96,0,0,6424
448,"|cffffd100Astuce :|r vous pouvez posséder jusqu’à 18 personnages par royaume, dans la limite de 50 tous royaumes confondus.",97,0,0,6424
449,"|cffffd100Astuce :|r vous pouvez réutiliser un texte que vous avez récemment écrit. Appuyez sur Entrée, puis appuyez sur la touche <Alt> et la flèche vers le haut pour faire défiler vos précédents messages.",98,0,0,6418
450,|cffffd100Astuce :|r la plupart des montures et des mascottes sont partagées par les personnages de votre bataillon.,101,0,0,6417
451,"|cffffd100Astuce :|r merci de jouer à World of Warcraft, vous déchirez !",102,0,0,6414
452,|cffffd100Astuce :|r terrassez des personnages-joueurs ennemis pour gagner des niveaux d’honneur et débloquer de prestigieuses récompenses ornementales !,103,0,0,6418
453,|cffffd100Astuce :|r vous pouvez apprendre à utiliser les montures volantes au niveau 30 !,108,0,0,6424
454,"|cffffd100Astuce :|r accomplir certains hauts faits donne accès à des récompenses, des objets uniques non liés au combat.",109,0,0,6418
456,|cffffd100Astuce :|r infliger des dégâts ou soigner génère de la menace envers des créatures. La plupart des créatures attaquent le joueur ayant la plus forte menace envers elles. Les tanks génèrent de la menace supplémentaire et sont donc tout indiqués pour accaparer l’attention de l’ennemi.,111,0,0,6416
457,|cffffd100Astuce :|r les donjons en mode mythique sont un excellent moyen de vivre des aventures épiques (voire légendaires) avec vos amis !,112,0,0,6424
458,|cffffd100Astuce :|r vous voulez tester une nouvelle classe ? Créez-vous un personnage d’essai de classe !,113,0,0,6418
459,"|cffffd100Astuce :|r les salons de coiffure situés dans de nombreuses villes vous permettent de personnaliser entièrement l’apparence de votre personnage, et gratuitement !",114,0,0,6417
460,|cffffd100Astuce :|r parrainer un ami dans World of Warcraft vous permet à tous les deux d’obtenir de belles récompenses.,115,0,0,6416
461,"|cffffd100Astuce :|r pour accéder aux donjons en mode héroïque à l’aide de l’outil Donjons, vous devez disposer d’un équipement d’un niveau d’objet minimum. Cette restriction ne s’applique cependant pas aux groupes complets.",117,0,0,6424
462,"|cffffd100Astuce :|r la plupart des récompenses de quête ont une chance de voir leur qualité améliorée, ce qui peut grandement augmenter leur puissance !",116,0,0,6424
464,"|cffffd100Astuce :|r utilisez le calendrier pour visualiser les évènements saisonniers à venir ou pour organiser des activités avec votre guilde, vos amis ou des communautés.",99,0,0,6418
465,|cffffd100Astuce :|r cliquez sur l’horloge au-dessus de la minicarte pour programmer une alarme ou afficher un chronomètre.,100,0,0,6416
466,"|cffffd100Astuce :|r si vous vous retrouvez sans personne, chevauchant votre monture à travers de verts pâturages avec le soleil sur le visage, n’en ressentez aucun trouble, car vous êtes sur Azeroth !",104,0,0,6424
467,"|cffffd100Astuce :|r si vous souhaitez faire quelque chose de différent, tentez d’accomplir des hauts faits inhabituels.",105,0,0,6424
468,"|cffffd100Astuce :|r dans un message de discussion en cours de saisie, faire un <Maj>+clic sur une quête, un objet ou un haut fait permet d’ajouter un lien vers cet élément.",106,0,0,6418
469,|cffffd100Astuce :|r suivez la progression de vos quêtes et hauts faits en cours en faisant un <Maj>+clic sur l’élément qui vous intéresse.,107,0,0,6424
470,|cffffd100Astuce :|r cliquez sur les jumelles près de votre minicarte pour afficher de nombreuses informations concernant notamment les quêtes de bas niveau ou les boîtes aux lettres.,16,0,0,6416
471,|cffffd100Astuce :|r un sanctuaire est une zone où les combats en JcJ ne sont pas autorisés.,119,0,0,6416
472,|cffffd100Astuce :|r la plupart des factions disposent d’un intendant proposant une sélection d’objets accessibles aux personnages dont la réputation est suffisante.,120,0,0,6418
473,"|cffffd100Astuce :|r le calendrier vous apprend quand vos raids sont réinitialisés. Dans la fenêtre Infos Raid, vous pouvez décider de prolonger ou non un verrouillage de raid si vous souhaitez conserver votre progression.",121,0,0,6421
475,"|cffffd100Astuce :|r si vous rencontrez des difficultés à venir à bout d’un groupe de créatures en donjon, essayez d’utiliser une technique de contrôle, comme Métamorphose ou Assommer, afin de neutraliser un ennemi. Divisez pour mieux régner !",154,0,0,6418
476,"|cffffd100Astuce :|r sur votre minicarte, les cibles apparaissent avec une flèche indiquant si elles se trouvent en dessous ou au-dessus de vous.",15,0,0,6416
479,|cffffd100Astuce :|r vous pouvez utiliser le Gestionnaire d’équipement pour échanger rapidement des ensembles d’équipement que vous utilisez souvent.,124,0,0,6418
483,|cffffd100Astuce :|r appuyez sur « Alt » lorsque le curseur est sur un emplacement d’objet dans votre feuille de personnage pour afficher une liste d’objets dont vous pouvez vous équiper à cet emplacement.,128,0,0,6416
489,"|cffffd100Astuce :|r si la barre de sorts d’un ennemi est grise ou entourée d’une icône de bouclier, vous ne pouvez pas interrompre ce sort à l’aide de vos capacités.",129,0,0,6418
490,|cffffd100Astuce :|r votre guilde peut prévoir des Évènements de guilde à l’aide du calendrier en jeu. Vous pouvez choisir de vous y inscrire plutôt que d’attendre une invitation.,157,0,0,6418
491,"|cffffd100Astuce :|r lorsque la fonctionnalité de remplissage automatique suggère des noms de personnages, appuyez sur Tab ou Maj + Tab pour sélectionner un nom dans la liste.",131,0,0,6418
500,|cffffd100Astuce :|r vérifiez toujours que vous êtes sur un site officiel de Blizzard lorsque vous indiquez vos informations de compte.,132,0,0,6423
501,|cffffd100Astuce :|r les e-mails officiels envoyés par Blizzard proviennent toujours d’une adresse se terminant par blizzard.com.,133,0,0,6423
504,|cffffd100Astuce :|r utiliser un Blizzard Mobile Authenticator vous aidera à protéger votre compte World of Warcraft des vols.,136,0,0,6423
505,"|cffffd100Astuce :|r pour éviter qu’on vous vole votre compte, ne vous connectez pas à World of Warcraft depuis un ordinateur public. Ces ordinateurs peuvent être infectés par des logiciels malveillants.",137,0,0,6423
506,|cffffd100Astuce :|r méfiez-vous des sites non officiels proposant des services payants sur World of Warcraft. Ces sites peuvent contenir des logiciels malveillants entraînant le vol de votre compte.,138,0,0,6414
508,|cffffd100Astuce :|r les lieux de quêtes et les donneurs de quêtes sont visibles sur votre carte.,140,0,0,6419
509,|cffffd100Astuce :|r vous pouvez obtenir des récompenses lorsque vous terminez des donjons aléatoires en utilisant l’outil Donjons. Vous pouvez vous associer avec des amis ou utiliser l’outil Donjons pour trouver un groupe.,141,0,0,6416
538,|cffffd100Astuce :|r faites pivoter votre personnage en déplaçant la souris tout en maintenant le clic droit enfoncé. Vous pouvez regarder autour de vous en déplaçant la souris tout en maintenant le clic gauche enfoncé.,142,0,0,6419
543,|cffffd100Astuce :|r ne restez pas dans le feu !,145,0,0,6418
578,|cffffd100Astuce :|r la fonctionnalité « Jeux de guerre » permet à votre chef de groupe de défier un autre groupe pour une escarmouche de son choix en arène ou sur un champ de bataille. Le jeu de guerre peut être lancé à partir de l’écran Joueur contre Joueur.,162,0,0,6424
589,|cffffd100Astuce :|r vous pouvez utiliser l’outil Raids pour rejoindre un raid de 25 joueurs et découvrir une facette du jeu parmi les plus épiques que World of Warcraft ait à offrir.,164,0,0,6421
596,|cffffd100Astuce :|r votre bataillon peut réaliser beaucoup de hauts faits. Tous vos personnages peuvent contribuer à leur progression.,167,0,0,6417
597,|cffffd100Astuce :|r rendez visite à un maître des mascottes de combat si vous souhaitez faire collection de mascottes et en affronter.,168,0,0,6424
601,"|cffffd100Astuce :|r les mascottes sont partagées dans votre bataillon. Si l’un des personnages en possède une, tous les autres peuvent également l’utiliser.",172,0,0,6417
602,|cffffd100Astuce :|r glissez/déposez des icônes depuis le grimoire et la page des talents vers vos barres d’actions.,173,0,0,6414
603,"|cffffd100Astuce :|r vous pouvez créer un personnage secondaire, aussi appelé « alt », pour essayer une classe, une race ou une faction différente.",174,0,0,6418
604,|cffffd100Astuce :|r le rôle des tanks est de contrôler les créatures ennemies pendant les attaques en groupe. Ils infligent moins de dégâts mais ont une meilleure capacité de survie.,175,0,0,6416
605,|cffffd100Astuce :|r le rôle des soigneurs consiste à guérir les autres membres du groupe tout en restant en vie.,176,0,0,6416
606,|cffffd100Astuce :|r le rôle des personnages-joueurs spécialisés en dégâts (parfois appelés « DPS ») consiste à abattre les ennemis. Ils sont aidés par les tanks et les soigneurs.,177,0,0,6416
612,|cffffd100Astuce :|r vous êtes bloqué sur une quête ? Vous ne trouvez pas un PNJ ? Vous recherchez les caractéristiques d’un objet ? N’hésitez pas à vous rendre sur les forums WoW et les sites de fan !,181,0,0,6423
620,|cffffd100Astuce :|r vous pouvez choisir de recevoir du butin pour une spécialisation de classe différente en faisant un clic droit sur le portrait de votre personnage et en choisissant Spécialisation du butin.,185,0,0,6418
624,"|cffffd100Astuce :|r les raids normaux et héroïques s’adaptent aux groupes de 10 à 30 joueurs en termes de difficulté et de récompenses, pour que personne ne soit obligé de rester sur le carreau !",186,0,0,6421
626,|cffffd100Astuce :|r consultez le coffre à jouets dans votre menu Collections. Tous vos objets ornementaux et autres jouets y sont automatiquement rangés une fois ramassés.,187,0,0,6417
630,|cffffd100Astuce :|r utiliser l’outil Donjons avec un groupe d’amis vous confère un supplément d’or en bonus.,191,0,0,6424
631,|cffffd100Astuce :|r les caractéristiques d’objets grisées ne contribuent pas à la puissance de votre personnage.,192,0,0,6415
632,"|cffffd100Astuce :|r l’outil Groupes prédéfinis vous permet de créer ou de trouver des groupes pour les donjons, raids, quêtes, sessions de JcJ organisées, ou toute autre activité collective !",193,0,0,6418
643,|cffffd100Astuce :|r vous êtes en difficulté face à un adversaire difficile ? Il suffit de maintenir vos points de vie au-dessus de 0 tout en réduisant ceux de votre ennemi à 0. Ça marche à tous les coups !,197,0,0,6418
746,"|cffffd100Astuce :|r vous voulez réveiller le guerrier qui sommeille en vous ? Activez le mode Guerre dans la capitale de votre faction, et aventurez-vous dans le monde en mode combat Joueur contre Joueur pour remporter des points d’expérience et des récompenses de quête supplémentaires !",200,0,0,6417
749,"|cffffd100Astuce :|r les communautés proposent des canaux de discussion, des communications vocales et des calendriers d’évènements afin de vous aider à trouver de nouveaux compagnons d’aventure ou à rester en contact avec un ami évoluant sur un autre royaume.",203,0,0,6418
754,"|cffffd100Astuce :|r si le choix d’une congrégation est important, il n’est pas pour autant définitif. Vous pouvez en changer librement à Oribos une fois que vous avez atteint le niveau maximum de renom auprès de l’une d’entre elles.",205,0,0,6424
755,|cffffd100Astuce :|r vous débutez dans WoW ? Les personnages-joueurs signalés par un pennon vert sont des guides qui peuvent vous aider à vous familiariser avec Azeroth !,206,0,0,6419
757,"|cffffd100Astuce :|r les personnages de bas niveau peuvent se rendre auprès de Chromie, dans la capitale de leur faction, afin de revisiter les mondes des extensions passées et d’achever leurs suites de quêtes.",208,0,0,6418
758,"|cffffd100Astuce :|r quand vous faites partie d’un groupe, vous pouvez activer la synchronisation pour rejoindre vos amis en cours de quête ou de tout autre contenu de niveau inférieur, même si vous l’avez déjà terminé.",209,0,0,6418
760,"|cffffd100Astuce :|r les quêtes associées à une campagne sont indiquées par une icône plus complexe et apparaissent en haut du journal. En les achevant, vous progresserez dans le scénario principal et débloquerez de nouvelles options de jeu.",211,0,0,6418
761,|cffffd100Astuce :|r le mystérieux runomancien de Tourment peut imprégner de puissants objets d’artisanat pour les transformer en équipement légendaire !,212,0,0,6424
762,|cffffd100Astuce :|r certains sorts et compétences ont une efficacité réduite en combat joueur contre joueur (JcJ).,213,0,0,6418
763,"|cffffd100Astuce :|r quand vous consultez la carte, la commande <Ctrl>+clic permet de placer un repère facilitant la navigation et la commande <Maj>+clic de le partager avec d’autres joueurs.",214,0,0,6417
764,|cffffd100Astuce :|r cliquez sur le nombre affiché à côté d’une quête dans votre suivi des objectifs pour activer un repère de navigation qui vous orientera jusqu’au lieu correspondant.,215,0,0,6415
765,"|cffffd100Astuce :|r la section Accessibilité du menu Interface contient des options permettant d’atténuer les effets du daltonisme, de la cinétose, de la déficience visuelle et bien plus encore !",216,0,0,6414
766,|cffffd100Astuce :|r les personnages-joueurs ayant appris la couture peuvent confectionner des sacs bien plus spacieux que les modèles disponibles auprès des vendeurs. Ces sacs sont généralement proposés à la vente à l’hôtel des ventes.,217,0,0,6415
767,|cffffd100Astuce :|r la recherche de guilde et de communauté (associée par défaut à la touche J) peut vous aider à trouver des groupes de joueurs partageant vos intérêts et objectifs dans WoW.,218,0,0,6415
768,|cffffd100Astuce :|r le Guide de l’aventurier (raccourci par défaut : MAJ+J) vous oriente vers un contenu adapté à votre niveau et vous informe des évènements temporaires en cours.,219,0,0,6416
772,"|cffffd100Astuce :|r lorsque vous gagnez un niveau, vous obtenez un point de talent qui vous permet de personnaliser et d’améliorer vos prouesses en combat.",223,0,0,6420
773,|cffffd100Astuce :|r Prenez le contrôle de vos aventures dans World of Warcraft en appuyant sur la touche ECHAP et en sélectionnant le Mode Édition pour déplacer ou redimensionner de nombreux éléments de l’interface.,224,0,0,6416
775,"|cffffd100Astuce :|r les points de hauts faits sont partagés dans votre bataillon, même pour ceux accomplis avec un personnage spécifique.",225,0,0,6418
776,"|cffffd100Astuce :|r vous pouvez fabriquer des objets avec des composants stockés dans la banque de bataillon, ce qui vous permet de coopérer facilement avec tous vos personnages pour couvrir divers métiers.",226,0,0,6418
777,"|cffffd100Astuce :|r votre bataillon est composé de tous les personnages de votre compte. Ils partagent de nombreuses choses, comme les collections, les trajets aériens et même la progression dans certaines réputations.",227,0,0,6418
778,|cffffd100Astuce :|r tout ce qui porte la mention « bataillon » peut être partagé avec tous les personnages de votre compte.,228,0,0,6418
779,|cffffd100Astuce :|r les monnaies portant la mention « Transférable au bataillon » peuvent être transférées à vos autres personnages. Choisissez ces monnaies dans le menu Monnaie pour commencer.,229,0,0,6418
780,"|cffffd100Astuce :|r vous avez récupéré un objet que votre personnage ne peut pas utiliser ? S’il est lié au bataillon, donnez-le à un autre de vos personnages, ou essayez une nouvelle classe qui peut l’utiliser !",230,0,0,6418
781,"|cffffd100Astuce :|r vous avez un objet « Lié quand équipé » que vous ne pouvez pas porter, mais vous voulez en collecter l’apparence ? Faites un clic droit dessus ou faites-le glisser pour le déplacer vers votre menu de personnage.",231,0,0,6424
782,"|cffffd100Astuce :|r vous pouvez ajouter l’apparence de la plupart des objets à votre collection de bataillon, même si votre personnage ne peut pas s’en équiper.",232,0,0,6418
783,"|cffffd100Astuce :|r la plupart des quêtes déjà accomplies dans votre bataillon seront masquées sur la carte et en gris ailleurs. Si vous voulez désactiver ce processus, vous pouvez le faire dans les menus de suivi ou de filtres de carte.",233,0,0,6418
784,"|cffffd100Astuce :|r tapez /monturespéciale pour que votre monture effectue une animation spéciale au sol. Pour un accès rapide, ajoutez cette commande à une /macro !",234,0,0,6416
785,"|cffffd100Astuce :|r vous pouvez modifier l’apparence de votre équipement auprès des spécialistes de la transmogrification. Cette modification restera active tant que vous le voulez, même si vous changez d’équipement !",235,0,0,6417
786,|cffffd100Astuce :|r vous pouvez rendre visite aux spécialistes de la transmogrification pour changer l’apparence des types d’armes que vous n’êtes pas en train de manier.,236,0,0,6417
787,|cffffd100Astuce :|r parlez aux spécialistes de la transmogrification pour acheter de nouvelles tenues. Vous pouvez en changer quand vous le voulez.,237,0,0,6417
788,"|cffffd100Astuce :|r parlez aux spécialistes de la transmogrification pour définir des conditions de tenue. Vous en changerez automatiquement selon les conditions choisies, comme en changeant de spécialisation, en entrant dans un donjon ou en rentrant dans votre logis.",238,0,0,6417
789,"|cffffd100Astuce :|r le mode Édition (accessible via le menu <Échap>) vous permet de changer la taille, la position et même l’opacité de nombreux éléments d’interface à l’écran.",239,0,0,6416
790,|cffffd100Astuce :|r utilisez le mode Édition (accessible via le menu <Échap>) pour personnaliser l’interface. Vous pouvez importer des configurations ou partager les vôtres.,240,0,0,6416
791,"|cffffd100Astuce :|r grâce au gestionnaire de temps de recharge, vous pouvez surveiller les améliorations et les temps de recharge importants pour votre classe. Il s’active dans le menu Options > Améliorations de gameplay.",241,0,0,6418
792,"|cffffd100Astuce :|r l’assistant à bouton unique lance vos techniques offensives selon un système de priorités. Vous le trouverez en haut à droite de votre grimoire, et vous pouvez le glisser vers votre barre d’actions.",242,0,0,6414
793,"|cffffd100Astuce :|r votre nombre de techniques vous donne le tournis ? Essayez l’assistant à bouton unique, situé en haut à droite de votre grimoire.",243,0,0,6414
794,"|cffffd100Astuce :|r si vous cherchez un style de combat plus détendu, essayez l’assistant à bouton unique, situé en haut à droite de votre grimoire.",244,0,0,6414
795,|cffffd100Astuce :|r la surbrillance d’aide vous conseille une technique de votre barre d’actions selon la situation en combat. Elle s’active dans le menu Options > Améliorations de gameplay.,245,0,0,6414
796,"|cffffd100Astuce :|r si vous apprenez encore les mécanismes de votre classe, vous pouvez activer la surbrillance d’aide dans le menu Options > Améliorations de gameplay.",246,0,0,6414
797,"|cffffd100Astuce :|r les chroniques permettent d’en apprendre davantage sur l’histoire d’Azeroth. Parlez à Li Li Brune d’Orage, l’apprentie chroniqueuse, dans la plupart des villes pour découvrir des contes sur Xal’atath, le roi-liche et plus !",247,0,0,6417
798,"|cffffd100Astuce :|r vous pouvez agrémenter votre logis d’éléments de décoration, trouvables un peu partout sur Azeroth. Vous pouvez en obtenir en les achetant, en accomplissant des hauts faits et en vainquant des boss de donjons, entre autres.",248,0,0,6425
799,"|cffffd100Astuce :|r vous n’avez pas encore de foyer sur Azeroth ? Trouvez un quartier agréable, choisissez votre emplacement favori, construisez une maison, placez des éléments de décoration et détendez-vous !",249,0,0,6425
800,"|cffffd100Astuce :|r vous pouvez construire une maison dans un quartier privé aux côtés de vos proches et de vos camarades de guilde, ou dans un quartier public aux côtés de nouvelles connaissances !",250,0,0,6425
801,|cffffd100Astuce :|r les initiatives sont des ensembles de défis et de récompenses hebdomadaires. Tout le quartier peut y participer.,251,0,0,6425
802,"|cffffd100Astuce :|r vous pouvez capturer certaines mascottes en les affrontant en extérieur, tandis que d’autres peuvent être attrapées avec une simple interaction. Bonne chasse !",252,0,0,6417
803,"|cffffd100Astuce :|r vous souffrez de collectionnite aigüe ? Amassez les montures, les mascottes, les jouets, les éléments de décoration ou les transmogrifications.",253,0,0,6416
804,"|cffffd100Astuce :|r les compteurs de dégâts donnent accès à des statistiques de combat utiles pour vous et votre groupe, telles que les dégâts et les soins produits ou les dégâts évitables subis.",254,0,0,6418
805,|cffffd100Astuce :|r les Gouffres sont des instances courtes qui peuvent être bravées en solo ou en groupe jusqu’à cinq personnes.,255,0,0,6418
806,"|cffffd100Astuce :|r les Gouffres abondants octroient des récompenses supplémentaires, surtout si vous détenez une clé de coffret réparée. Les entrées de ces Gouffres sont illuminées sur votre carte !",256,0,0,6421
807,|cffffd100Astuce :|r ouvrez la fenêtre Nouveautés dans le menu <Échap> pour avoir un aperçu des dernières fonctionnalités ajoutées à WoW.,257,0,0,6418
808,"|cffffd100Astuce :|r vous pouvez trouver des informations sur le renom, le périple du Gouffre et d’autres types de progression dans la fenêtre Excursions de votre guide de l’aventurier.",258,0,0,6421
809,|cffffd100Astuce :|r le journal de voyage est rempli d’activités passionnantes et de récompenses uniques qui changent tous les mois ! Vous pouvez y accéder dans votre guide de l’aventurier.,259,0,0,6417
810,|cffffd100Astuce :|r accomplissez les tâches du journal de voyage pour obtenir des deniers. Échangez ensuite cette monnaie contre de nombreux objets ornementaux exclusifs au comptoir dans une capitale !,260,0,0,6417
811,"|cffffd100Astuce :|r utilisez la fenêtre Contenu suggéré dans votre guide de l’aventurier pour trouver des quêtes, des donjons et d’autres fonctionnalités qui vous sont adaptées.",261,0,0,6416
812,|cffffd100Astuce :|r World of Warcraft contient des dizaines de factions auprès desquelles vous pouvez gagner de la réputation. Prêtez-leur main-forte pour faire monter votre réputation et obtenir des récompenses !,262,0,0,6418
813,|cffffd100Astuce :|r les pièces d’équipement avec un niveau d’objet élevé sont généralement plus puissantes.,263,0,0,6414
814,|cffffd100Astuce :|r la plupart des pièces d’équipement de niveau maximum peuvent être améliorées grâce à des composants spéciaux appelés écus. Apportez votre équipement au spécialiste de l’amélioration d’objets Couzolth dans n’importe quelle ville de niveau maximum.,264,0,0,6421
815,"|cffffd100Astuce :|r vous avez besoin d’un petit rappel ? L’expérience de rattrapage, située dans la partie Didacticiels de votre guide de l’aventurier, vous mènera dans un bref voyage conçu pour vous remémorer les bases de WoW.",265,0,0,6417
816,|cffffd100Astuce :|r le terrain d’entraînement permet de participer à des combats en JcJ contre des personnages adverses contrôlés par le jeu.,266,0,0,6421
