ID,RaceMask,Name_lang,Description_lang,Flags,ClassMask,SpellIconFileID,RaceMasks[0],RaceMasks[1]
1,-6184943489809468494,Téléportation,Vous téléporte dans une grande ville.,0,128,237509,1309324210,-1440044374
8,6130900294268439629,Téléportation,Vous téléporte dans une grande ville.,0,128,237509,-1321907123,1427461461
9,-1,Appel du familier,Appelle un familier actif à vos côtés.,0,4,132161,-1,-1
10,-1,Invoquer un démon,Invoque l'un de vos démons à vos côtés.,0,256,136082,-1,-1
11,-6184943489809468494,Portail,Crée un portail qui téléporte les membres du groupe qui l'utilisent dans une grande ville.,0,128,135744,1309324210,-1440044374
12,6130900294268439629,Portail,Crée un portail qui téléporte les membres du groupe qui l'utilisent dans une grande ville.,0,128,135748,-1321907123,1427461461
66,-1,Poisons,Applique un venin puissant sur vos armes.,0,8,136242,-1,-1
67,-1,Grimoire de servitude,"Invoque instantanément un deuxième démon, qui combat pendant 25 secondes.",0,256,538444,-1,-1
84,-1,Voie héroïque : Mists of Pandaria,Téléporte à l’entrée d’un donjon de Mists of Pandaria pour lequel vous avez obtenu une médaille d’or ou le haut fait Héros ou Héroïne mythique. Le temps de recharge de ces sorts se réinitialise lorsque vous terminez un donjon en mode Clé mythique.,0,-1,519384,-1,-1
92,-1,Variantes de Métamorphose,"Variations cosmétiques du sort Métamorphose, qui transforme la cible en diverses créatures.",0,128,575586,-1,-1
93,-1,Munitions exotiques,Modifiez votre arme à distance pour utiliser des munitions qui sortent de l’ordinaire.,0,4,249177,-1,-1
96,-1,Voie héroïque : Warlords of Draenor,Téléporte à l’entrée d’un donjon de Warlords of Draenor pour lequel vous avez obtenu une médaille d’or ou le haut fait Héros ou Héroïne mythique. Le temps de recharge de ces sorts se réinitialise lorsque vous terminez un donjon en mode Clé mythique.,0,-1,519384,-1,-1
103,-1,Outils pour familier,Un ensemble d’outils pour vous aider à vous occuper de votre familier.,0,4,132179,-1,-1
106,-1,Variantes de Maléfice,Variations cosmétiques du sort Maléfice qui permettent de transformer la cible en diverses créatures. ,0,64,538518,-1,-1
217,-1,Instruments kyrians,Vous jouez d’un instrument kyrian.,0,0,454048,-1,-1
219,-1,Adaptation,Vous embrassez un autre type de magie pour modifier votre attaque de souffle.,0,4096,254886,-1,-1
220,-1,Voie du héros : Shadowlands,Téléporte à l’entrée d’un donjon de Shadowlands pour lequel vous avez obtenu le haut fait Héros mythique. Le temps de recharge de ces sorts se réinitialise lorsque vous terminez un donjon en mode Clé mythique.,0,-1,519384,-1,-1
222,-1,Voie héroïque : Shadowlands,Téléporte à l’entrée d’un raid de Shadowlands. Disponible après avoir obtenu le haut fait mythique Fatalités des raids de Shadowlands.,0,-1,519384,-1,-1
223,-1,Voie héroïque : Battle for Azeroth,Téléporte à l’entrée d’un donjon de Battle for Azeroth pour lequel vous avez obtenu le haut fait Héros ou Héroïne mythique. Le temps de recharge de ces sorts se réinitialise lorsque vous terminez un donjon en mode Clé mythique.,0,-1,519384,-1,-1
224,-1,Voie héroïque : Legion,Téléporte à l’entrée d’un donjon de Legion pour lequel vous avez obtenu le haut fait Héros ou Héroïne mythique. Le temps de recharge de ces sorts se réinitialise lorsque vous terminez un donjon en mode Clé mythique.,0,-1,519384,-1,-1
225,-1,Pistage de chasseur,Indique le type des créatures des environs sur la minicarte.,0,4,132328,-1,-1
226,-1,Suivi des composants de métier récupérables,Indique l’emplacement des composants récupérables proches sur la minicarte.,0,-1,134441,-1,-1
227,-1,Voie héroïque : Dragonflight,Vous téléporte à l’entrée d’un donjon de Dragonflight pour lequel vous avez obtenu le haut fait Héros ou Héroïne mythique. Le temps de recharge de ces sorts se réinitialise lorsque vous terminez un donjon en mode Clé mythique.,0,-1,519384,-1,-1
229,-1,Vol dynamique,Permet de s’envoler sur une monture de vol dynamique et d’utiliser ces techniques pour fendre l’air.,0,-1,4640486,-1,-1
230,-1,Voie héroïque : Cataclysm,Vous téléporte à l’entrée d’un donjon de Cataclysm pour lequel vous avez obtenu le haut fait $gHéros:Héroïne; mythique. Le temps de recharge de ces sorts se réinitialise lorsque vous terminez un donjon en mode Clé mythique.,0,-1,519384,-1,-1
231,-1,Voie héroïque : raids de Dragonflight,Téléporte à l’entrée d’un raid de Dragonflight. Disponible après obtention du haut fait Mythique : éveil des raids de Dragonflight.,0,-1,519384,-1,-1
232,-1,Voie héroïque : The War Within,Vous téléporte à l’entrée d’un donjon de The War Within pour lequel vous avez obtenu le haut fait Héroïsme mythique. Le temps de recharge de ces sorts se réinitialise lorsque vous terminez un donjon en mode clé mythique.,0,-1,519384,-1,-1
235,-1,Bataillons,Maximisez le potentiel collaboratif de votre Bataillon avec ces techniques.,0,16383,6124644,-1,-1
236,-1,Séquences numériques,Saisissez une séquence numérique dans un appareil à proximité.,0,-1,3610509,-1,-1
237,-1,Arsenal céleste de Perennius,Des capacités octroyées par Perennius afin de combattre des sbires de la Légion. Utilisable uniquement durant un assaut céleste.,0,-1,1029590,-1,-1
238,-1,Aiguiser votre couteau,Différentes techniques pour aiguiser votre couteau.,0,-1,4046656,-1,-1
239,-1,Surcharger les herbes,Différentes techniques pour surcharger les herbes spéciales.,0,-1,4554443,-1,-1
240,-1,Surcharger le minerai,Différentes techniques pour surcharger les veines de minerai spécial.,0,-1,4554442,-1,-1
241,-1,Main verte,Différentes techniques pour utiliser votre main verte.,0,-1,348566,-1,-1
242,-1,Voie héroïque : raids de The War Within,"Vous téléporte à l’entrée d’un raid de The War Within. Disponible après avoir atteint le renom maximum auprès de certaines factions, ou d’autres exploits héroïques.",0,-1,519384,-1,-1
243,-1,Style de vol dynamique,Modifie le style de vol de vos montures.,0,-1,5145511,-1,-1
244,-1,Voie héroïque : Midnight – Saison 1,Vous téléporte à l’entrée d’un donjon saisonnier pour lequel vous avez obtenu le haut fait Héroïsme mythique. Le temps de recharge de ces sorts se réinitialise lorsque vous terminez un donjon de clé mythique.,0,-1,511651,-1,-1
245,-1,Découper la viande,Différentes techniques pour découper la viande pendant le dépeçage.,0,-1,1059120,-1,-1
246,-1,Voie héroïque : Midnight,Vous téléporte à l’entrée d’un donjon de Midnight pour lequel vous avez obtenu le haut fait Héroïsme mythique. Le temps de recharge de ces sorts prend fin lorsque vous terminez un donjon en mode clé mythique.,0,-1,519384,-1,-1
247,0,Pièges,"Vous ralentissez, déviez ou gênez les limiers qui poursuivent les leurres.",0,0,461122,0,0
