ID,Name_lang,Description_lang,Flags,ClassMask,SpellIconFileID,RaceMasks[0],RaceMasks[1]
1,Teleport,Teleportiert Euch in eine große Stadt.,0,128,237509,1309324210,-1440044374
8,Teleport,Teleportiert Euch in eine große Stadt.,0,128,237509,-1321907123,1427461461
9,Begleiter rufen,Ruft einen Eurer aktiven Begleiter herbei.,0,4,132161,-1,-1
10,Dämon beschwören,Beschwört einen Eurer Dämonen zu Euch.,0,256,136082,-1,-1
11,Portal,"Erschafft ein Portal, das Gruppenmitglieder, die es benutzen, in eine große Stadt teleportiert.",0,128,135744,1309324210,-1440044374
12,Portal,"Erschafft ein Portal, das Gruppenmitglieder, die es benutzen, in eine große Stadt teleportiert.",0,128,135748,-1321907123,1427461461
66,Gifte,Tragt ein starkes Gift auf Eure Waffen auf.,0,8,136242,-1,-1
67,Grimoire der Dienstbarkeit,"Beschwört sofort einen zweiten Dämon, der 25 Sek. lang für Euch kämpft.",0,256,538444,-1,-1
84,Pfad des Helden: Mists of Pandaria,"Teleportiert Euch zum Eingang eines Dungeons von Mists of Pandaria, für den Ihr eine Goldmedaille oder den ""Schlüsselsteinheld""-Erfolg errungen habt. Die Abklingzeit dieser Zauber wird zurückgesetzt, sobald Ihr einen mythischen Schlüsselsteindungeon abschließt.",0,-1,519384,-1,-1
92,Verwandlungsvarianten,"Alternative Verwandlungsaussehen, mit denen Ihr Ziele in eine Vielzahl unterschiedlicher Lebewesen verwandeln könnt.",0,128,575586,-1,-1
93,Exotische Munition,"Modifiziert Eure Distanzwaffe, sodass sie exotische Munition verwenden kann.",0,4,249177,-1,-1
96,Pfad des Helden: Warlords of Draenor,"Teleportiert Euch zum Eingang eines Dungeons von Warlords of Draenor, für den Ihr eine Goldmedaille oder den ""Schlüsselsteinheld""-Erfolg errungen habt. Die Abklingzeit dieser Zauber wird zurückgesetzt, sobald Ihr einen mythischen Schlüsselsteindungeon abschließt.",0,-1,519384,-1,-1
103,Begleitersteuerung,"Verschiedene Werkzeuge, die Euch den Umgang mit Eurem Begleiter erleichtern.",0,4,132179,-1,-1
106,Varianten von 'Verhexen',"Alternative kosmetische Varianten von 'Verhexen', die Euer Ziel in jeweils andere Kreaturen verwandeln.",0,64,538518,-1,-1
217,Kyrianische Instrumente,Spielt ein Instrument der Kyrianer.,0,0,454048,-1,-1
219,Anpassung,Passt Euch an eine Art von Magie an und ändert Euren Atemangriff.,0,4096,254886,-1,-1
220,Pfad des Helden: Shadowlands,"Teleportiert Euch zum Eingang eines Dungeons von Shadowlands, für den Ihr den ""Schlüsselsteinheld""-Erfolg errungen habt. Die Abklingzeit dieser Zauber wird zurückgesetzt, sobald Ihr einen mythischen Schlüsselsteindungeon abschließt.",0,-1,519384,-1,-1
222,Pfad des Helden: Schlachtzüge von Shadowlands,"Teleportiert Euch zum Eingang eines Schlachtzugs von Shadowlands. Nur verfügbar, nachdem Ihr den Erfolg 'Mythisch: Schicksalsschlachtzüge von Shadowlands' errungen habt.",0,-1,519384,-1,-1
223,Pfad des Helden: Battle for Azeroth,"Teleportiert Euch zum Eingang eines Dungeons von Battle for Azeroth, für den Ihr den ""Schlüsselsteinheld""-Erfolg errungen habt. Die Abklingzeit dieser Zauber wird zurückgesetzt, sobald Ihr einen mythischen Schlüsselsteindungeon abschließt.",0,-1,519384,-1,-1
224,Pfad des Helden: Legion,"Teleportiert Euch zum Eingang eines Dungeons von Legion, für den Ihr den ""Schlüsselsteinheld""-Erfolg errungen habt. Die Abklingzeit dieser Zauber wird zurückgesetzt, sobald Ihr einen mythischen Schlüsselsteindungeon abschließt.",0,-1,519384,-1,-1
225,Jäger: Fährtensuche,Zeigt Kreaturenarten in der Nähe auf der Minikarte an.,0,4,132328,-1,-1
226,Sammelbare Berufsreagenzien verfolgen,Zeigt alle in der Nähe sammelbaren Reagenzien auf der Minikarte an.,0,-1,134441,-1,-1
227,Pfad des Helden: Dragonflight,"Teleportiert Euch zum Eingang eines Dungeons von Dragonflight, für den Ihr den ""Schlüsselsteinheld""-Erfolg errungen habt. Die Abklingzeit dieser Zauber wird zurückgesetzt, sobald Ihr einen mythischen Schlüsselsteindungeon abschließt.",0,-1,519384,-1,-1
229,Himmelsreiten,"Schwingt Euch auf einem Flugreittier in die Lüfte und nutzt diese Fähigkeiten, um durch die Luft zu fliegen.",0,-1,4640486,-1,-1
230,Pfad des Helden: Cataclysm,"Teleportiert Euch zum Eingang eines Dungeons von Cataclysm, für den Ihr den ""Schlüsselsteinheld""-Erfolg errungen habt. Die Abklingzeit dieser Zauber wird zurückgesetzt, sobald Ihr einen mythischen Schlüsselsteindungeon abschließt.",0,-1,519384,-1,-1
231,Pfad des Helden: Schlachtzüge von Dragonflight,"Teleportiert Euch zum Eingang eines Schlachtzugs von Dragonflight. Nur verfügbar, nachdem Ihr den Erfolg 'Mythisch: Erweckt die Schlachtzüge von Dragonflight' errungen habt.",0,-1,519384,-1,-1
232,Pfad des Helden: The War Within,"Teleportiert Euch zum Eingang eines Dungeons von The War Within, für den Ihr den ""Schlüsselsteinheld""-Erfolg errungen habt. Die Abklingzeit dieser Zauber wird zurückgesetzt, sobald Ihr einen mythischen Schlüsselsteindungeon abschließt.",0,-1,519384,-1,-1
235,Kriegsmeuten,Maximiert das gemeinsame Potenzial Eurer Kriegsmeute mit diesen Fähigkeiten.,0,16383,6124644,-1,-1
236,Zahlenfolgen,Gebt eine Zahlenfolge in ein Gerät in der Nähe ein.,0,-1,3610509,-1,-1
237,Perennius' Himmelsarsenal,"Fähigkeiten von Perennius, um gegen gewisse Legionsgegner zu bestehen. Nur in Himmelsangriffen verwendbar.",0,-1,1029590,-1,-1
238,Messer schärfen,Verschiedene Techniken zum Schärfen Eures Messers.,0,-1,4046656,-1,-1
239,Kräuter überladen,Verschiedene Techniken zum Überladen von besonderen Kräutern.,0,-1,4554443,-1,-1
240,Erz überladen,Verschiedene Techniken zum Überladen von besonderen Erzadern.,0,-1,4554442,-1,-1
241,Grüner Daumen,Verschiedene Techniken zum Einsatz Eures grünen Daumens.,0,-1,348566,-1,-1
242,Pfad des Helden: Schlachtzüge von The War Within,"Teleportiert Euch an den Eingang eines Schlachtzugs von The War Within. Wird verfügbar, nachdem die maximale Ruhmstufe bei bestimmten Fraktionen erreicht oder andere heroische Taten vollbracht wurden.",0,-1,519384,-1,-1
243,Flugstil: Himmelsreiten,"Modifiziert, wie Eure Reittiere durch die Lüfte fliegen.",0,-1,5145511,-1,-1
244,Pfad des Helden: Saison 1 von Midnight,"Teleportiert Euch zum Eingang eines saisonalen Dungeons, für den Ihr den ""Schlüsselsteinheld""-Erfolg errungen habt. Die Abklingzeit dieser Zauber wird zurückgesetzt, sobald Ihr einen mythischen Schlüsselsteindungeon abschließt.",0,-1,511651,-1,-1
245,Fleisch schneiden,Verschiedene Techniken zum Fleischschneiden bei der Kürschnerei.,0,-1,1059120,-1,-1
246,Pfad des Helden: Midnight,"Teleportiert Euch zum Eingang eines Dungeons von Midnight, für den Ihr den ""Schlüsselsteinheld""-Erfolg errungen habt. Die Abklingzeit dieser Zauber wird zurückgesetzt, sobald Ihr einen mythischen Schlüsselsteindungeon abschließt.",0,-1,519384,-1,-1
247,Fallen,"Verlangsamt Sucher, leitet sie irre oder behindert sie auf andere Weise bei ihrer Jagd auf Versteckte.",0,0,461122,0,0
