ID,DisplayName_lang,Description_lang,Field_9_0_1_33978_001,MatQualityWeight,Field_10_0_0_44649_004
1,가속 지정,희귀 및 전설 등급 방어구와 장신구를 만들 수 있는 어둠땅 제작법입니다.,0,0,0
3,TEST ONLY,,1,0,0
5,특화 지정,희귀 및 전설 등급 방어구와 장신구를 만들 수 있는 어둠땅 제작법입니다.,0,0,0
6,치명타 및 극대화 지정,희귀 및 전설 등급 방어구와 장신구를 만들 수 있는 어둠땅 제작법입니다.,0,0,0
7,유연성 지정,희귀 및 전설 등급 방어구와 장신구를 만들 수 있는 어둠땅 제작법입니다.,0,0,0
8,아이템 레벨 증가,,0,0,0
11,느슨한 허리띠,,0,0,0
15,카드 지정,,0,0,0
17,사용,,1,0,0
18,아이템 레벨 증가,현재 확장팩 이전의 각종 장비 제작법,0,0,0
25,기타,,0,0,0
29,아이템 레벨 설정,대부분의 어둠땅 장비 제작법입니다.,0,0,0
30,아이템 레벨 증가,현재 확장팩 이전의 각종 장비 제작법,0,0,0
31,아이템 레벨 증가,현재 확장팩 이전의 각종 장비 제작법,0,0,0
32,아이템 레벨 증가,현재 확장팩 이전의 각종 장비 제작법,0,0,0
33,아이템 레벨 증가,현재 확장팩 이전의 각종 장비 제작법,0,0,0
35,엘레튬 장식,,0,0,0
36,여기 메시지 표시,,1,0,0
37,괴저전하 초소형 축전기,,0,0,0
38,강화된 요대,,0,0,0
39,장인의 주머니,,0,0,0
40,수력학 가속기,,0,0,0
41,호화로운 깃털,,0,0,0
42,그늘진 토끼 발,,0,0,0
44,연금술사의 주머니,,0,0,0
45,아이템 레벨 설정,대부분의 어둠땅 방어구와 장신구 제작법입니다.,0,0,0
46,아이템 레벨 증가,희귀(파란색) 방어구와 장신구를 만들 수 있는 어둠땅 제작법,0,0,0
50,아이템 레벨 설정,전설로 거듭날 만한 방어구와 장신구를 만들 수 있는 어둠땅 제작법입니다.,0,0,0
51,아이템 레벨 증가,희귀(파란색) 방어구와 장신구를 만들 수 있는 어둠땅 제작법,0,0,0
52,아이템 레벨 증가,희귀(파란색) 방어구와 장신구를 만들 수 있는 어둠땅 제작법,0,0,0
53,아이템 레벨 증가,희귀(파란색) 방어구와 장신구를 만들 수 있는 어둠땅 제작법,0,0,0
54,아이템 레벨 증가,희귀(파란색) 방어구와 장신구를 만들 수 있는 어둠땅 제작법,0,0,0
55,아이템 레벨 설정,전설로 거듭날 만한 방어구와 장신구를 만들 수 있는 어둠땅 제작법입니다.,0,0,0
56,창시자 핵 추가,희귀(파란색) 방어구와 장신구를 만들 수 있는 어둠땅 제작법,0,0,0
57,Test Ore,,1,20,1
59,드라코니움 광석,,0,10,1
60,카즈고라이트 광석,,0,14,1
61,세레바이트 광석,,0,3,1
62,원시 용암 합금,,0,48,1
63,서리불꽃 합금,,0,48,1
64,흑요석 작열 합금,,0,78,1
65,분노의 합금,,0,33,1
66,Test Optional Reagent with Quality 01,Most Dragon Isles Test with Recipes. (DNT),0,0,0
67,Test Optional Reagent with Quality 02,Most Dragon Isles Test with Recipes. (DNT),0,0,0
68,Test Finishing Reagent,Test finishing reagent slot (DNT),0,0,2
69,Test Finishing Reagent with Quality 01,Test finishing reagent slot (DNT),0,0,2
71,장대꽃,,0,3,1
72,용의 약병,,0,11,1
73,다년초,,0,6,1
74,거품 백일홍,,0,6,1
75,격통껍질,,0,6,1
76,힘의 정기 물약,,0,22,1
77,옴니움 드라코니스,,0,12,1
78,원시 융합 유도제,,0,39,1
79,미온한 유연성의 약병,,0,32,1
80,정기 혼돈의 약병,,0,35,1
81,얼어붙은 집중의 물약,,0,21,1
83,아이템 레벨 설정,전설로 거듭날 만한 방어구와 장신구를 만들 수 있는 1 등급 어둠땅 제작법입니다.,0,0,0
84,10.0 Optional Reagent - Season 1 - End Game Upgrade,창의성의 불꽃을 활용하는 용의 섬 영웅급 장비 제작법,0,0,0
85,강화 장갑,Used with Dragon Isles crafted gear for Cantrip. (DNT),0,0,0
87,방어구 쐐기,장식되지 않은 대부분의 영웅급 방어구를 만들 수 있는 용의 섬 제작법,0,10,0
88,10.0 Optional Reagent - Outdoor Upgrade Leveling - Non Weapon,대부분의 희귀(파란색) 방어구와 장신구를 만들 수 있는 용의 섬 제작법,0,0,0
89,덧없는 힘의 정기 물약,,0,0,1
90,미심쩍게 포근한 음료,,0,0,1
91,푸카의 가마솥,,0,42,1
92,폭풍의 눈의 약병,,0,35,1
93,정적인 바람의 약병,,0,35,1
94,차디찬 보존의 약병,,0,36,1
95,타락한 분노의 얼어붙은 약병,,0,36,1
96,충전된 고립의 약병,,0,36,1
97,준비의 산뜻한 약병,,0,0,1
98,변함없는 강화의 약병,,0,33,1
99,능숙함의 공기 약병,,0,17,1
100,기교의 끓어오르는 약병,,0,17,1
101,기민함의 충전된 약병,,0,32,1
102,얼어붙은 필멸의 물약,,0,27,1
103,인지력의 수정 약병,,0,17,1
104,병에 담긴 부패물,,0,25,1
106,냉혹한 청명의 물약,,0,23,1
108,잔존하는 신경 집중 촉매제,,0,23,1
109,섬세한 포자 정지체,,0,23,1
110,원기회복의 치유 물약,,0,11,1
111,궁극의 힘의 정기 물약,,0,32,1
112,공기의 마나 물약,,0,14,1
114,고요한 미풍의 물약,,0,21,1
115,돌풍의 물약,,0,20,1
116,충격적인 폭로의 물약,,0,20,1
118,힘의 물약 가마솥,,0,691,1
119,궁극의 힘의 물약 가마솥,,0,946,1
120,지혜의 향,,0,29,1
121,최면의 향,,0,14,1
122,기세의 향,,0,14,1
123,열의의 향,,0,14,1
124,덧없는 궁극의 힘의 정기 물약,,0,0,1
125,안정적인 액체 드라코니움,여러 용의 섬 대장기술 및 사슬 방어구 제작법,0,0,2
126,혈족의 염분,여러 용의 섬 연금술 및 가죽 방어구 제작법,0,0,2
127,격통불꽃 기름,여러 용의 섬 대장기술 및 가죽세공 방어구 제작법,0,0,2
128,교반식 물약 증강제,용의 섬 연금술 물약 조제법,0,0,2
129,반응성 약병 보충제,용의 섬 연금술 약병 조제법,0,0,2
130,물약 흡수 지연제,장식되지 않은 대부분의 영웅급 장비를 만들 수 있는 용의 섬 제작법,0,0,0
131,연금술 향신료 주머니,장식되지 않은 대부분의 영웅급 장비를 만들 수 있는 용의 섬 제작법,0,0,0
133,명민한 통찰,무척이나 섬세하고 어려운 용의 섬 제작법,0,0,2
134,하급 명민한 통찰,작고 단순한 아이템을 위한 용의 섬 제작법,0,0,2
135,"치명타 및 극대화, 가속 지정",여러 용의 섬 장비 제작법,0,0,0
137,여왕의 루비,,0,25,1
138,신비로운 사파이어,,0,25,1
139,영롱한 에메랄드,,0,25,1
140,분리된 오닉스,,0,25,1
141,영원의 호박석,,0,15,1
142,알렉스트라자이트,,0,108,1
143,말리가이트,,0,108,1
144,이세메랄드,,0,108,1
145,넬타라이트,,0,108,1
146,노즈도라이트,,0,88,1
147,무한의 다이아몬드,,0,254,1
149,테 없는 렌즈,,0,26,1
151,매끈한 돌,,0,21,1
152,말소의 모래,대부분의 용의 섬 주문각인 제작법,0,0,2
153,가루,대부분의 용의 섬 주문각인 제작법,0,0,2
154,일렁이는 죔쇠,,0,20,1
155,투영의 분광경,,0,31,1
156,탄력 있는 가죽,,0,2,1
157,견고한 비늘,,0,2,1
158,두꺼운 가죽,,0,31,1
159,반짝이는 비늘 생가죽,,0,31,1
160,분노의 생가죽,,0,42,1
161,분노의 비늘,,0,42,1
162,죽음한기 가죽,,1,45,1
163,마른갈이 비늘,,1,45,1
170,대지광채 비늘,,0,45,1
171,얼음이빨 비늘,,0,45,1
172,수렁진창 가죽,,0,45,1
173,바위껍질 가죽,,0,45,1
175,고운 보석 가루,,0,20,1
176,정령의 조화,,0,291,1
364,연마용 광택천,대부분의 용의 섬 보석세공 제작법,0,0,2
365,영롱한 광택천,대부분의 용의 섬 보석세공 제작법,0,0,2
366,이글거리는 자수 실타래,대부분의 용의 섬 재봉술 자수 및 의복 제작법,0,0,2
367,오색 자수 실타래,대부분의 용의 섬 재봉술 자수 및 의복 제작법,0,0,2
368,일렁이는 자수 실타래,대부분의 용의 섬 재봉술 자수 및 의복 제작법,0,0,2
369,영롱한 마법실타래,,0,123,1
370,서리 마법실타래,,0,218,1
371,시간의 마법실타래,,0,218,1
372,푸른 비단 안감,장식되지 않은 대부분의 영웅급 장비를 만들 수 있는 용의 섬 제작법,0,0,0
373,핏빛 조각보,대부분의 용의 섬 특별 개조 - 핏빛 조각보 핏빛 제작법,0,0,0
374,청동 손잡이 싸개,장식되지 않은 대부분의 영웅급 무기와 보조 장비를 만들 수 있는 용의 섬 제작법,0,0,0
375,야생천 두루마리,,0,9,1
376,하늘매듭 두루마리,,0,117,1
377,시간천 두루마리,,0,117,1
378,영롱한 야생천 두루마리,,0,54,1
379,분노의 야생천 두루마리,,0,29,1
380,원시직조 실타래,,0,4,1
388,유연성과 특화 지정,여러 용의 섬 장비 제작법,0,0,0
389,특화와 가속 지정,여러 용의 섬 장비 제작법,0,0,0
390,유연성과 가속 지정,여러 용의 섬 장비 제작법,0,0,0
391,치명타 및 극대화와 특화 지정,여러 용의 섬 장비 제작법,0,0,0
392,유연성과 치명타 및 극대화 지정,여러 용의 섬 장비 제작법,0,0,0
393,독소 중독 방어구 도구,장식되지 않은 대부분의 영웅급 가죽 및 사슬 방어구를 만들 수 있는 용의 섬 제작법,0,0,0
394,송곳니 장식,장식되지 않은 대부분의 영웅급 무기와 보조 장비를 만들 수 있는 용의 섬 제작법,0,0,0
395,대지의 열정,대부분의 용의 섬 열정 제작법,0,5,1
396,끈적끈끈 초콜릿,용의 섬 요리 조리법,0,0,2
399,오색 광석,,0,2,1
400,10.0 Optional Reagent - Outdoor Upgrade Dungeon - All,대부분의 희귀(파란색) 장비를 만들 수 있는 용의 섬 제작법,0,0,0
401,DEPRECATED [DNT],,0,0,2
403,놀라울 정도로 날카로운 칼,용의 섬 1인분 요리 조리법,0,0,2
404,곁들임 샐러드,용의 섬 1인분 요리 조리법,0,0,2
405,장식의 잉크,,0,14,1
406,우주의 잉크,,0,42,1
407,이글거리는 잉크,,0,14,1
408,차분한 잉크,,0,14,1
409,광택내는 잉크,,0,24,1
410,평온의 안료,,0,16,1
411,타오르는 안료,,0,16,1
412,울창한 안료,,0,16,1
413,일렁이는 안료,,0,6,1
414,세레바이트 나사 한 줌,,0,7,1
415,충격 용수철 코일,,0,9,1
416,영원히 타오르는 화약,,0,13,1
417,기름친 톱니바퀴,,0,26,1
418,전깃불 축전기,,0,51,1
419,강화된 금속 골격대,,0,75,1
420,각종 안전 도화선,,0,19,1
422,10.0 Inscription - Optional Reagent - Azurescale Sigil,다크문 카드 한 벌 상자를 만들 수 있는 용의 섬 제작법,0,0,0
424,용족 총기 장착 신발,,0,60,1
425,중력 변위 장치,,0,20,1
426,한기를 머금은 룬,,0,34,1
427,룬새김 격통껍질,,0,46,1
429,독창성 지정,대부분의 용의 섬 제작 도구 제작법,0,0,0
430,생물 발화 용기,,0,21,1
431,원시 분해 폭탄,,0,22,1
432,땜장이 안전 도화선,영웅급 고글과 팔보호구를 만들 수 있는 용의 섬 기계공학 제작법,0,0,0
433,대실패 방지 기기,영웅급 고글과 팔보호구를 만들 수 있는 용의 섬 기계공학 제작법,0,0,0
434,용수철식 축전기 외장,영웅급 고글과 팔보호구를 만들 수 있는 용의 섬 기계공학 제작법,0,0,0
435,서슬 칼날 톱니바퀴,영웅급 고글과 팔보호구를 만들 수 있는 용의 섬 기계공학 제작법,0,0,0
436,빠르게 똑딱이는 톱니바퀴,영웅급 고글과 팔보호구를 만들 수 있는 용의 섬 기계공학 제작법,0,0,0
437,정교하게 조율된 톱니바퀴,영웅급 고글과 팔보호구를 만들 수 있는 용의 섬 기계공학 제작법,0,0,0
438,만능형 전천후 톱니바퀴,영웅급 고글과 팔보호구를 만들 수 있는 용의 섬 기계공학 제작법,0,0,0
439,마구잡이로 엮은 전선,대부분의 용의 섬 기계공학 제작법,0,0,2
440,과충전된 과부하 장치,대부분의 용의 섬 기계공학 제작법,0,0,2
441,치유 화살 탄창,장식되지 않은 대부분의 영웅급 장비를 만들 수 있는 용의 섬 제작법,0,0,0
442,10.0 Inscription - Optional Reagent - Emberscale Sigil,다크문 카드 한 벌 상자를 만들 수 있는 용의 섬 제작법,0,0,0
443,10.0 Inscription - Optional Reagent - Bronzescale Sigil,다크문 카드 한 벌 상자를 만들 수 있는 용의 섬 제작법,0,0,0
444,10.0 Inscription - Optional Reagent - Sagescale Sigil,다크문 카드 한 벌 상자를 만들 수 있는 용의 섬 제작법,0,0,0
445,10.0 Inscription - Optional Reagent - Jetscale Sigil,다크문 카드 한 벌 상자를 만들 수 있는 용의 섬 제작법,0,0,0
450,지혜 지정,대부분의 용의 섬 제작 도구 제작법,0,0,0
451,복수 제작 지정,대부분의 용의 섬 제작 도구 제작법,0,0,0
452,제작 속도 지정,대부분의 용의 섬 제작 도구 제작법,0,0,0
453,기교 지정,대부분의 용의 섬 채집 도구 제작법,0,0,0
454,인지력 지정,대부분의 용의 섬 채집 도구 제작법,0,0,0
455,능숙함 지정,대부분의 용의 섬 채집 도구 제작법,0,0,0
459,강철로 벼려낸 정수,드레노어 대장기술 무기,0,0,0
460,진철의 정수,드레노어 대장기술 방어구,0,0,0
461,윤활고리 톱니,드레노어 기계공학 고글,0,0,0
462,순철 방아쇠,드레노어 기계공학 총기,0,0,0
463,빛나는 정수,드레노어 가죽세공 방어구,0,0,0
464,사술매듭의 정수,드레노어 재봉술 방어구,0,0,0
465,무기 수정,드레노어 주문각인 무기,0,0,0
467,그립타의 다용도 장식 가루,장식되지 않은 대부분의 영웅급 장비를 만들 수 있는 용의 섬 제작법,0,0,0
468,상급 정복 전리품,"암흑불길의 불꽃을 활용하는 영웅 등급의 머리, 가슴, 다리 부위 제작 장비",0,0,0
469,정복 전리품,"암흑불길의 불꽃을 활용하는 영웅 등급의 어깨, 손, 허리, 발 부위 제작 장비",0,0,0
470,하급 정복 전리품,"암흑불길의 불꽃을 활용하는 영웅 등급의 목, 등, 손목, 손가락 부위 제작 장비",0,0,0
471,상급 명예의 문장,"암흑불길의 불꽃을 활용하는 영웅 등급의 머리, 가슴, 다리 부위 제작 장비",0,0,0
472,명예의 문장,"암흑불길의 불꽃을 활용하는 영웅 등급의 어깨, 손, 허리, 발 부위 제작 장비",0,0,0
473,하급 명예의 문장,"암흑불길의 불꽃을 활용하는 영웅 등급의 목, 등, 손목, 손가락 부위 제작 장비",0,0,0
474,10.0 Professions - Shared - Season 1 Upgrade,,2,0,0
475,10.1 Professions - Shared - Season 2 Upgrade,,2,0,0
476,10.1 Optional Reagent - Season 2 - End Game Upgrade,암흑불길의 불꽃을 활용하는 용의 섬 영웅급 장비 제작법,0,0,0
477,암흑불길로 담금질한 방어구 도구,장식되지 않은 대부분의 영웅급 방어구를 만들 수 있는 용의 섬 제작법,0,0,0
478,예지,각종 용의 섬 방어구와 장신구 제작법입니다.,0,0,0
479,절대 예지 아님,각종 용의 섬 방어구와 장신구 제작법입니다.,0,0,0
480,암흑의 합금,,0,33,1
481,예비 낙하산,장식되지 않은 영웅급 장비를 만들 수 있는 용의 섬 제작법,0,0,0
483,마법 붕대 도구,장식되지 않은 영웅급 장비를 만들 수 있는 용의 섬 제작법,0,0,0
486,야생천 붕대,,0,34,1
487,보석 홈,,0,0,3
488,보석 홈,,0,0,3
489,보석 홈,,0,0,3
490,10.2 Professions - Shared - Season 3 Upgrade,,2,0,0
491,10.2 Optional Reagent - Season 3 - End Game Upgrade,꿈의 불꽃을 활용하는 용의 섬 영웅급 장비 제작법,0,0,0
492,말라가는 활력의 물약,,0,21,1
493,신록의 전도체,장식되지 않은 대부분의 영웅급 방어구를 만들 수 있는 용의 섬 제작법,0,0,0
494,하급 명예의 문장,"꿈의 불꽃을 활용하는 영웅 등급의 목, 등, 손목, 손가락 부위 제작 장비",0,0,0
495,하급 정복 전리품,"꿈의 불꽃을 활용하는 영웅 등급의 목, 등, 손목, 손가락 부위 제작 장비",0,0,0
496,명예의 문장,"꿈의 불꽃을 활용하는 영웅 등급의 어깨, 손, 허리, 발 부위 제작 장비",0,0,0
497,정복 전리품,"꿈의 불꽃을 활용하는 영웅 등급의 어깨, 손, 허리, 발 부위 제작 장비",0,0,0
498,상급 명예의 문장,"꿈의 불꽃을 활용하는 영웅 등급의 머리, 가슴, 다리 부위 제작 장비",0,0,0
499,상급 정복 전리품,"꿈의 불꽃을 활용하는 영웅 등급의 머리, 가슴, 다리 부위 제작 장비",0,0,0
500,꿈지기의 부적,장식되지 않은 대부분의 영웅급 방어구를 만들 수 있는 용의 섬 제작법,0,0,0
502,,,2,0,0
503,,,2,0,0
504,,,2,0,0
505,보석 홈,,0,0,3
506,보석 홈,,0,0,3
507,신록의 끈,장식되지 않은 대부분의 영웅급 장비를 만들 수 있는 용의 섬 제작법,0,0,0
508,진균꽃,,0,3,1
509,유혹방울,,0,5,1
510,구슬꽃,,0,5,1
511,축복화,,0,5,1
512,아라소르의 창,,0,5,1
513,일반 광석 01,,0,3,1
514,희귀 광석 01,,0,4,1
515,희귀 광석 02,,0,4,1
517,11.0 전문 기술 - 개조 재료 - 공유 - 진행 - 1 시즌 불꽃,,2,0,0
519,12.0 Professions - Shared Reagent - Pacing - Warband - Starter - Spark,,2,0,0
520,10.2.6 Professions - Shared - Season 4 Upgrade,,2,0,0
521,10.2.6 Optional Reagent - Season 4 - End Game Upgrade,각성의 불꽃을 활용하는 용의 섬 영웅급 장비 제작법,0,0,0
522,정복 전리품,"각성의 불꽃을 활용하는 영웅 등급의 어깨, 손, 허리, 발 부위 제작 장비",0,0,0
523,상급 정복 전리품,"각성의 불꽃을 활용하는 영웅 등급의 머리, 가슴, 다리 부위 제작 장비",0,0,0
524,하급 정복 전리품,"각성의 불꽃을 활용하는 영웅 등급의 목, 등, 손목, 손가락 부위 제작 장비",0,0,0
525,하급 명예의 문장,"각성의 불꽃을 활용하는 영웅 등급의 목, 등, 손목, 손가락 부위 제작 장비",0,0,0
526,명예의 문장,"각성의 불꽃을 활용하는 영웅 등급의 어깨, 손, 허리, 발 부위 제작 장비",0,0,0
527,상급 명예의 문장,"각성의 불꽃을 활용하는 영웅 등급의 머리, 가슴, 다리 부위 제작 장비",0,0,0
528,금빛 약병,,0,29,1
529,하급 정복 전리품,"꿈의 불꽃을 활용하는 영웅 등급의 목, 등, 손목, 손가락 부위 제작 장비",0,0,0
530,정복 전리품,"꿈의 불꽃을 활용하는 영웅 등급의 어깨, 손, 허리, 발 부위 제작 장비",0,0,0
531,상급 정복 전리품,"꿈의 불꽃을 활용하는 영웅 등급의 머리, 가슴, 다리 부위 제작 장비",0,0,0
532,하급 명예의 문장,"꿈의 불꽃을 활용하는 영웅 등급의 목, 등, 손목, 손가락 부위 제작 장비",0,0,0
533,명예의 문장,"꿈의 불꽃을 활용하는 영웅 등급의 어깨, 손, 허리, 발 부위 제작 장비",0,0,0
534,상급 명예의 문장,"꿈의 불꽃을 활용하는 영웅 등급의 머리, 가슴, 다리 부위 제작 장비",0,0,0
535,조화로운 원예학,,0,39,1
536,폭풍충만 가죽,,0,2,1
537,암영 키틴질,,0,2,1
538,천둥 생가죽,,0,70,1
539,암영 갑각,,0,70,1
542,분쇄된 보석,,0,12,1
543,각인된 보석절단기,,0,8,1
544,장식용 렌즈,,0,35,1
545,대리석 무늬 석재,,0,4,1
546,반전 분광경,,0,73,1
547,여과한 동굴 모래,각종 주문각인 제작법,0,5,2
548,불길한 마력 수정,"보석 세공을 제외한 각종 보석세공 제작법
기계공학자도 관심을 보임",0,5,2
549,원소 집중의 렌즈,장식되지 않은 대부분의 장비를 만들 수 있는 카즈 알가르 제작법,0,5,0
550,오색 무위석,장식되지 않은 대부분의 장비를 만들 수 있는 카즈 알가르 제작법,0,5,0
551,사로잡힌 별빛,장식되지 않은 대부분의 장비를 만들 수 있는 카즈 알가르 제작법,0,5,0
552,반짝이는 보석 가루,카즈 알가르 보석 세공,0,0,2
553,치명적인 암호,,0,20,1
554,쾌속의 암호,,0,20,1
555,강력한 암호,,0,20,1
556,유연한 암호,,0,20,1
557,보석 홈,,0,0,3
558,보석 홈,,0,0,3
559,축복받은 무기 손잡이,장식되지 않은 대부분의 무기와 보조 장비를 만들 수 있는 카즈 알가르 제작법,0,0,0
560,꿈틀거리는 방어구 결속끈,장식되지 않은 대부분의 방어구를 만들 수 있는 카즈 알가르 제작법,0,0,0
561,키틴질 방어구 결속끈,,0,62,1
562,갑각등 생가죽,,0,105,1
563,수정융화 생가죽,,0,97,1
564,꿈틀거리는 생가죽,,0,97,1
565,포자외피 생가죽,,0,97,1
566,지맥주입 생가죽,,0,97,1
567,심연격노 생가죽,,0,85,1
568,폭풍에 물든 무기 보호대,,0,64,1
569,폭풍 가루,,0,7,1
570,번뜩이는 조각,,0,26,1
571,영롱한 수정,,0,93,1
574,분출하는 보호의 인장,장식되지 않은 대부분의 영웅급 방어구를 만들 수 있는 카즈 알가르 제작법,1,10,0
580,속박된 창목,,0,46,1
581,이동의 암호,,0,34,1
582,햇볕 잉크,,0,14,1
583,흑갈빛 잉크,,0,42,1
584,협력의 암호,,0,34,1
585,완벽의 암호,,0,34,1
586,고취의 암호,,0,34,1
587,다크문 인장: 광명,장식되지 않은 대부분의 무기와 보조 장비를 만들 수 있는 카즈 알가르 제작법,0,34,0
588,다크문 인장: 진화,장식되지 않은 대부분의 무기와 보조 장비를 만들 수 있는 카즈 알가르 제작법,0,34,0
589,다크문 인장: 공생,장식되지 않은 대부분의 무기와 보조 장비를 만들 수 있는 카즈 알가르 제작법,0,34,0
590,다크문 인장: 생기,장식되지 않은 대부분의 무기와 보조 장비를 만들 수 있는 카즈 알가르 제작법,0,34,0
591,11.0 Optional Reagent - Season 1 - Enchanted Crests,징조의 불꽃을 활용하는 카즈 알가르 영웅급 장비 제작법,0,0,0
594,창연 나사 한 줌,,0,8,1
595,엉뚱한 전선 배열,,0,7,1
596,회전형 톱니바퀴,,0,17,1
597,안전 스위치,,0,20,1
598,혼돈 회로,,0,26,1
599,혼돈 증강기,,0,41,1
600,톱니 맞물림톱니,카즈 알가르 기계공학으로 제작하는 고글 및 팔보호구,0,10,0
601,과부하된 맞물림톱니,카즈 알가르 기계공학으로 제작하는 고글 및 팔보호구,0,10,0
602,완벽한 맞물림톱니,카즈 알가르 기계공학으로 제작하는 고글 및 팔보호구,0,10,0
603,조정식 맞물림톱니,카즈 알가르 기계공학으로 제작하는 고글 및 팔보호구,0,10,0
604,재조정된 안전 스위치,카즈 알가르 기계공학으로 제작하는 고글 및 팔보호구,0,10,0
605,책임 재분배 장치,카즈 알가르 기계공학으로 제작하는 고글 및 팔보호구,0,10,0
606,과부하된 회로판,카즈 알가르 기계공학으로 제작하는 고글 및 팔보호구,1,10,0
607,복잡한 도화선 상자,카즈 알가르 기계공학으로 제작하는 고글 및 팔보호구,0,10,0
608,휴대용 수류탄 주머니,장식되지 않은 대부분의 방어구를 만들 수 있는 카즈 알가르 제작법,0,10,0
609,은폐된 혼돈 모듈,장식되지 않은 대부분의 장비를 만들 수 있는 카즈 알가르 제작법,0,10,0
610,마력 재분배 신호기,장식되지 않은 대부분의 장비를 만들 수 있는 카즈 알가르 제작법,0,10,0
649,핵 합금,,0,27,1
650,충전된 합금,,0,46,1
651,축성된 합금,,0,70,1
652,무쇠발톱 합금,,0,45,1
653,메아리치는 충격 인장,,0,0,0
654,아라소르 방어구 도구,,0,0,0
655,제련된 틀,대부분의 카즈 알가르 대장기술 및 기계공학 제작법,0,0,2
656,조정식 틀,"여러 카즈 알가르 대장기술, 기계공학, 주문각인, 가죽세공 제작법",0,0,2
658,성문화된 녹색나무,,0,36,1
659,무한한 암호,,0,35,1
660,서광의 알가르 서신,여러 카즈 알가르 장비 제작법,0,0,0
661,열꽃의 알가르 서신,여러 카즈 알가르 장비 제작법,0,0,0
662,불꽃섬광의 알가르 서신,여러 카즈 알가르 장비 제작법,0,0,0
663,조화의 알가르 서신,여러 카즈 알가르 장비 제작법,0,0,0
664,무쌍의 알가르 서신,여러 카즈 알가르 장비 제작법,0,0,0
665,쾌검의 알가르 서신,여러 카즈 알가르 장비 제작법,0,0,0
666,흑갈빛 잉크,,0,18,1
667,흑갈빛 안료,,0,3,1
668,햇볕 잉크,,0,17,1
669,자개 안료,,0,2,1
670,독창성의 알가르 서신,대부분의 카즈 알가르 제작 도구 제작법,0,0,0
671,지혜의 알가르 서신,대부분의 카즈 알가르 제작 도구 제작법,0,0,0
672,복수 제작의 알가르 서신,대부분의 카즈 알가르 제작 도구 제작법,0,0,0
673,제작 속도의 알가르 서신,대부분의 카즈 알가르 제작 도구 제작법,0,0,0
674,기교의 알가르 서신,대부분의 카즈 알가르 제작 도구 제작법,0,0,0
675,인지력의 알가르 서신,대부분의 카즈 알가르 제작 도구 제작법,0,0,0
676,능숙함의 알가르 서신,대부분의 카즈 알가르 제작 도구 제작법,0,0,0
677,황혼견사 실타래,,0,13,1
678,여명견사 실타래,,0,13,1
679,방직견사 실타래,,0,3,1
680,황혼천 두루마리,,0,41,1
681,여명천 두루마리,,0,41,1
682,방직천 두루마리,,0,22,1
683,여명견사 안감,장식되지 않은 대부분의 방어구를 만들 수 있는 카즈 알가르 제작법,0,0,0
684,황혼견사 안감,장식되지 않은 대부분의 방어구를 만들 수 있는 카즈 알가르 제작법,0,0,0
685,견실한 광택천,대부분의 카즈 알가르 보석세공 제작법,0,0,2
686,화사한 광택천,대부분의 카즈 알가르 보석세공 제작법,0,0,2
687,방직천 자수 실타래,대부분의 카즈 알가르 재봉술 제작법,0,0,2
688,보존의 자수 실타래,대부분의 카즈 알가르 재봉술 제작법,0,0,2
689,11.0 Optional Reagent - Outdoor Upgrade Dungeon - All,대부분의 희귀(파란색) 장비를 만들 수 있는 카즈 알가르 제작법,0,0,0
690,몰두의 집중,집중력을 사용할 수 있는 각종 카즈 알가르 제작법,0,0,2
691,거울 가루,소비용품을 생산하는 수많은 카즈 알가르 제작법,0,0,2
692,방직천 붕대,,0,22,1
693,환생한 치타의 물약,,0,33,1
694,알가르 치유 물약,,0,24,1
695,동굴살이의 기쁨,,0,32,1
696,절제된 물약,,0,33,1
697,구슬꽃 안료,,0,3,1
698,유혹방울 안료,,0,3,1
699,축복화 안료,,0,3,1
700,이색 방직천 두루마리,,0,34,1
701,서광 마법실타래,,0,350,1
702,석양 마법실타래,,0,350,1
703,이색 마법실타래,,0,232,1
704,연마된 틀,"여러 카즈 알가르 대장기술, 기계공학, 가죽세공 제작법",0,0,2
706,비밀 소스,카즈 알가르 요리 조리법,0,0,2
707,뜨거운 벌집,카즈 알가르 요리 조리법,0,0,2
708,각종 질식 위험물,각종 기계공학 설계도,0,5,2
709,병에 담긴 총명함,전문 기술 대부분의 각종 카즈 알가르 제작법,0,5,2
710,11.0 전문 기술 - 공유 - 1 시즌 강화,,2,0,0
711,보석 홈,,0,0,3
712,보석 홈,,0,0,3
713,전역 마무리 재료 01,모든 전문 기술의 각종 카즈 알가르 제작법,0,0,2
714,전역 마무리 재료 02,모든 전문 기술의 각종 카즈 알가르 제작법,0,0,2
715,전역 마무리 재료 03,모든 전문 기술의 각종 카즈 알가르 제작법,0,0,2
716,전역 마무리 재료 04,모든 전문 기술의 각종 카즈 알가르 제작법,0,0,2
717,유산의 불꽃,제작의 불꽃을 요구하는 현재 확장팩 이전의 각종 장비 제작법,0,0,0
718,방직천,,0,7,1
719,황혼매듭,,0,10,1
720,여명매듭,,0,10,1
721,11.0 선택 재료 - 야외 강화 레벨링 - 비무기,대부분의 희귀(파란색) 방어구와 장신구를 만들 수 있는 카즈 알가르 제작법,0,0,0
722,11.0 선택 재료 - 야외 강화 레벨링 - 영웅,대부분의 희귀(파란색) 장비를 만들 수 있는 카즈 알가르 제작법,0,0,0
723,아이템 레벨 증가,현재 확장팩 이전의 각종 장비 제작법,0,0,0
724,부글거리는 진균꽃 배양균,여러 카즈 알가르 연금술 제작법,0,5,2
725,꽃잎 가루,여러 카즈 알가르 연금술 제작법,0,5,2
726,그립타의 다용도 장식 가루,장식되지 않은 대부분의 장비를 만들 수 있는 카즈 알가르 제작법,0,0,0
728,,,2,0,0
729,,,2,0,0
730,,,2,0,0
731,,,2,0,0
732,,,2,0,0
733,,,2,0,0
734,11.1 Professions - Modifying Reagent - Shared - Pacing - Season 2 Spark,,2,0,0
735,11.1 Optional Reagent - Season 2 - Enchanted Crests,행운의 불꽃을 활용하는 카즈 알가르 영웅급 장비 제작법,0,0,0
736,11.2 Professions - Modifying Reagent - Shared - Pacing - Season 3 Spark,,2,0,0
737,11.2 Optional Reagent - Season 3 - Enchanted Crests,별빛의 불꽃을 활용하는 카즈 알가르 영웅급 장비 제작법,0,0,0
738,보석 홈,,0,0,3
739,보석 홈,,0,0,3
740,12.0 Professions - Modifying Reagent - Shared - Pacing - Season 1 Spark,,2,0,0
741,평온초 꽃잎,,0,3,1
742,피엉겅퀴,,0,5,1
743,뱀뿌리,,0,5,1
744,마법초,,0,5,1
745,은엽수잎,,0,5,1
746,광명구리 광석,,0,3,1
747,암영주석 광석,,0,4,1
748,광채백은 광석,,0,4,1
749,광명구리 주괴,,0,14,1
750,해거름 합금,,0,45,1
751,순도 높은 합금,,0,45,1
752,검은 피 잔류물,,0,7,1
753,공허로 단련된 가죽,,0,2,1
754,공허로 단련된 비늘,,0,2,1
755,공허로 단련된 생가죽,,0,80,1
756,공허로 단련된 장갑판,,0,80,1
757,빛나는 리넨,,0,4,1
758,비전매듭 옷감,,0,12,1
759,태양불꽃 비단,,0,10,1
761,11.1.5 선택 재료 - 2 시즌 - 증강 매트릭스 - 신화,행운의 불꽃을 활용하는 카즈 알가르 영웅급 장비 제작법,0,0,0
762,비전매듭 두루마리,,0,75,1
763,태양불꽃 비단 두루마리,,0,75,1
764,11.1.5 선택 재료 - 2 시즌 - 증강 매트릭스 - 영웅,행운의 불꽃을 활용하는 카즈 알가르 영웅급 장비 제작법,0,0,0
767,빛나는 리넨 두루마리,,0,12,1
768,주입된 빛나는 리넨 두루마리,,0,25,1
769,비전매듭 안감,장식되지 않은 대부분의 방어구를 만들 수 있는 한밤 제작법,0,148,0
770,태양불꽃 안감,장식되지 않은 대부분의 방어구를 만들 수 있는 한밤 제작법,0,1,0
771,노래 톱니바퀴,,0,28,1
772,영혼 스프로켓,,0,31,1
773,실체 없는 빛,,0,41,1
774,빛의 융제,,0,37,1
775,찬란한 조각,,0,31,1
776,영원히 노래하는 가루,,0,19,1
777,여명의 수정,,0,93,1
779,태양유리 약병,,0,30,1
781,아마니 청금석,,0,28,1
782,무결한 아마니 청금석,,0,88,1
783,하란다르 감람석,,0,28,1
784,무결한 하란다르 감람석,,0,88,1
785,암영 자수정,,0,28,1
786,무결한 암영 자수정,,0,88,1
787,선혈 석류석,,0,28,1
788,무결한 선혈 석류석,,0,88,1
789,영원노래 다이아몬드,,0,90,1
790,결정 유리,,0,7,1
791,어스름장막 돌,,0,17,1
792,만화 분광경,,0,246,1
793,신도레이 렌즈,,0,33,1
794,아른거리는 보석 가루,,0,26,1
795,비늘매듭 생가죽,,0,134,1
796,주입된 비늘매듭 생가죽,,0,294,1
797,실버문 무기 보호대,,0,102,1
798,신도레이 방어구 결속끈,,0,102,1
799,보석 홈,,0,0,3
800,보석 홈,,0,0,3
801,선별된 아제뿌리,,0,58,1
802,영혼 암호,,0,40,1
803,적갈빛 잉크,,0,23,1
804,문셀 잉크,,0,23,1
805,다크문 인장: 혈기,장식되지 않은 대부분의 무기와 보조 장비를 만들 수 있는 한밤 제작법,0,0,0
806,다크문 인장: 사냥,장식되지 않은 대부분의 무기와 보조 장비를 만들 수 있는 한밤 제작법,0,0,0
807,다크문 인장: 부식,장식되지 않은 대부분의 무기와 보조 장비를 만들 수 있는 한밤 제작법,0,0,0
808,다크문 인장: 공허,장식되지 않은 대부분의 무기와 보조 장비를 만들 수 있는 한밤 제작법,0,0,0
809,쾌검의 탈라시안 서신,무기와 방어구를 만들 수 있는 한밤 제작법,0,0,0
810,무쌍의 탈라시안 서신,무기와 방어구를 만들 수 있는 한밤 제작법,0,0,0
811,조화의 탈라시안 서신,무기와 방어구를 만들 수 있는 한밤 제작법,0,0,0
812,불꽃섬광의 탈라시안 서신,무기와 방어구를 만들 수 있는 한밤 제작법,0,0,0
813,열꽃의 탈라시안 서신,무기와 방어구를 만들 수 있는 한밤 제작법,0,0,0
814,서광의 탈라시안 서신,무기와 방어구를 만들 수 있는 한밤 제작법,0,0,0
815,능숙함의 탈라시안 서신,전문 기술 도구를 만들 수 있는 한밤 제작법,0,0,0
816,인지력의 탈라시안 서신,전문 기술 도구를 만들 수 있는 한밤 제작법,0,0,0
817,기교의 탈라시안 서신,전문 기술 도구를 만들 수 있는 한밤 제작법,0,0,0
818,제작 속도의 탈라시안 서신,전문 기술 도구를 만들 수 있는 한밤 제작법,0,0,0
819,복수 제작의 탈라시안 서신,전문 기술 도구를 만들 수 있는 한밤 제작법,0,0,0
820,지혜의 탈라시안 서신,전문 기술 도구를 만들 수 있는 한밤 제작법,0,0,0
821,독창성의 탈라시안 서신,전문 기술 도구를 만들 수 있는 한밤 제작법,0,0,0
822,마나 백합 안료,,0,3,1
823,핏빛찔레 안료,,0,3,1
824,가루 안료,,0,2,1
825,은빛잎사귀 안료,,0,3,1
826,수습생이 휘갈겨 쓴 글귀,모든 전문 기술의 각종 한밤 제작법,0,0,2
827,전역 마무리 재료 02,모든 전문 기술의 각종 한밤 제작법,0,0,2
828,전역 마무리 재료 03,모든 전문 기술의 각종 한밤 제작법,0,0,2
829,장인 무역연합 금빛 별,모든 전문 기술의 각종 한밤 제작법,0,0,2
830,포식의 결속끈,장식되지 않은 대부분의 무기와 방어구를 만들 수 있는 한밤 제작법,0,0,0
831,축복받은 천산갑 부적,장식되지 않은 대부분의 장비를 만들 수 있는 한밤 제작법,0,0,0
832,원시 포자 결속끈,장식되지 않은 대부분의 무기와 방어구를 만들 수 있는 한밤 제작법,0,0,0
833,복수 제작 매트릭스,복수 제작이 적용될 수 있는 한밤 제작법,0,0,2
834,복수 제작 다기관,복수 제작이 적용될 수 있는 한밤 제작법,0,0,2
835,지혜로운 보강봉,지혜가 적용될 수 있는 한밤 제작법,0,0,2
836,지혜로운 경로,지혜가 적용될 수 있는 한밤 제작법,0,0,2
837,독창적인 정체성,독창성이 적용될 수 있는 한밤 제작법,0,0,2
838,독창적인 정체성,독창성이 적용될 수 있는 한밤 제작법,0,0,2
839,날뛰는 방종의 비약,,0,35,1
840,계몽의 명약,,0,30,1
841,빛의 잠재력,,0,33,1
842,빛의 보존,,0,33,1
843,한밤 치유 물약,,0,31,1
844,한밤 마나 물약,,0,32,1
845,무모함의 물약,,0,34,1
846,포식당한 꿈의 물약,,0,34,1
847,열광의 물약,,0,35,1
848,원기 회복 혈청,,0,32,1
849,공허장막 용액,,0,34,1
850,한밤 치명타 및 극대화 영약,,0,48,1
851,한밤 가속 영약,,0,48,1
852,한밤 특화 영약,,0,48,1
853,한밤 유연성 영약,,0,55,1
854,행운의 열쇠고리,장식되지 않은 대부분의 장비를 만들 수 있는 한밤 제작법,0,0,0
855,동역학 발목 뇌관,한밤 기계공학 장화,0,0,0
856,영혼 소각 매트릭스,한밤 기계공학 제작 장비,0,0,0
857,초소형 의료진,장식되지 않은 대부분의 장비를 만들 수 있는 한밤 제작법,0,0,0
858,보석 홈,,0,0,3
859,보석 홈,,0,0,3
860,오색 집중의 눈동자,장식되지 않은 대부분의 장비를 만들 수 있는 한밤 제작법,0,0,0
861,안정화 보석 사선 주머니,장식되지 않은 대부분의 장비를 만들 수 있는 한밤 제작법,0,0,0
862,한밤 연금술 혼합 재료,,0,3,1
865,11.2.5 Optional Reagent - Season 3 - Augmentation Matrix - Mythic,별빛의 불꽃을 활용하는 카즈 알가르 영웅급 장비 제작법,0,0,0
866,11.2.5 Optional Reagent - Season 3 - Augmentation Matrix - Heroic,별빛의 불꽃을 활용하는 카즈 알가르 영웅급 장비 제작법,0,0,0
867,밀수업자의 마력 깃든 칼날,,0,2,1
868,경이로운 상승제,,0,3,1
869,융제 맞물림톱니,한밤 기계공학 제작 장비,0,7,0
870,완벽한 맞물림톱니,한밤 기계공학 제작 장비,0,7,0
871,기름칠한 맞물림톱니,한밤 기계공학 제작 장비,0,7,0
872,한결같은 맞물림톱니,한밤 기계공학 제작 장비,0,7,0
873,은폐 장치,한밤 기계공학 제작 장비,0,0,0
874,벨레다르의 은혜의 기름,,0,10,1
876,그립타의 다용도 장식 가루,장식되지 않은 대부분의 장비를 만들 수 있는 한밤 제작법,0,0,0
878,우주를 호령하는 전투원의 표상,플레이어 간 전투 제작 장비를 만들 수 있는 한밤 제작법,2,0,0
879,우주를 호령하는 지원자의 표상,플레이어 간 전투 제작 장비를 만들 수 있는 한밤 제작법,2,0,0
880,우주를 호령하는 검투사의 표상,플레이어 간 전투 제작 장비를 만들 수 있는 한밤 제작법,2,0,0
881,잠자는 영혼 혈청,,0,0,1
883,원자 변형물 몰리,한밤 기계공학 제작 장비,0,0,0
884,폭발의 관리인 보프,한밤 기계공학 제작 장비,0,0,0
885,적색 염료 약초,,0,0,1
886,주황색 염료 약초,,0,0,0
887,황색 염료 약초,,0,0,1
888,녹색 염료 약초,,0,0,1
889,청색 염료 약초,,0,0,1
890,청록색 염료 약초,,0,0,1
891,자색 염료 약초,,0,0,1
892,백색 염료 약초,,0,0,1
893,흑색 염료 약초,,0,0,1
894,갈색 염료 약초,,0,0,1
900,시험용 재화 재료,,1,3,0
901,12.0 Optional Reagent - Season 1 - Crests,광휘의 불꽃을 활용하는 한밤 영웅급 장비 제작법,0,0,0
902,12.0 Optional Reagent - Outdoor Upgrade Dungeon - All,대부분의 희귀(파란색) 장비를 만들 수 있는 한밤 제작법,0,0,0
903,Other Test Currency Reagent,,3,3,0
905,대지의 곁들임 요리,한밤 음식 조리법,0,0,2
906,풍미 좋은 변형물,한밤 음식 조리법,0,0,2
907,시장 한입거리,한밤 음식 조리법,0,0,2
