ID,Description_lang,ModifiedCraftingCategoryID,ItemBonusTreeID,Flags,Field_9_1_0_38511_004,ItemContextOffset
1,,50,0,0,0,0
2,Garantia de Aceleração,1,2915,1,0,0
4,,3,2922,0,0,0
5,Garantia de Acerto Crítico,6,2927,1,0,0
6,Garantia de Versatilidade,7,2928,1,0,0
7,Garantia de Maestria,5,2929,1,0,0
8,Define Nvl de Item em 117 e Nvl Requerido em 55.,29,3203,0,0,0
9,Define Nvl de Item em 168 e Nvl Requerido em 60.,46,3210,0,0,0
10,Define Nvl de Item em 180 e Nvl Requerido em 60.,8,3210,0,0,0
11,Define Nvl de Item em 200.,8,3211,0,0,0
17,Frascos duram mais,44,2939,0,0,0
27,Bem Alimentado dura mais,11,3000,0,0,0
30,Causa dano de Fogo ao inimigo,17,3070,0,0,0
32,Define nível requerido em 15 e define para um nível de item adequado.,18,3204,0,0,0
34,Define nível requerido em 25 e define para um nível de item adequado.,30,3205,0,0,0
36,Define nível requerido em 35 e define para um nível de item adequado.,31,3206,0,0,0
38,Define nível requerido em 45 e define para um nível de item adequado.,32,3207,0,0,0
39,Define nível requerido em 55 e define para um nível de item adequado.,33,3208,0,0,0
58,Reduz o dano de queda,41,3147,0,0,0
59,Aumenta um pouco a velocidade de movimento,42,3148,0,0,0
61,Aumenta a velocidade de nado,40,3152,0,0,0
62,Causa dano de Gelo a um inimigo,17,3153,0,0,0
64,Mantém efeitos de Bem Alimentado quando morto em Arenas e Campos de Batalha,38,3175,0,0,0
65,Chance de receber nível extra de perícia ao criar,39,3176,0,0,0
66,Adiciona um engaste,35,3177,0,0,0
67,@spelldesc332950,11,169,0,0,0
68,Completar Missões Mundiais aumenta o Atributo Primário,37,3178,0,0,0
70,Define Nvl de Item em 129 e Nvl Requerido em 53.,29,3203,0,0,0
71,Define Nvl de Item em 200 e Nvl Requerido em 60.,51,3211,0,0,0
72,Define Nvl de Item em 165 e Nvl Requerido em 57.,29,3209,0,0,0
73,Define Nvl de Item em 165.,29,3210,0,0,0
74,Define Nvl de Item em 54 e Nvl Requerido em 47.,45,3208,0,0,0
75,Define Nvl de Item em 56 e Nvl Requerido em 45.,32,3207,0,0,0
76,Define Nvl de Item em 43 e Nvl Requerido em 35.,31,3206,0,0,0
77,Define Nvl de Item em 33 e Nvl Requerido em 25.,30,3205,0,0,0
78,Define Nvl de Item em 23 e Nvl Requerido em 15.,18,3204,0,0,0
79,Define Nvl de Item em 87 e Nvl Requerido em 50.,45,3265,0,0,0
80,Aumenta o nível de item no equivalente a 2 níveis.,50,0,0,0,2
81,"Define Nvl de Item em 230, Nvl Requerido em 60, adiciona Único Equipado: Criado nas Terras Sombrias.",52,3323,0,0,0
82,Define Nível de Item em 233 e Nvl Requerido em 60.,53,3444,0,0,0
83,"Define Nvl de Item em 262, Nvl Requerido em 60, adiciona Único Equipado: Criado nas Terras Sombrias.",54,3445,0,0,0
84,Aumenta o nível de item no equivalente a 3 níveis.,55,0,0,0,3
85,"Suas habilidades têm chance de criar um Núcleo de Automa perto do alvo, causando dano e concedendo cura.",56,3448,0,0,0
86,"Aumenta a Evasão. Ao receber dano, você tem chance de curar pontos de vida.",56,3449,0,0,0
87,Você tem chance de obter recursos adicionais ao matar um inimigo que conceda experiência ou honra.,56,3450,0,0,0
88,Suas habilidades têm chance de criar um grânulo próximo. Colete-o para ganhar seu atributo primário por 15 s.,56,3451,0,0,0
89,Aumenta a velocidade de movimento e a velocidade de montaria terrestre nas Terras Sombrias.,56,3452,0,0,0
90,"Receber dano gera fagulhas de poder. Ao chegar a 5 aplicações, o próximo atacante sofre um choque e recebe dano Cósmico.",56,3453,0,0,0
91,"Ao matar um inimigo, seu maior atributo secundário aumenta por 20 s, acumulando até 5 vezes.",56,3454,0,0,0
92,"Aumenta em 50% a duração de efeitos de Frasco, Elixir e Bem Alimentado.",56,3455,0,0,0
93,Define Nível de Item em 400 e o Nível Requerido em 70.,84,3510,0,0,0
94,,59,0,0,0,0
95,,60,0,0,0,0
96,,61,0,0,0,0
97,,62,0,0,0,0
98,,63,0,0,0,0
99,,64,0,0,0,0
100,,65,0,0,0,0
101,Set base ilevel to 51 (DNT),66,3137,0,0,0
102,Set base ilevel to 60 (DNT),67,3146,0,0,0
103,No Effect on this test finishing reagent (DNT),68,0,0,0,0
104,No Effect on this test finishing reagent (DNT),69,0,0,0,0
105,Enfeite sua armadura com esporões grossos e adicione Único-equipado: Adornado (2).,87,3600,0,0,0
106,,71,0,0,0,0
107,Define o Nível de Item de uma receita de grau 1 para 249.,83,0,0,0,4
109,,72,0,0,0,0
110,,74,0,0,0,0
111,,75,0,0,0,0
112,,73,0,0,0,0
113,,78,0,0,0,0
114,,77,0,0,0,0
115,,76,0,0,0,0
116,,79,0,0,0,0
117,,80,0,0,0,0
118,,81,0,0,0,0
119,,89,0,0,0,0
120,,90,0,0,0,0
121,,91,0,0,0,0
122,,92,0,0,0,0
123,,93,0,0,0,0
124,,94,0,0,0,0
125,,95,0,0,0,0
126,,96,0,0,0,0
127,,97,0,0,0,0
128,,98,0,0,0,0
129,,99,0,0,0,0
130,,100,0,0,0,0
131,,101,0,0,0,0
132,,102,0,0,0,0
133,,103,0,0,0,0
134,,104,0,0,0,0
136,,106,0,0,0,0
137,,492,0,0,0,0
138,,108,0,0,0,0
139,,109,0,0,0,0
140,,110,0,0,0,0
141,,111,0,0,0,0
142,,112,0,0,0,0
144,,114,0,0,0,0
145,,115,0,0,0,0
146,,116,0,0,0,0
148,,118,0,0,0,0
149,,119,0,0,0,0
150,,120,0,0,0,0
151,,121,0,0,0,0
152,,122,0,0,0,0
153,,123,0,0,0,0
154,,124,0,0,0,0
155,Aumenta a Concentração restaurada de descobertas engenhosas em $ev1%.,125,0,1,0,0
156,Aumenta $en1 em $ev1 e $en2 em $ev2%.,126,0,1,0,0
157,"Você tem $ev1% a mais de chance de melhorar em sua profissão, mas a Dificuldade da Receita aumentou em $ev2.",127,0,0,0,0
158,Aumenta $en1 em $ev1 e $en2 em $ev2.,128,0,0,0,0
159,Aumenta $en1 em $ev1 e $en2 em $ev2.,129,0,0,0,0
160,Aumenta em 50% a duração das poções das Ilhas do Dragão e adiciona Único-equipado: Adornado (2).,130,3599,0,0,0
161,"Aumenta a duração de Bem Alimentado das refeições nas Ilhas do Dragão em 100%, e agora elas persistem após a morte.",131,3598,0,0,0
163,Increases armor by x and reduces durability loss of this armor piece. (DNT),85,0,0,0,0
164,Concede $ev1 de $en1.,133,0,0,0,0
165,Concede $ev1 de $en1.,134,0,0,0,0
166,Garante Acerto Crítico e Aceleração.,135,3725,1,0,0
168,,57,0,0,0,0
169,,57,0,0,0,0
170,,57,0,0,0,0
171,,156,0,0,0,0
172,,157,0,0,0,0
173,,158,0,0,0,0
174,,159,0,0,0,0
175,,160,0,0,0,0
176,,161,0,0,0,0
177,,162,0,0,0,0
178,,139,0,0,0,0
179,,137,0,0,0,0
180,,138,0,0,0,0
181,,140,0,0,0,0
182,,141,0,0,0,0
183,,144,0,0,0,0
184,,142,0,0,0,0
185,,143,0,0,0,0
186,,145,0,0,0,0
187,,146,0,0,0,0
188,,147,0,0,0,0
189,,154,0,0,0,0
191,,0,0,0,0,0
192,,149,0,0,0,0
193,,151,0,0,0,0
194,,155,0,0,0,0
195,,163,0,0,0,0
196,"Você tem $ev1% a mais de chance de melhorar em Escrivania, mas a Dificuldade da Receita aumenta em $ev2.",152,0,0,0,0
197,Aumenta a Concentração restaurada de descobertas engenhosas em $ev1% e $en2 em $ev2.,153,0,0,0,0
198,,170,0,0,0,0
199,,171,0,0,0,0
200,,172,0,0,0,0
201,,173,0,0,0,0
203,,175,0,0,0,0
204,,176,0,0,0,0
205,"Você tem $ev1% a mais de chance de melhorar em Joalheria, mas a Dificuldade da Receita aumentou em $ev2.",364,0,1,0,0
206,Aumenta a Concentração restaurada de descobertas engenhosas em $ev1% e $en2 em $ev2.,365,0,0,0,0
207,"Você tem $ev1% a mais de chance de melhorar em Alfaiataria, mas a Dificuldade da Receita aumentou em $ev2.",366,0,0,0,0
208,Aumenta a Concentração restaurada de descobertas engenhosas em $ev1% e $en2 em $ev2%.,367,0,0,0,0
209,Aumenta em $ev1% os reagentes salvos com Desenvoltura.,368,0,0,0,0
210,,369,0,0,0,0
211,,370,0,0,0,0
212,,371,0,0,0,0
213,"Acima de 90% dos pontos de vida, ganha Maestria. Também adiciona Único-equipado: Adornado (2).",372,3843,0,0,0
214,,373,0,0,0,0
215,Seus feitiços às vezes provocam uma onda no tempo. Também adiciona Único-equipado: Adornado (2).,374,3850,0,0,0
216,,375,0,0,0,0
217,,376,0,0,0,0
218,,377,0,0,0,0
219,,378,0,0,0,0
220,,379,0,0,0,0
221,,380,0,0,0,0
222,Garantia de Versatilidade e Aceleração.,390,3742,1,0,0
223,Garantia de Maestria e Aceleração.,389,3743,1,0,0
224,Garantia de Versatilidade e Maestria.,388,3744,1,0,0
225,Garantia de Acerto Crítico e Maestria.,391,3741,1,0,0
226,Garantia de Versatilidade e Acerto Crítico.,392,3745,1,0,0
227,Ataques físicos às vezes causam dano físico extra. Também adiciona Único-equipado: Adornado (2).,394,3747,0,0,0
228,Imbui o item com a essência da decomposição. Também adiciona Único-equipado: Adornado (2).,393,3749,0,0,0
229,,395,0,0,0,0
230,Coloque este delicioso ingrediente secreto na sua receita para aumentar a quantidade de porções produzidas.,396,0,0,0,0
232,,399,0,0,0,0
233,Definir nível de item com base na qualidade de criação (395 - 408).,84,3793,0,0,0
234,Definir nível de item com base na qualidade de criação (408 - 421).,84,3794,0,0,0
235,O reagente opcional não tem mais poder nenhum.,88,3795,0,0,0
236,O reagente opcional não tem mais poder nenhum.,400,3796,0,0,0
237,O reagente opcional não tem mais poder nenhum.,400,3797,0,0,0
238,O reagente opcional não tem mais poder nenhum.,400,3798,0,0,0
239,Cortes precisos garantem porções perfeitas sem desperdício. Você ganha $ev1 de $en1 com esta receita.,403,0,0,0,0
240,Uma salada saudável e farta para garantir que haja sobras. Você ganha $ev1 de $en1 com este prato.,404,0,0,0,0
241,,405,0,0,0,0
242,,408,0,0,0,0
243,,407,0,0,0,0
244,,409,0,0,0,0
245,,406,0,0,0,0
246,,410,0,0,0,0
247,,411,0,0,0,0
248,,412,0,0,0,0
249,,413,0,0,0,0
250,,443,3805,0,0,0
251,,442,3806,0,0,0
252,,422,3807,0,0,0
253,,445,3808,0,0,0
254,,444,3809,0,0,0
255,,426,0,0,0,0
256,,427,0,0,0,0
257,,414,0,0,0,0
258,,415,0,0,0,0
259,,416,0,0,0,0
260,,417,0,0,0,0
261,,418,0,0,0,0
262,,419,0,0,0,0
263,,420,0,0,0,0
264,Substitui Atributo Aleatório por Engenhosidade.,429,3810,0,0,0
265,,430,0,0,0,0
266,,431,0,0,0,0
267,Reduz em 15% a probabilidade de a gambiarra desse dispositivo dar defeito. Não acumula com bônus de especialização similares.,432,3811,0,0,0
268,Gambiarras colocadas neste dispositivo não podem mais dar defeitos catastróficos.,433,3812,0,0,0
269,A gambiarra encaixada neste dispositivo às vezes desaloja a bateria em vez de dar defeito.,434,3815,0,0,0
270,Aloca os atributos secundários de óculos ou braçadeiras criados por Engenharia para Acerto Crítico.,435,3878,0,0,0
271,Aloca os atributos secundários de óculos ou braçadeiras criados por Engenharia para Aceleração.,436,3877,0,0,0
272,Aloca os atributos secundários de óculos ou braçadeiras criados por Engenharia para Maestria.,437,3879,0,0,0
273,Aloca os atributos secundários de óculos ou braçadeiras criados por Engenharia para Versatilidade.,438,3880,0,0,0
274,"Você tem $ev1% a mais de chance de melhorar em Engenharia, mas a Dificuldade da Receita aumenta em $ev2.",439,0,0,0,0
275,Aumenta $en1 em $ev1 e $en2 em $ev2.,440,0,0,0,0
276,"Ao se curar, às vezes você dispara um Dardo de Cura. Também adiciona Único-equipado: Adornado (2).",441,3834,0,0,0
278,Substitui Atributo Aleatório por Desenvoltura.,450,3881,0,0,0
279,Substitui Atributo Aleatório por Multicriação.,451,3882,0,0,0
280,Substitui Atributo Aleatório por Velocidade de Criação.,452,3883,0,0,0
281,Substitui Atributo Aleatório por Finesse.,453,3884,0,0,0
282,Substitui Atributo Aleatório por Percepção.,454,3885,0,0,0
283,Substitui Atributo Aleatório por Aptidão.,455,3886,0,0,0
284,,424,0,0,0,0
285,,425,0,0,0,0
287,Altera a aparência de uma arma criada a partir da Ferraria de Draenor para algo mais impressionante.,459,3986,0,0,0
288,Altera a aparência de uma arma criada a partir da Ferraria de Draenor para algo realmente extraordinário.,459,3987,0,0,0
289,Altera a aparência de uma armadura criada a partir da Ferraria de Draenor para algo mais impressionante.,460,3986,0,0,0
290,Altera a aparência de uma armadura criada a partir da Ferraria de Draenor para algo realmente extraordinário.,460,3987,0,0,0
291,Altera a aparência de óculos criados a partir da Engenharia de Draenor para algo mais impressionante.,461,3986,0,0,0
292,Altera a aparência de óculos criados a partir da Engenharia de Draenor para algo realmente extraordinário.,461,3987,0,0,0
293,Altera a aparência de armas de fogo criadas a partir da Engenharia de Draenor para algo mais impressionante.,462,3986,0,0,0
294,Altera a aparência de armas de fogo criadas a partir da Engenharia de Draenor para algo realmente extraordinário.,462,3987,0,0,0
295,Altera a aparência de uma armadura criada a partir da Couraria de Draenor para algo mais impressionante.,463,3986,0,0,0
296,Altera a aparência de uma armadura criada a partir da Couraria de Draenor para algo realmente extraordinário.,463,3987,0,0,0
297,Altera a aparência de uma armadura criada a partir da Alfaiataria de Draenor para algo mais impressionante.,464,3986,0,0,0
298,Altera a aparência de uma armadura criada a partir da Alfaiataria de Draenor para algo realmente extraordinário.,464,3987,0,0,0
299,Altera a aparência de armas criadas a partir da Escrivania de Draenor para algo mais impressionante.,465,3986,0,0,0
300,Altera a aparência de armas criadas a partir da Escrivania de Draenor para algo realmente extraordinário.,465,3987,0,0,0
302,"Concede a seus equipamentos criados uma melhoria imperceptível, mas completamente real.",467,4049,0,0,0
303,O reagente opcional não tem mais poder nenhum.,468,4076,0,0,0
304,O reagente opcional não tem mais poder nenhum.,469,4076,0,0,0
305,O reagente opcional não tem mais poder nenhum.,470,4076,0,0,0
306,O reagente opcional não tem mais poder nenhum.,471,4077,0,0,0
307,O reagente opcional não tem mais poder nenhum.,472,4077,0,0,0
308,O reagente opcional não tem mais poder nenhum.,473,4077,0,0,0
309,Definir nível de item inicial com base na qualidade de criação (382-395) e marcar como Criação com Engenhosidade.,474,4107,0,0,0
310,Define nvl-i inicial pela qualidade da criação (Dragonflight – Série 2 – Trilha do Campeão) e marcar como Criação com Chama Sombria.,475,4108,0,0,0
311,"Define nvl-i pela qualidade de criação (Dragonflight – Série 2 – Trilha do Aventureiro), adiciona Vinculado à Alma e nível requerido 70.",400,4111,0,0,0
312,Define nvl-i pela qualidade de criação (Dragonflight – Série 2 – Trilha do Veterano).,400,4112,0,0,0
313,Define nvl-i pela qualidade de criação (Dragonflight – Série 2 – Trilha do Herói).,476,4113,0,0,0
314,Definir nível de item com base na qualidade de criação (408 - 418).,476,4114,0,0,0
315,Define nvl-i pela qualidade de criação (Dragonflight – Série 2 – Trilha do Mito).,476,4115,0,0,0
316,Define nvl-i pela qualidade de criação (Dragonflight – Série 2 – Trilha do Mito).,476,4116,0,0,0
317,Causar dano pode gerar dano cumulativo extra de Chama Sombria. Também adiciona Único-equipado: Adornado (2).,477,4118,0,0,0
318,Fica potencializado ao ser interrompido fora de um lançamento. Também adiciona Único-equipado: Adornado (2).,478,4129,0,0,0
319,Sofrer efeitos que prejudicam o movimento aumenta o dano. Também adiciona Único-equipado: Adornado (2).,479,4135,0,0,0
320,,480,0,0,0,0
321,Reduz sua velocidade de queda por 10 s. Só pode ser usado nas Ilhas do Dragão.,481,4152,0,0,0
323,Aprimora suas Bandagens das Ilhas do Dragão. Só pode ser usado nas Ilhas do Dragão.,483,4153,0,0,0
324,,487,3481,0,0,0
325,,487,4165,0,0,0
326,,488,4010,0,0,0
327,,488,4166,0,0,0
328,,486,0,0,0,0
329,Define nvl-i inicial pela qualidade da criação (Dragonflight – Série 3 – Trilha do Campeão) e marcar como Criação Onírica.,490,4183,0,0,0
330,Define nvl-i pela qualidade de criação (Dragonflight – Série 3 – Trilha do Herói).,491,4184,0,0,0
331,Define nvl-i pela qualidade de criação (Dragonflight – Série 3 – Trilha do Mito).,491,4185,0,0,0
332,Define nvl-i pela qualidade de criação (Dragonflight – Série 3 – Trilha do Veterano).,400,4188,0,0,0
334,Feitiços e habilidades podem conceder atributos secundários. Adiciona Único-equipado: Adornado (2).,493,4226,0,0,0
335,O reagente opcional não tem mais poder nenhum.,494,4234,0,0,0
336,O reagente opcional não tem mais poder nenhum.,496,4234,0,0,0
337,O reagente opcional não tem mais poder nenhum.,498,4234,0,0,0
338,O reagente opcional não tem mais poder nenhum.,495,4235,0,0,0
339,O reagente opcional não tem mais poder nenhum.,497,4235,0,0,0
340,O reagente opcional não tem mais poder nenhum.,499,4235,0,0,0
341,Concede Acerto Crítico cumulativo acima de 70% da vida. Adiciona Único-equipado: Adornado (2).,500,4237,0,0,0
342,"Certifica equipamentos para batalhas JxJ, permitindo que cheguem até nvl-i $ev1.|n|nNecessários vários para concluir uma criação.",502,4273,0,0,0
343,"Certifica equipamentos para batalhas JxJ, permitindo que cheguem até nvl-i $ev1.|n|nNecessários vários para concluir uma criação.",503,4272,0,0,0
344,"Certifica equipamentos para batalhas JxJ, permitindo que cheguem até nvl-i $ev1.|n|nNecessários vários para concluir uma criação.",504,4274,0,0,0
345,,505,4281,0,0,0
346,,505,4214,0,0,0
347,"Suas habilidades de cura têm chance de vincular você a um aliado, concedendo Versatilidade a ambos, dependendo da distância. Também adiciona Único-equipado: Embelezado (2).",507,4290,0,0,0
348,Micoflorescência,508,0,0,0,0
349,Gotisca,509,0,0,0,0
350,Orbinídea,510,0,0,0,0
351,Flor da Bênção,511,0,0,0,0
352,Lança de Arathor,512,0,0,0,0
353,Minério Comum,513,0,0,0,0
354,Minério Raro 01,514,0,0,0,0
355,Minério Raro 02,515,0,0,0,0
357,Define nvl-i inicial pela qualidade da criação (The War Within – Série 1 – Trilha do Campeão) e marcar como Criação com Agouro.,517,4321,0,0,0
358,Define nvl-i inicial como 1 e marca como Criação com Vaidade.,0,0,0,0,0
359,Define nvl-i inicial pela qualidade da criação (Dragonflight – Série 4 – Trilha do Campeão) e marcar como Criação Desperta.,520,4339,0,0,0
360,Define nvl-i pela qualidade de criação (Dragonflight – Série 4 – Trilha do Mito).,524,4342,0,0,0
361,Define nvl-i pela qualidade de criação (Dragonflight – Série 4 – Trilha do Mito).,522,4342,0,0,0
362,Define nvl-i pela qualidade de criação (Dragonflight – Série 4 – Trilha do Mito).,523,4342,0,0,0
363,Define nvl-i pela qualidade de criação (Dragonflight – Série 4 – Trilha do Aventureiro).,525,4343,0,0,0
364,Define nvl-i pela qualidade de criação (Dragonflight – Série 4 – Trilha do Aventureiro).,526,4343,0,0,0
365,Define nvl-i pela qualidade de criação (Dragonflight – Série 4 – Trilha do Aventureiro).,527,4343,0,0,0
366,,528,0,0,100,0
367,Define nvl-i pela qualidade de criação (Dragonflight – Série 4 – Trilha do Veterano).,400,4367,0,0,0
368,Define nvl-i pela qualidade de criação (Dragonflight – Série 4 – Trilha do Herói).,521,4368,0,0,0
369,Define nvl-i pela qualidade de criação (Dragonflight – Série 4 – Trilha do Mito).,521,4369,0,0,0
370,O reagente opcional não tem mais poder nenhum.,529,4404,0,0,0
371,O reagente opcional não tem mais poder nenhum.,530,4404,0,0,0
372,O reagente opcional não tem mais poder nenhum.,531,4404,0,0,0
373,O reagente opcional não tem mais poder nenhum.,532,4405,0,0,0
374,O reagente opcional não tem mais poder nenhum.,533,4405,0,0,0
375,O reagente opcional não tem mais poder nenhum.,534,4405,0,0,0
376,,535,0,0,0,0
377,,536,0,0,0,0
378,,537,0,0,0,0
379,,538,0,0,0,0
380,,539,0,0,0,0
383,,542,0,0,0,0
384,,543,0,0,0,0
385,,544,0,0,0,0
386,,545,0,0,0,0
387,,546,0,0,0,0
388,Concede $ev2 de $en2 e aumenta em $ev1% os reagentes salvos com Desenvoltura.,547,0,0,0,0
389,Concede $ev1 de $en1.,548,0,0,0,0
390,Seus feitiços e habilidades têm chance de causar dano mágico adicional. A escola escolhida é baseada nas gemas engastadas. $@spelldesc437127,549,4449,0,0,0
391,$@spelldesc435992 $@spelldesc437127,550,4446,0,0,0
392,"Ao receber dano com poucos pontos de vida, lance Luz Estelar para se proteger. A frequência com que isso pode ocorrer aumentar com as gemas engastadas. $@spelldesc437127",551,4456,0,0,0
393,Concede $ev1 de $en1 e aumenta em $ev2% sua chance de ganhar um ponto de perícia.,552,0,0,0,0
394,,553,0,0,0,0
395,,554,0,0,0,0
396,,555,0,0,0,0
397,,556,0,0,0,0
398,,557,4640,0,0,0
399,,557,4461,0,0,0
400,"Causar dano a um alvo tem chance de abençoar sua arma, aumentando seu atributo secundário mais alto. O efeito desvanece lentamente ao longo do tempo.$@spelldesc437127",559,4681,0,0,0
401,Aceita as trevas. Dobra os efeitos positivos e negativos de seu outro item adornado nerubiano.$@spelldesc437127,560,4682,0,0,0
402,,561,0,0,0,0
403,,562,0,0,0,0
404,,563,0,0,0,0
405,,564,0,0,0,0
406,,565,0,0,0,0
407,,566,0,0,0,0
408,,567,0,0,0,0
409,,568,0,0,0,0
410,Pó da Tempestade,569,0,0,0,0
411,Estilhaço Rebrilhante,570,0,0,0,0
412,Cristal Refulgente,571,0,0,0,0
421,,580,0,0,0,0
422,,581,0,0,0,0
423,,582,0,0,0,0
424,,583,0,0,0,0
425,,584,0,0,0,0
426,,585,0,0,0,0
427,,586,0,0,0,0
428,$@spelldesc454558 $@spelldesc437127,587,4839,0,0,0
429,$@spelldesc458573$@spelldesc437127,588,4767,0,0,0
430,$@spelldesc463232$@spelldesc437127,589,4768,0,0,0
431,$@spelldesc454857 $@spelldesc437127,590,4769,0,0,0
432,Punhado de Parafusos de Bismuto,594,0,0,0,0
433,Fiação Extravagante,595,0,0,0,0
434,Engrenagem Girante,596,0,0,0,0
435,Chave de Segurança,597,0,0,0,0
436,Circuito do Caos,598,0,0,0,0
437,Amplificador de Entropia,599,0,0,0,0
438,Aloca o atributo secundário de óculos ou braçadeiras criados por Engenharia para Acerto Crítico.,600,4683,0,0,0
439,Aloca o atributo secundário de óculos ou braçadeiras criados por Engenharia para Aceleração.,601,4685,0,0,0
440,Aloca o atributo secundário de óculos ou braçadeiras criados por Engenharia para Maestria.,602,4684,0,0,0
441,Aloca o atributo secundário de óculos ou braçadeiras criados por Engenharia para Versatilidade.,603,4686,0,0,0
442,Reduz em 15% a probabilidade de a gambiarra desse dispositivo dar defeito. Não acumula com bônus de especialização similares.,604,4723,0,0,0
443,"Sempre que a gambiarra deste dispositivo der defeito, você tem grande chance de redirecionar as consequências para o jogador inimigo mais próximo.",605,4734,0,0,0
444,$@spelldesc454468,606,4736,0,0,0
445,$@spelldesc454455,607,4735,0,0,0
446,"Chance de lançar uma granada de bolso, causando dano dividido entre os inimigos. $@spelldesc437127",608,4724,0,0,0
447,"Quando fica com poucos pontos de vida, você arma minas em volta para desacelerar e causar dano a inimigos que pisarem nelas. $@spelldesc437127",609,4727,0,0,0
448,$@spelldesc455147 $@spelldesc437127,610,4740,0,0,0
449,DNT does something awesome,649,0,0,0,0
450,DNT does something awesome,650,0,0,0,0
451,DNT does something awesome,651,0,0,0,0
452,DNT does something awesome,652,0,0,0,0
453,DNT does something awesome,653,0,0,0,0
454,DNT does something awesome,654,0,0,0,0
455,Concede $ev1 de $en1.,655,0,0,0,0
456,Multicriação rende $ev1% a mais ao criar itens consumíveis.,656,0,0,0,0
457,Concede $ev1 de $en1.,704,0,0,0,0
458,DNT does something awesome,658,0,0,0,0
459,DNT does something awesome,659,0,0,0,0
460,Garantia de Versatilidade e Aceleração.,660,3742,1,0,0
461,Garantia de Maestria e Aceleração.,661,3743,1,0,0
462,Garantia de Acerto Crítico e Aceleração.,662,3725,1,0,0
463,Garantia de Versatilidade e Maestria.,663,3744,1,0,0
464,Garantia de Acerto Crítico e Maestria.,664,3741,1,0,0
465,Garantia de Versatilidade e Acerto Crítico.,665,3745,1,0,0
466,DNT does something awesome,666,0,0,0,0
467,DNT does something awesome,667,0,0,0,0
468,DNT does something awesome,668,0,0,0,0
469,DNT does something awesome,669,0,0,0,0
470,Substitui Atributo Aleatório por Engenhosidade.,670,4784,0,0,0
471,Substitui Atributo Aleatório por Desenvoltura.,671,3881,0,0,0
472,Substitui Atributo Aleatório por Multicriação.,672,3882,0,0,0
473,Substitui Atributo Aleatório por Velocidade de Criação.,673,3883,0,0,0
474,Substitui Atributo Aleatório por Finesse.,674,3884,0,0,0
475,Substitui Atributo Aleatório por Percepção.,675,3885,0,0,0
476,Substitui Atributo Aleatório por Destreza.,676,3886,0,0,0
477,,677,0,0,0,0
478,,678,0,0,0,0
479,,679,0,0,0,0
480,,680,0,0,0,0
481,,681,0,0,0,0
482,,682,0,0,0,0
483,"Acima de 80% dos pontos de vida, ganha Acerto Crítico.$@spelldesc437127",683,4770,0,0,0
484,"Acima de 80% dos pontos de vida, ganha Versatilidade.$@spelldesc437127",684,4771,0,0,0
486,Multicriação rende $ev1% a mais ao criar itens consumíveis.,686,0,0,0,0
488,Concede $ev1 de $en1.,685,0,0,0,0
489,"Define nvl-i pela qualidade de criação (The War Within – Série 1 – Trilha do Veterano), adiciona Vinculado à Alma e nível requerido 80.",689,4700,0,0,0
490,Define nvl-i pela qualidade de criação (The War Within – Série 1 – Trilha do Herói).,591,4701,0,0,0
491,Define nvl-i pela qualidade de criação (The War Within – Série 1 – Trilha do Mito).,591,4702,0,0,0
492,Usa $ev1% menos Concentração ao se Concentrar numa criação.,690,0,0,0,0
493,Concede $ev1 de $en1.,691,0,0,0,0
494,,692,0,0,0,0
495,Poção do Guepardo Renascido,693,0,0,0,0
496,Poção de Cura Algari,694,0,0,0,0
497,Alegria do Explorador de Cavernas,695,0,0,0,0
498,Poção Temperada,696,0,0,0,0
499,,697,0,0,0,0
500,,698,0,0,0,0
501,,699,0,0,0,0
502,,700,0,0,0,0
503,,701,0,0,0,0
504,,702,0,0,0,0
505,,703,0,0,0,0
506,Concede $ev1 de $en1.,687,0,0,0,0
508,Aumenta em $ev1% os reagentes salvos com Desenvoltura.,688,0,0,0,0
510,Finaliza sua receita com uma colher deste ingrediente secreto para ter a chance de aumentar a quantidade de porções.,706,0,0,0,0
511,Adiciona um pouco deste ingrediente secreto para ter a chance de aumentar a quantidade de porções produzidas.,707,0,0,0,0
512,Concede $ev1 de $en1.,708,0,0,0,0
513,Aumenta em $ev1% a chance de ganhar um Ponto de Perícia.,709,0,0,0,0
514,,711,4396,0,0,0
515,,711,4777,0,0,0
516,Concede $ev1 de $en1.,713,0,0,0,0
517,Concede $ev1 de $en1.,714,0,0,0,0
518,Concede $ev1 de $en1.,715,0,0,0,0
519,Concede $ev1 de $en1.,716,0,0,0,0
520,Define nvl-i em $ev1 e nível requerido em $ev2. Usa com Reagentes Opcionais para potencializar equipamentos.,717,4797,0,0,0
521,,718,0,0,0,0
522,,719,0,0,0,0
523,,720,0,0,0,0
524,"Define nvl-i pela qualidade de criação (545 - 558), adiciona Vinculado à Alma e nível requerido 74.",721,4799,0,0,0
525,"Define nvl-i pela qualidade de criação (561 - 574), adiciona Vinculado à Alma e nível requerido 80.",722,4800,0,0,0
526,Define nível requerido em 65 e define para um nível de item adequado.,723,4801,0,0,0
527,Concede $ev1 de $en1.,724,0,0,0,0
528,Multicriação rende $ev1% a mais ao criar itens consumíveis.,725,0,0,0,0
529,"Concede a seus equipamentos criados uma melhoria imperceptível, mas completamente real.",726,4877,0,0,0
531,"Certifica equipamentos para batalhas JxJ, permitindo que cheguem até nvl-i $ev1.|n|nNecessários vários para concluir uma criação.",728,4946,0,0,0
532,"Certifica equipamentos para batalhas JxJ, permitindo que cheguem até nvl-i $ev1.|n|nNecessários vários para concluir uma criação.",729,4947,0,0,0
533,"Certifica equipamentos para batalhas JxJ, permitindo que cheguem até nvl-i $ev1.|n|nNecessários vários para concluir uma criação.",730,4948,0,0,0
534,"Certifica equipamentos para batalhas JxJ, permitindo que cheguem até nvl-i $ev1.|n|nNecessários vários para concluir uma criação.",731,4964,0,0,0
535,"Certifica equipamentos para batalhas JxJ, permitindo que cheguem até nvl-i $ev1.|n|nNecessários vários para concluir uma criação.",732,4965,0,0,0
536,"Certifica equipamentos para batalhas JxJ, permitindo que cheguem até nvl-i $ev1.|n|nNecessários vários para concluir uma criação.",733,4966,0,0,0
537,Define nvl-i inicial pela qualidade da criação (The War Within – Série 2 – Trilha do Campeão) e marcar como Criação com Fortuna.,734,4975,0,0,0
538,"Define nvl-i pela qualidade de criação (The War Within – Série 2 – Trilha do Veterano), adiciona Vinculado à Alma e nível requerido 80.",689,4976,0,0,0
539,Define nvl-i pela qualidade de criação (The War Within – Série 2 – Trilha do Herói).,735,4977,0,0,0
540,Define nvl-i pela qualidade de criação (The War Within – Série 2 – Trilha do Mito).,735,4978,0,0,0
541,Define nvl-i inicial pela qualidade da criação (The War Within – Série 3 – Trilha do Campeão) e marcar como Criação com Luz Estelar.,736,4984,0,0,0
542,"Define nvl-i pela qualidade de criação (The War Within – Série 3 – Trilha do Veterano), adiciona Vinculado à Alma e nível requerido 80.",689,4985,0,0,0
543,Define nvl-i pela qualidade de criação (The War Within – Série 3 – Trilha do Herói).,737,4986,0,0,0
544,Define nvl-i pela qualidade de criação (The War Within – Série 3 – Trilha do Mito).,737,4987,0,0,0
545,,738,4997,0,0,0
546,,738,4998,0,0,0
547,Define nvl-i inicial pela qualidade da criação (246-259) e marca como Criação com Resplendor.,740,5038,0,0,0
549,Botão-da-paz,741,0,0,0,0
550,Cardossangue,742,0,0,0,0
551,Folha-prata,745,0,0,0,0
552,Raiz-telúrica,743,0,0,0,0
553,Magi-real,744,0,0,0,0
554,Minério de Cobre Refulgente,746,0,0,0,0
555,Minério de Estanho Umbrático,747,0,0,0,0
556,Minério de Prata Brilhante,748,0,0,0,0
557,Lingote de Cobre Refulgente,749,0,0,0,0
558,Liga Crepuscular,750,0,0,0,0
559,Liga Excelente,751,0,0,0,0
560,Couro Revenido pelo Caos,753,0,0,0,0
561,Escamas Revenidas pelo Caos,754,0,0,0,0
562,Pelego Revenido pelo Caos,755,0,0,0,0
563,Blindagem Revenida pelo Caos,756,0,0,0,0
564,Linho Brilhante,757,0,0,0,0
565,Arcanotrama,758,0,0,0,0
566,Seda de Fogo Solar,759,0,0,0,0
568,Aumenta em 6 o nível de um item criado de uma Centelha das Fortunas.,761,5222,0,0,0
569,Rolo de Arcanotrama,762,0,0,0,0
570,Rolo de Seda de Fogo Solar,763,0,0,0,0
571,Aumenta em 3 o nível de um item criado de uma Centelha das Fortunas.,764,5223,0,0,0
572,Rolo de Linho Brilhante,767,0,0,0,0
573,Rolo de Linho Brilhante Imbuído,768,0,0,0,0
574,"Seus feitiços e habilidades têm chance de atrair uma moreia de mana que potencializará você e um aliado com Percepção da Arcanotrama, aumentando seu atributo primário e o do seu aliado.",769,5237,0,0,0
575,$@spelldesc1241711,770,5238,0,0,0
576,Engrenagem da Canção,771,0,0,0,0
577,Rebimboca de Alma,772,0,0,0,0
578,Evinúcleo,773,0,0,0,0
579,Aeterlúmen,774,0,0,0,0
580,Pó de Eternelegia,776,0,0,0,0
581,Estilhaço Radiante,775,0,0,0,0
582,Cristal da Aurora,777,0,0,0,0
583,,779,0,0,100,0
584,,781,0,0,0,0
585,,782,0,0,0,0
586,,789,0,0,0,0
587,,784,0,0,0,0
588,,783,0,0,0,0
589,,786,0,0,0,0
590,,785,0,0,0,0
591,,788,0,0,0,0
592,,787,0,0,0,0
593,,790,0,0,0,0
594,,791,0,0,0,0
595,,792,0,0,0,0
596,,793,0,0,0,0
597,,794,0,0,0,0
598,Pelego Tecido em Escamas,795,0,0,0,0
599,Pelego Tecido em Escamas Imbuído,796,0,0,0,0
600,Invólucro de Arma de Luaprata,797,0,0,0,0
601,Elo de Armadura Sin'dorei,798,0,0,0,0
602,,800,5523,0,0,0
603,,800,5522,0,0,0
604,,801,0,0,0,0
605,,802,0,0,0,0
606,,804,0,0,0,0
607,,803,0,0,0,0
608,$@spelldesc1245053$@spelldesc437127,805,5639,0,0,0
609,$@spelldesc1245052$@spelldesc437127,808,5899,0,0,0
610,$@spelldesc1245055$@spelldesc437127,807,5538,0,0,0
611,$@spelldesc1245054$@spelldesc437127,806,5539,0,0,0
612,Garantia de Versatilidade e Acerto Crítico.,809,3745,0,0,0
613,Garantia de Acerto Crítico e Maestria.,810,3741,0,0,0
614,Garantia de Versatilidade e Maestria.,811,3744,0,0,0
615,Garantia de Acerto Crítico e Aceleração.,812,3725,0,0,0
616,Garantia de Maestria e Aceleração.,813,3743,0,0,0
617,Garantia de Versatilidade e Aceleração.,814,3742,0,0,0
618,Substitui Atributo Aleatório por Destreza.,815,3886,0,0,0
619,Substitui Atributo Aleatório por Percepção.,816,3885,0,0,0
620,Substitui Atributo Aleatório por Finesse.,817,3884,0,0,0
621,Substitui Atributo Aleatório por Velocidade de Criação.,818,3883,0,0,0
622,Substitui Atributo Aleatório por Multicriação.,819,3882,0,0,0
623,Substitui Atributo Aleatório por Desenvoltura.,820,3881,0,0,0
624,Substitui Atributo Aleatório por Engenhosidade.,821,3810,0,0,0
625,,822,0,0,0,0
626,,823,0,0,0,0
627,,824,0,0,0,0
628,,825,0,0,0,0
629,Concede $ev1 de $en1.,826,0,0,0,0
630,Concede $ev1 de $en1.,827,0,0,0,0
631,Concede $ev1 de $en1.,828,0,0,0,0
632,Concede $ev1 de $en1.,829,0,0,0,0
633,Suas habilidades e feitiços que causam dano têm chance de lançar Setas Devoradoras que causam dano ao seu alvo e aprimoram o seu atributo secundário mais alto.$@spelldesc437127,830,5534,0,0,0
634,Suas habilidades e feitiços benéficos têm chance de evocar o loa Kurzi para conceder Versatilidade ao seu alvo.$@spelldesc437127,831,5535,0,0,0
635,"Seus feitiços e habilidades podem lançar Esporos Explosivos contra os alvos, curando aliados ou causando dano aos inimigos, dependendo de quem é o alvo.$@spelldesc437127",832,5536,0,0,0
636,Uma anomalia dimensional que pode resultar em produção adicional ao criar.|n|NConcede $en1 de $ev1 para esta criação.,833,0,0,0,0
637,Uma anomalia dimensional que garante produção adicional ao criar. Concede $en1 de $ev1 para esta criação.,833,0,0,0,0
638,Aumenta a chance de que alguns reagentes sejam devolvidos para você após a criação. Concede $en1 de $ev1 para esta criação.,835,0,0,0,0
639,Um item raro que devolve alguns reagentes para você após a criação.|n|nConcede $en1 de $ev1 para esta criação.,835,0,0,0,0
640,Aumenta $en1 em $ev1.,837,0,0,0,0
641,Aumenta a sua chance de uma descoberta engenhosa ao se Concentrar.|n|nAumenta $en1 em $ev1.,838,0,0,0,0
642,Grogue da Impulsividade Desenfreada,839,0,0,0,0
643,Tônico da Iluminação,840,0,0,0,0
644,Potencial da Luz,841,0,0,0,0
645,Preservação da Luz,842,0,0,0,0
646,Poção de Cura da Meia-noite,843,0,0,0,0
647,Poção de Mana da Meia-noite,844,0,0,0,0
648,Poção dos Sonhos Devorados,846,0,0,0,0
649,Poção da Imprudência,845,0,0,0,0
650,Poção do Fanatismo,847,0,0,0,0
651,Soro Revigorante,848,0,0,0,0
652,Tintura Envolta em Caos,849,0,0,0,0
653,Frasco de Acerto Crítico da Meia-noite,850,0,0,0,0
654,Frasco de Aceleração da Meia-noite,851,0,0,0,0
655,Frasco de Maestria da Meia-noite,852,0,0,0,0
656,Frasco de Versatilidade da Meia-noite,853,0,0,0,0
657,|n|nConcede +1 de Brilho ao seu equipamento.,854,5650,0,0,0
658,$@spelldesc1246308,855,5651,0,0,0
659,$@spelldesc1246309,856,5844,0,0,0
660,"|n|nUma versão de bolso de Médi, que trará você de volta no caso de uma morte precoce em áreas externas.",857,5653,0,0,0
661,,858,5675,0,0,0
662,,858,5674,0,0,0
663,$@spelldesc1251906,860,5790,0,0,0
664,$@spelldesc1251905,861,5791,0,0,0
665,Aumenta em 7 o nível de um item criado de uma Centelha de Luz Estelar.,865,5808,0,0,0
666,Aumenta em 3 o nível de um item criado de uma Centelha da Luz Estelar.,866,5809,0,0,0
667,"Aloca o atributo secundário de óculos, braçadeiras ou botas criados por Engenharia para Acerto Crítico.",869,4683,0,0,0
668,"Aloca o atributo secundário de óculos, braçadeiras ou botas criados por Engenharia para Maestria.",870,4684,0,0,0
669,"Aloca o atributo secundário de óculos, braçadeiras ou botas criados por Engenharia para Aceleração.",871,4685,0,0,0
670,"Aloca o atributo secundário de óculos, braçadeiras ou botas criados por Engenharia para Versatilidade.",872,4686,0,0,0
671,$@spelldesc1259648,873,5652,0,0,0
672,"Concede a seus equipamentos criados uma melhoria imperceptível, mas completamente real.",876,5845,0,0,0
673,"Certifica equipamentos para batalhas JxJ, permitindo que cheguem até o nível de item $ev1.|n|nNecessários vários para concluir uma criação.",878,5850,0,0,0
674,"Certifica equipamentos para batalhas JxJ, permitindo que cheguem até o nível de item $ev1.|n|nNecessários vários para concluir uma criação.",879,5851,0,0,0
675,"Certifica equipamentos para batalhas JxJ, permitindo que cheguem até o nível de item $ev1.|n|nNecessários vários para concluir uma criação.",880,5852,0,0,0
676,$@spelldesc1261971,883,5862,0,0,0
677,|n$@spelldesc1261968,884,5863,0,0,0
678,Óleo da Graça de Beledar,874,0,0,0,0
679,Soro da Alma Adormecida,881,0,0,0,0
680,Flora Composta,862,0,0,0,0
681,Sinergista Maravilhoso,868,0,0,0,0
682,Finalize sua receita com uma pitada deste ingrediente secreto para ter a chance de poupar alguns recursos valiosos.,905,0,0,0,0
683,Finalize sua receita com um toque deste ingrediente secreto para ter a chance de criar mais refeições.,906,0,0,0,0
684,Inclua este acompanhamento impressionante na sua receita para aumentar drasticamente a quantidade de pratos criados.,907,0,0,0,0
685,Gume Encantado do Contrabandista,867,0,0,0,0
