Name_lang,Field_12_0_0_63534_001[0],Field_12_0_0_63534_001[1],Field_12_0_0_63534_001[2],ID,Size,ParentComponentID,ModelFileDataID,Field_12_0_0_63534_006,Field_12_0_0_63534_007,Type,Field_12_0_0_63534_009,GameObjectID,Field_11_2_7_64044_011,HouseExteriorWmoDataID
[DNT] rt_hook01,0,0,0,129,1,0,0,0,1,13,1,0,0,9
Estuco,0,0,0,141,2,0,6648736,3,1,9,1,0,0,9
Cantería,0,0,0,142,2,0,6648737,2,1,9,1,0,0,9
Estuco,0,0,0,144,3,0,6648733,3,1,9,1,0,0,9
Cabaña,0,0,0,145,3,0,6648734,2,1,9,1,0,0,9
Estuco,0,0,0,147,4,0,6648730,3,1,9,1,0,0,9
Cabaña,0,0,0,148,4,0,6648731,2,1,9,1,0,0,9
Techo ornamentado,0,0,0,568,4,0,6892531,2,4,10,1,0,36,55
Techo de madera del bosque,0,0,0,569,4,0,6892530,3,4,10,1,0,36,55
Piedra,0,0,0,570,3,0,6892517,2,4,9,1,0,0,55
Ornamentado,0,0,0,571,3,0,6892516,2,4,9,1,0,0,55
Techo de madera del bosque,0,0,0,572,3,0,6892524,3,4,10,1,0,36,55
Techo ornamentado,0,0,0,573,3,0,6892525,2,4,10,1,0,36,55
Madera del bosque,0,0,0,574,3,0,6892497,3,4,9,1,0,0,55
Techo rústico,0,0,0,575,3,0,6892526,2,4,10,1,0,36,55
Techo rústico,0,0,0,576,4,0,6892532,2,4,10,1,0,36,55
Piedra,0,0,0,577,4,0,6892523,2,4,9,1,0,0,55
Madera del bosque,0,0,0,578,4,0,6892521,3,4,9,1,0,0,55
Techo rústico,0,0,0,579,2,0,6892529,2,4,10,1,0,36,55
Piedra,0,0,0,580,2,0,6892520,2,4,9,1,0,0,55
Ornamentado,0,0,0,581,2,0,6892519,2,4,9,1,0,0,55
Techo de madera del bosque,0,0,0,582,2,0,6892527,3,4,10,1,0,36,55
Madera del bosque,0,0,0,583,2,0,6892518,3,4,9,1,0,0,55
Techo ornamentado,0,0,0,584,2,0,6892528,2,4,10,1,0,36,55
Ornamentado,0,0,0,585,4,0,6892522,2,4,9,1,0,0,55
Chimenea ornamentada - Violeta,0,0,0,586,1,0,6892547,2,4,16,1,0,36,55
Chimenea antigua alta – Violeta,0,0,0,587,1,0,6892545,2,4,16,1,0,36,55
Chimenea de madera del bosque - Violeta,0,0,0,588,1,0,6892544,2,4,16,1,0,36,55
Ventana de madera del bosque,0,0,0,589,1,0,6892536,2,4,12,1,0,0,55
Entrada de madera del bosque - Violeta,5.2331,0.0432,1.6591,590,1,0,6892533,3,4,11,1,613904,36,55
Torre de madera del bosque - Violeta,0,0,0,591,1,0,6892550,2,4,15,1,0,36,55
Torre ornamentada - Violeta,0,0,0,592,1,0,6892551,2,4,15,1,0,36,55
Torre rústica - Violeta,0,0,0,593,1,0,6892553,2,4,15,1,0,36,55
Torre de piedra - Violeta,0,0,0,594,1,0,6892552,2,4,15,1,0,36,55
Torre de piedra ornamentada - Violeta,0,0,0,595,1,0,6892554,2,4,15,1,0,36,55
Entrada rústica - Violeta,2.9381,0.0423,1.6541,596,1,0,6892535,2,4,11,1,613906,36,55
Entrada ornamentada - Violeta,2.8441,0.0423,1.6625,597,1,0,6892534,2,4,11,1,613905,36,55
Chimenea rústica - Violeta,0,0,0,598,1,0,6892546,2,4,16,1,0,36,55
Chimenea antigua - Violeta,0,0,0,599,1,0,6892548,2,4,16,1,0,36,55
Ventana antigua,0,0,0,600,1,0,6892537,2,4,12,1,0,0,55
Buhardilla antigua,0,0,0,601,1,0,6892542,2,4,14,1,0,0,55
Buhardilla de madera del bosque - Violeta,0,0,0,602,1,0,6892541,2,4,14,1,0,36,55
Buhardilla ornamentada - Violeta,0,0,0,603,1,0,6892543,2,4,14,1,0,36,55
Ventana arqueada,0,0,0,604,1,0,6892538,2,4,12,1,0,0,55
Ventana con entramado,0,0,0,605,1,0,6892539,2,4,12,1,0,0,55
Ventana ornamentada,0,0,0,606,1,0,6892540,2,4,12,1,0,0,55
Pináculo escalonado - Carmesí,0,0,0,607,1,0,6892591,2,5,15,1,0,37,56
Pináculo elegante - Carmesí,0,0,0,608,1,0,6892589,2,5,15,1,0,37,56
Chimenea extravagante,0,0,0,609,1,0,6892587,2,5,16,1,0,37,56
Chimenea acampanada,0,0,0,610,1,0,6892586,2,5,16,1,0,37,56
Chimenea alada resistente,0,0,0,611,1,0,6892588,2,5,16,1,0,37,56
Chimenea majestuosa,0,0,0,612,1,0,6892584,2,5,16,1,0,37,56
Chimenea alada,0,0,0,613,1,0,6892585,2,5,16,1,0,37,56
Buhardilla abovedada - Carmesí,0,0,0,614,1,0,6892581,2,5,14,1,0,37,56
Buhardilla majestuosa - Carmesí,0,0,0,615,1,0,6892583,2,5,14,1,0,37,56
Ventana majestuosa - Carmesí,0,0,0,616,1,0,6892579,2,5,12,1,0,37,56
Ventana redondeada - Carmesí,0,0,0,617,1,0,6892580,2,5,12,1,0,37,56
Entrada simple,16.8511,0,1.427,618,1,0,6892573,3,5,11,1,613907,37,56
Entrada majestuosa - Carmesí,16.7481,0.0001,1.427,619,1,0,6892575,2,5,11,1,613909,37,56
Entrada elegante - Carmesí,16.8511,0,1.427,620,1,0,6892574,2,5,11,1,613908,37,56
Techo abovedado,0,0,0,621,2,0,6892567,3,5,10,1,0,0,56
Grabado,0,0,0,622,2,0,6892558,3,5,9,1,0,0,56
Techo facetado,0,0,0,623,4,0,6892571,2,5,10,1,0,0,56
Artesano,0,0,0,624,4,0,6892563,2,5,9,1,0,0,56
Arcos,0,0,0,625,4,0,6892562,2,5,9,1,0,0,56
Techo escalonado,0,0,0,626,4,0,6892572,2,5,10,1,0,0,56
Techo escalonado,0,0,0,627,3,0,6892566,2,5,10,1,0,0,56
Techo abovedado,0,0,0,628,3,0,6892564,3,5,10,1,0,0,56
Techo facetado,0,0,0,629,2,0,6892568,2,5,10,1,0,0,56
Artesano,0,0,0,630,3,0,6892557,2,5,9,1,0,0,56
Arcos,0,0,0,631,2,0,6892559,2,5,9,1,0,0,56
Grabado,0,0,0,632,3,0,6892555,3,5,9,1,0,0,56
Grabado,0,0,0,633,4,0,6892561,3,5,9,1,0,0,56
Techo abovedado,0,0,0,634,4,0,6892570,3,5,10,1,0,0,56
Arcos,0,0,0,635,3,0,6892556,2,5,9,1,0,0,56
Techo facetado,0,0,0,636,3,0,6892565,2,5,10,1,0,0,56
Artesano,0,0,0,637,2,0,6892560,2,5,9,1,0,0,56
Ventana de filigrana,0,0,0,638,1,0,6892576,2,5,12,1,0,0,56
Ventana con macetero,0,0,0,639,1,0,6892577,2,5,12,1,0,0,56
Ventana alada,0,0,0,640,1,0,6892578,2,5,12,1,0,0,56
Buhardilla elegante - Carmesí,0,0,0,641,1,0,6892582,2,5,14,1,0,37,56
Pináculo simple - Carmesí,0,0,0,642,1,0,6892498,2,5,15,1,0,37,56
Pináculo facetado - Carmesí,0,0,0,643,1,0,6892592,2,5,15,1,0,37,56
Pináculo sólido - Carmesí,0,0,0,644,1,0,6892590,2,5,15,1,0,37,56
Techo escalonado,0,0,0,645,2,0,6892569,2,5,10,1,0,0,56
Entrada cubierta,-3.7703,0.1048,1.383,975,1,0,7118913,2,2,11,1,602706,37,87
Entrada de puente levadizo,-4.4534,0.3277,2.4228,976,1,0,7118912,3,2,11,1,602705,37,87
Entrada de chatarra,-2.9469,0.4999,2.1383,977,1,0,7118914,2,2,11,1,602707,37,87
Ventana arqueada,0,0,0,978,1,0,7118916,2,2,12,1,0,0,87
Ventana redonda,0,0,0,979,1,0,7118917,2,2,12,1,0,0,87
Ventana cubierta,0,0,0,980,1,0,7118918,2,2,12,1,0,0,87
Ventana con persiana,0,0,0,981,1,0,7118919,2,2,12,1,0,0,87
Ventana en ángulo,0,0,0,982,1,0,7118915,3,2,12,1,0,0,87
Ventana redonda,0,0,0,984,1,0,7118922,2,2,14,1,0,0,87
Chimenea con rayos,0,0,0,986,1,0,7338373,2,2,16,1,0,0,87
Chimenea horno,0,0,0,987,1,0,7118925,2,2,16,1,0,0,87
Chimenea simple,0,0,0,988,1,0,7118924,2,2,16,1,0,0,87
Chimenea de piedra,0,0,0,989,1,0,7118923,3,2,16,1,0,0,87
Chimenea con ventilación,0,0,0,990,1,0,7338375,2,2,16,1,0,0,87
Piedra lisa,0,0,0,999,4,0,6648679,2,2,9,1,0,0,87
Madera recuperada,0,0,0,1000,4,0,6648678,3,2,9,1,0,0,87
Piedra lisa,0,0,0,1003,2,0,6648685,2,2,9,1,0,0,87
Madera recuperada,0,0,0,1004,2,0,6648684,3,2,9,1,0,0,87
Madera recuperada,0,0,0,1006,3,0,6648681,3,2,9,1,0,0,87
Piedra gastada,0,0,0,1009,4,0,7118902,2,2,9,1,0,0,87
Piedra gastada,0,0,0,1011,2,0,7118901,2,2,9,1,0,0,87
Piedra gastada,0,0,0,1012,3,0,7118900,2,2,9,1,0,0,87
Piedra lisa,0,0,0,1207,3,0,6648682,2,2,9,0,0,0,87
Ventana cuadrada,0,0,0,1379,1,0,7118946,2,1,12,0,0,0,9
Entrada simple - Azul,-3.0023,0.0171,2.0121,1380,1,0,7450804,3,1,11,0,586576,8,9
Entrada simple - Amarilla,-3.0023,0.0171,2.0121,1381,1,1380,7450818,2,1,11,0,586576,44,9
Entrada simple - Púrpura,-3.0023,0.0171,2.0121,1382,1,1380,7450815,2,1,11,0,586576,36,9
Entrada simple - Roja,-3.0023,0.0171,2.0121,1383,1,1380,7450812,2,1,11,0,586576,37,9
Entrada simple - Marrón,-3.0023,0.0171,2.0121,1384,1,1380,7450809,2,1,11,0,586576,9,9
Entrada simple - Verde,-3.0023,0.0171,2.0121,1385,1,1380,7450805,2,1,11,0,586576,21,9
Torre majestuosa - Azul,0,0,0,1386,1,0,7450803,2,1,15,0,0,8,9
Torre majestuosa - Amarilla,0,0,0,1387,1,1386,7450862,2,1,15,0,0,44,9
Torre majestuosa - Púrpura,0,0,0,1388,1,1386,7450857,2,1,15,0,0,36,9
Torre majestuosa - Roja,0,0,0,1389,1,1386,7450852,2,1,15,0,0,37,9
Torre majestuosa - Marrón,0,0,0,1390,1,1386,7450847,2,1,15,0,0,9,9
Torre majestuosa - Verde,0,0,0,1391,1,1386,7450842,2,1,15,0,0,21,9
Torre cuadrada - Azul,0,0,0,1392,1,0,7450802,2,1,15,0,0,8,9
Torre cuadrada - Amarilla,0,0,0,1393,1,1392,7450860,2,1,15,0,0,44,9
Torre cuadrada - Púrpura,0,0,0,1394,1,1392,7450855,2,1,15,0,0,36,9
Torre cuadrada - Roja,0,0,0,1395,1,1392,7450850,2,1,15,0,0,37,9
Torre cuadrada - Marrón,0,0,0,1396,1,1392,7450845,2,1,15,0,0,9,9
Torre cuadrada - Verde,0,0,0,1397,1,1392,7450840,2,1,15,0,0,21,9
Torre de vigilancia - Azul,0,0,0,1398,1,0,7450801,2,1,15,0,0,8,9
Torre de vigilancia - Amarilla,0,0,0,1399,1,1398,7450861,2,1,15,0,0,44,9
Torre de vigilancia - Púrpura,0,0,0,1400,1,1398,7450856,2,1,15,0,0,36,9
Torre de vigilancia - Roja,0,0,0,1401,1,1398,7450851,2,1,15,0,0,37,9
Torre de vigilancia - Marrón,0,0,0,1402,1,1398,7450846,2,1,15,0,0,9,9
Torre de vigilancia - Verde,0,0,0,1403,1,1398,7450841,2,1,15,0,0,21,9
Torre grande - Azul,0,0,0,1404,1,0,7450800,3,1,15,0,0,8,9
Torre grande - Amarilla,0,0,0,1405,1,1404,7450858,2,1,15,0,0,44,9
Torre grande - Púrpura,0,0,0,1406,1,1404,7450853,2,1,15,0,0,36,9
Torre grande - Roja,0,0,0,1407,1,1404,7450848,2,1,15,0,0,37,9
Torre grande - Marrón,0,0,0,1408,1,1404,7450843,2,1,15,0,0,9,9
Torre grande - Verde,0,0,0,1409,1,1404,7450838,2,1,15,0,0,21,9
Buhardilla cuadrada - Azul,0,0,0,1410,1,0,7450799,2,1,14,0,0,8,9
Buhardilla cuadrada - Amarilla,0,0,0,1411,1,1410,7450837,2,1,14,0,0,44,9
Buhardilla cuadrada - Púrpura,0,0,0,1412,1,1410,7450833,2,1,14,0,0,36,9
Buhardilla cuadrada - Roja,0,0,0,1413,1,1410,7450829,2,1,14,0,0,37,9
Buhardilla cuadrada - Marrón,0,0,0,1414,1,1410,7450826,2,1,14,0,0,9,9
Buhardilla cuadrada - Verde,0,0,0,1415,1,1410,7450823,2,1,14,0,0,21,9
Chimenea simple,0,0,0,1416,1,0,7118950,3,1,16,0,0,0,9
Ventana con persiana,0,0,0,1417,1,0,7448532,2,1,12,0,0,0,9
Ventana simple,0,0,0,1418,1,0,7118944,3,1,12,0,0,0,9
Entrada cuadrada - Azul,-3.0145,0.0317,1.9748,1419,1,0,7450798,2,1,11,0,602702,8,9
Entrada cuadrada - Amarilla,-3.0145,0.0317,1.9748,1420,1,1419,7450819,2,1,11,0,602702,44,9
Entrada cuadrada - Púrpura,-3.0145,0.0317,1.9748,1421,1,1419,7450816,2,1,11,0,602702,36,9
Entrada cuadrada - Roja,-3.0145,0.0317,1.9748,1422,1,1419,7450813,2,1,11,0,602702,37,9
Entrada cuadrada - Marrón,-3.0145,0.0317,1.9748,1423,1,1419,7450810,2,1,11,0,602702,9,9
Entrada cuadrada - Verde,-3.0145,0.0317,1.9748,1424,1,1419,7450806,2,1,11,0,602702,21,9
Entrada inclinada - Azul,-3.0059,0.0387,2.0029,1425,1,0,7450797,2,1,11,0,602700,8,9
Buhardilla inclinada - Amarilla,-3.0059,0.0387,2.0029,1426,1,1425,7450836,2,1,14,0,0,44,9
Buhardilla inclinada - Púrpura,-3.0059,0.0387,2.0029,1427,1,1425,7450832,2,1,14,0,0,36,9
Buhardilla inclinada - Roja,-3.0059,0.0387,2.0029,1428,1,1425,7450828,2,1,14,0,0,37,9
Buhardilla inclinada - Marrón,-3.0059,0.0387,2.0029,1429,1,1425,7450825,2,1,14,0,0,9,9
Buhardilla inclinada - Verde,-3.0059,0.0387,2.0029,1430,1,1425,7450822,2,1,14,0,0,21,9
Entrada inclinada - Amarilla,-3.0059,0.0387,2.0029,1431,1,1425,7450820,2,1,11,0,602700,44,9
Entrada inclinada - Púrpura,-3.0059,0.0387,2.0029,1432,1,1425,7450817,2,1,11,0,602700,36,9
Entrada inclinada - Roja,-3.0059,0.0387,2.0029,1433,1,1425,7450814,2,1,11,0,602700,37,9
Entrada inclinada - Marrón,-3.0059,0.0387,2.0029,1434,1,1425,7450811,2,1,11,0,602700,9,9
Entrada inclinada - Verde,-3.0059,0.0387,2.0029,1435,1,1425,7450808,2,1,11,0,602700,21,9
Ventanal,0,0,0,1436,1,0,7448531,2,1,12,0,0,0,9
Ventana redonda,0,0,0,1437,1,0,7118945,2,1,12,0,0,0,9
Torre de magos - Azul,0,0,0,1438,1,0,7450796,2,1,15,0,0,8,9
Torre de magos - Amarilla,0,0,0,1439,1,1438,7450859,2,1,15,0,0,44,9
Torre de magos - Púrpura,0,0,0,1440,1,1438,7450854,2,1,15,0,0,36,9
Torre de magos - Roja,0,0,0,1441,1,1438,7450849,2,1,15,0,0,37,9
Torre de magos - Marrón,0,0,0,1442,1,1438,7450844,2,1,15,0,0,9,9
Torre de magos - Verde,0,0,0,1443,1,1438,7450839,2,1,15,0,0,21,9
Chimenea de ladrillo alta,0,0,0,1444,1,0,7118954,2,1,16,0,0,0,9
Chimenea cubierta,0,0,0,1445,1,0,7118953,2,1,16,0,0,0,9
Buhardilla simple - Azul,0,0,0,1446,1,0,7450795,3,1,14,0,0,8,9
Buhardilla simple - Amarilla,0,0,0,1447,1,1446,7450835,2,1,14,0,0,44,9
Buhardilla simple - Púrpura,0,0,0,1448,1,1446,7450830,2,1,14,0,0,36,9
Buhardilla simple - Roja,0,0,0,1449,1,1446,7450827,2,1,14,0,0,37,9
Buhardilla simple - Marrón,0,0,0,1450,1,1446,7450824,2,1,14,0,0,9,9
Buhardilla simple - Verde,0,0,0,1451,1,1446,7450821,2,1,14,0,0,21,9
Chimenea reforzada,0,0,0,1452,1,0,7118952,2,1,16,0,0,0,9
Chimenea de ladrillo amplia,0,0,0,1453,1,0,7118951,2,1,16,0,0,0,9
Buhardilla inclinada - Azul,0,0,0,1454,1,0,7450794,2,1,14,0,0,8,9
Techo cuadrado,0,0,0,1455,4,0,7420575,2,1,10,0,0,8,9
Techo cuadrado,0,0,0,1456,4,1455,7420574,2,1,10,0,0,44,9
Techo cuadrado,0,0,0,1457,4,1455,7420578,2,1,10,0,0,36,9
Techo cuadrado,0,0,0,1458,4,1455,7420579,2,1,10,0,0,37,9
Techo cuadrado,0,0,0,1459,4,1455,7420576,2,1,10,0,0,9,9
Techo cuadrado,0,0,0,1460,4,1455,7420577,2,1,10,0,0,21,9
Techo inclinado,0,0,0,1461,4,0,7420568,2,1,10,0,0,8,9
Techo inclinado,0,0,0,1462,4,1461,7420573,2,1,10,0,0,44,9
Techo inclinado,0,0,0,1463,4,1461,7420571,2,1,10,0,0,36,9
Techo inclinado,0,0,0,1464,4,1461,7420572,2,1,10,0,0,37,9
Techo inclinado,0,0,0,1465,4,1461,7420569,2,1,10,0,0,9,9
Techo inclinado,0,0,0,1466,4,1461,7420570,2,1,10,0,0,21,9
Techo simple,0,0,0,1467,4,0,7420563,3,1,10,0,0,8,9
Techo simple,0,0,0,1468,4,1467,7420562,2,1,10,0,0,44,9
Techo simple,0,0,0,1469,4,1467,7420566,2,1,10,0,0,36,9
Techo simple,0,0,0,1470,4,1467,7420567,2,1,10,0,0,37,9
Techo simple,0,0,0,1471,4,1467,7420564,2,1,10,0,0,9,9
Techo simple,0,0,0,1472,4,1467,7420565,2,1,10,0,0,21,9
Techo cuadrado,0,0,0,1473,3,0,7420586,2,1,10,0,0,8,9
Techo cuadrado,0,0,0,1474,3,1473,7420599,2,1,10,0,0,44,9
Techo cuadrado,0,0,0,1475,3,1473,7420595,2,1,10,0,0,36,9
Techo cuadrado,0,0,0,1476,3,1473,7420598,2,1,10,0,0,37,9
Techo cuadrado,0,0,0,1477,3,1473,7420589,2,1,10,0,0,9,9
Techo cuadrado,0,0,0,1478,3,1473,7420592,2,1,10,0,0,21,9
Techo inclinado,0,0,0,1479,3,0,7420585,2,1,10,0,0,8,9
Techo inclinado,0,0,0,1480,3,1479,7420600,2,1,10,0,0,44,9
Techo inclinado,0,0,0,1481,3,1479,7420594,2,1,10,0,0,36,9
Techo inclinado,0,0,0,1482,3,1479,7420597,2,1,10,0,0,37,9
Techo inclinado,0,0,0,1483,3,1479,7420588,2,1,10,0,0,9,9
Techo inclinado,0,0,0,1484,3,1479,7420591,2,1,10,0,0,21,9
Techo simple,0,0,0,1485,3,0,7420584,3,1,10,0,0,8,9
Techo simple,0,0,0,1486,3,1485,7420601,2,1,10,0,0,44,9
Techo simple,0,0,0,1487,3,1485,7420593,2,1,10,0,0,36,9
Techo simple,0,0,0,1488,3,1485,7420596,2,1,10,0,0,37,9
Techo simple,0,0,0,1489,3,1485,7420587,2,1,10,0,0,9,9
Techo simple,0,0,0,1490,3,1485,7420590,2,1,10,0,0,21,9
Techo cuadrado,0,0,0,1491,2,0,7420604,2,1,10,0,0,8,9
Techo cuadrado,0,0,0,1492,2,1491,7420617,2,1,10,0,0,44,9
Techo cuadrado,0,0,0,1493,2,1491,7420611,2,1,10,0,0,36,9
Techo cuadrado,0,0,0,1494,2,1491,7420616,2,1,10,0,0,37,9
Techo cuadrado,0,0,0,1495,2,1491,7420605,2,1,10,0,0,9,9
Techo cuadrado,0,0,0,1496,2,1491,7420610,2,1,10,0,0,21,9
Techo inclinado,0,0,0,1497,2,0,7420603,2,1,10,0,0,8,9
Techo inclinado,0,0,0,1498,2,1497,7420618,2,1,10,0,0,44,9
Techo inclinado,0,0,0,1499,2,1497,7420612,2,1,10,0,0,36,9
Techo inclinado,0,0,0,1500,2,1497,7420615,2,1,10,0,0,37,9
Techo inclinado,0,0,0,1501,2,1497,7420606,2,1,10,0,0,9,9
Techo inclinado,0,0,0,1502,2,1497,7420609,2,1,10,0,0,21,9
Techo simple,0,0,0,1503,2,0,7420602,3,1,10,0,0,8,9
Techo simple,0,0,0,1504,2,1503,7420619,2,1,10,0,0,44,9
Techo simple,0,0,0,1505,2,1503,7420613,2,1,10,0,0,36,9
Techo simple,0,0,0,1506,2,1503,7420614,2,1,10,0,0,37,9
Techo simple,0,0,0,1507,2,1503,7420607,2,1,10,0,0,9,9
Techo simple,0,0,0,1508,2,1503,7420608,2,1,10,0,0,21,9
Ventana en ángulo - Marrón,0,0,0,2434,1,0,7462697,2,2,14,0,0,9,87
Ventana en ángulo - Naranja,0,0,0,2435,1,0,7462696,2,2,14,0,0,32,87
Ventana en ángulo - Azul,0,0,0,2436,1,0,7462695,2,2,14,0,0,8,87
Ventana en ángulo - Amarilla,0,0,0,2437,1,0,7462694,2,2,14,0,0,44,87
Ventana arqueada - Marrón,0,0,0,2438,1,0,7462693,2,2,14,0,0,9,87
Ventana arqueada - Naranja,0,0,0,2439,1,0,7462692,2,2,14,0,0,32,87
Ventana arqueada - Azul,0,0,0,2440,1,0,7462691,2,2,14,0,0,8,87
Ventana arqueada - Amarilla,0,0,0,2441,1,0,7462690,2,2,14,0,0,44,87
Ventana en ángulo - Verde,0,0,0,2442,1,0,7462689,2,2,14,0,0,21,87
Ventana arqueada - Verde,0,0,0,2443,1,0,7462688,2,2,14,0,0,21,87
Fortificación de ventana de madera - Marrón,0,0,0,2444,1,0,7462687,2,2,15,0,0,9,87
Fortificación de ventana de piedra - Marrón,0,0,0,2445,1,0,7462686,2,2,15,0,0,9,87
Fortificación cubierta - Marrón,0,0,0,2446,1,0,7462685,2,2,15,0,0,9,87
Fortificación de escotilla - Marrón,0,0,0,2447,1,0,7462684,2,2,15,0,0,9,87
Fortificación con ventilación - Marrón,0,0,0,2448,1,0,7462683,2,2,15,0,0,9,87
Fortificación de ventana de madera - Naranja,0,0,0,2449,1,0,7462682,2,2,15,0,0,32,87
Fortificación de ventana de piedra - Naranja,0,0,0,2450,1,0,7462681,2,2,15,0,0,32,87
Fortificación cubierta - Naranja,0,0,0,2451,1,0,7462680,2,2,15,0,0,32,87
Fortificación de escotilla - Naranja,0,0,0,2452,1,0,7462679,2,2,15,0,0,32,87
Fortificación con ventilación - Naranja,0,0,0,2453,1,0,7462678,2,2,15,0,0,32,87
Fortificación de ventana de madera - Azul,0,0,0,2454,1,0,7462677,2,2,15,0,0,8,87
Fortificación de ventana de piedra - Azul,0,0,0,2455,1,0,7462676,2,2,15,0,0,8,87
Fortificación cubierta - Azul,0,0,0,2456,1,0,7462675,2,2,15,0,0,8,87
Fortificación de escotilla - Azul,0,0,0,2457,1,0,7462674,2,2,15,0,0,8,87
Fortificación con ventilación - Azul,0,0,0,2458,1,0,7462673,2,2,15,0,0,8,87
Fortificación de ventana de madera - Amarilla,0,0,0,2459,1,0,7462672,2,2,15,0,0,44,87
Fortificación de ventana de piedra - Amarilla,0,0,0,2460,1,0,7462671,2,2,15,0,0,44,87
Fortificación cubierta - Amarilla,0,0,0,2461,1,0,7462670,2,2,15,0,0,44,87
Fortificación de escotilla - Amarilla,0,0,0,2462,1,0,7462669,2,2,15,0,0,44,87
Fortificación con ventilación - Amarilla,0,0,0,2463,1,0,7462668,2,2,15,0,0,44,87
Fortificación de ventana de madera - Verde,0,0,0,2464,1,0,7462667,2,2,15,0,0,21,87
Fortificación de ventana de piedra - Verde,0,0,0,2465,1,0,7462666,2,2,15,0,0,21,87
Fortificación cubierta - Verde,0,0,0,2466,1,0,7462665,2,2,15,0,0,21,87
Fortificación de escotilla - Verde,0,0,0,2467,1,0,7462664,2,2,15,0,0,21,87
Fortificación con ventilación - Verde,0,0,0,2468,1,0,7462663,2,2,15,0,0,21,87
Techo de placas,0,0,0,2470,2,3805,7460533,2,2,10,0,0,9,87
Techo de placas,0,0,0,2471,2,3805,7460522,2,2,10,0,0,32,87
Techo de placas,0,0,0,2472,2,3805,7460513,2,2,10,0,0,8,87
Techo de placas,0,0,0,2473,2,3805,7460504,2,2,10,0,0,44,87
Techo de placas,0,0,0,2474,2,3805,7460495,2,2,10,0,0,21,87
Techo con ventilación,0,0,0,2476,2,3811,7460531,2,2,10,0,0,9,87
Techo con ventilación,0,0,0,2477,2,3811,7460520,2,2,10,0,0,32,87
Techo con ventilación,0,0,0,2478,2,3811,7460511,2,2,10,0,0,8,87
Techo con ventilación,0,0,0,2479,2,3811,7460502,2,2,10,0,0,44,87
Techo con ventilación,0,0,0,2480,2,3811,7460493,2,2,10,0,0,21,87
Techo de cuero,0,0,0,2482,2,3817,7460532,2,2,10,0,0,9,87
Techo de cuero,0,0,0,2483,2,3817,7460521,2,2,10,0,0,32,87
Techo de cuero,0,0,0,2484,2,3817,7460512,2,2,10,0,0,8,87
Techo de cuero,0,0,0,2485,2,3817,7460503,2,2,10,0,0,44,87
Techo de cuero,0,0,0,2486,2,3817,7460494,2,2,10,0,0,21,87
Techo de placas,0,0,0,2488,4,3823,7460525,2,2,10,0,0,9,87
Techo de placas,0,0,0,2489,4,3823,7460516,2,2,10,0,0,32,87
Techo de placas,0,0,0,2490,4,3823,7460507,2,2,10,0,0,8,87
Techo de placas,0,0,0,2491,4,3823,7460498,2,2,10,0,0,44,87
Techo de placas,0,0,0,2492,4,3823,7460489,2,2,10,0,0,21,87
Techo de placas,0,0,0,2494,3,3829,7460529,2,2,10,0,0,9,87
Techo de placas,0,0,0,2495,3,3829,7460519,2,2,10,0,0,32,87
Techo de placas,0,0,0,2496,3,3829,7460510,2,2,10,0,0,8,87
Techo de placas,0,0,0,2497,3,3829,7460501,2,2,10,0,0,44,87
Techo de placas,0,0,0,2498,3,3829,7460492,2,2,10,0,0,21,87
Techo de cuero,0,0,0,2500,3,3835,7460528,2,2,10,0,0,9,87
Techo de cuero,0,0,0,2501,3,3835,7460518,2,2,10,0,0,32,87
Techo de cuero,0,0,0,2502,3,3835,7460509,2,2,10,0,0,8,87
Techo de cuero,0,0,0,2503,3,3835,7460500,2,2,10,0,0,44,87
Techo de cuero,0,0,0,2504,3,3835,7460491,2,2,10,0,0,21,87
Techo con ventilación,0,0,0,2507,3,3841,7460527,2,2,10,0,0,9,87
Techo con ventilación,0,0,0,2508,3,3841,7460517,2,2,10,0,0,32,87
Techo con ventilación,0,0,0,2509,3,3841,7460508,2,2,10,0,0,8,87
Techo con ventilación,0,0,0,2510,3,3841,7460499,2,2,10,0,0,44,87
Techo con ventilación,0,0,0,2511,3,3841,7460490,2,2,10,0,0,21,87
Techo con ventilación,0,0,0,2513,4,3847,7460523,2,2,10,0,0,9,87
Techo con ventilación,0,0,0,2514,4,3847,7460514,2,2,10,0,0,32,87
Techo con ventilación,0,0,0,2515,4,3847,7460505,2,2,10,0,0,8,87
Techo con ventilación,0,0,0,2516,4,3847,7460496,2,2,10,0,0,44,87
Techo con ventilación,0,0,0,2517,4,3847,7460487,2,2,10,0,0,21,87
Techo de cuero,0,0,0,2519,4,3853,7460524,2,2,10,0,0,9,87
Techo de cuero,0,0,0,2520,4,3853,7460515,2,2,10,0,0,32,87
Techo de cuero,0,0,0,2521,4,3853,7460506,2,2,10,0,0,8,87
Techo de cuero,0,0,0,2522,4,3853,7460497,2,2,10,0,0,44,87
Techo de cuero,0,0,0,2523,4,3853,7460488,2,2,10,0,0,21,87
Fortificación con ventilación - Roja,0,0,0,2525,1,0,7118926,3,2,15,0,0,37,87
Fortificación de ventana de madera - Roja,0,0,0,2526,1,0,7118930,2,2,15,0,0,37,87
Fortificación de ventana de piedra - Roja,0,0,0,2527,1,0,7118929,2,2,15,0,0,37,87
Fortificación cubierta - Roja,0,0,0,2528,1,0,7118928,2,2,15,0,0,37,87
Fortificación de escotilla - Roja,0,0,0,2529,1,0,7118927,2,2,15,0,0,37,87
Ventana arqueada - Roja,0,0,0,2530,1,0,7118920,3,2,14,0,0,37,87
Ventana en ángulo - Roja,0,0,0,2531,1,0,7118921,2,2,14,0,0,37,87
Cantería,0,0,0,3793,4,0,6648724,2,1,9,0,0,0,9
Cantería,0,0,0,3795,3,0,6648725,2,1,9,0,0,0,9
Cabaña,0,0,0,3797,2,0,7118931,2,1,9,0,0,0,9
Techo de placas,0,0,0,3805,2,0,7118908,2,2,10,0,0,37,87
Techo con ventilación,0,0,0,3811,2,0,7118906,3,2,10,0,0,37,87
Techo de cuero,0,0,0,3817,2,0,7118907,2,2,10,0,0,37,87
Techo de placas,0,0,0,3823,4,0,7118911,2,2,10,0,0,37,87
Techo de placas,0,0,0,3829,3,0,7118905,2,2,10,0,0,37,87
Techo de cuero,0,0,0,3835,3,0,7118904,2,2,10,0,0,37,87
Techo con ventilación,0,0,0,3841,3,0,7118903,3,2,10,0,0,37,87
Techo con ventilación,0,0,0,3847,4,0,7118909,3,2,10,0,0,37,87
Techo de cuero,0,0,0,3853,4,0,7118910,2,2,10,0,0,37,87
Chimenea antigua - Océano,0,0,0,5467,1,0,7515175,2,4,16,0,0,40,55
Chimenea ornamentada - Océano,0,0,0,5468,1,0,7515174,2,4,16,0,0,40,55
Chimenea rústica - Océano,0,0,0,5469,1,0,7515173,2,4,16,0,0,40,55
Chimenea antigua alta - Océano,0,0,0,5470,1,0,7515172,2,4,16,0,0,40,55
Chimenea de madera del bosque - Océano,0,0,0,5471,1,0,7515171,2,4,16,0,0,40,55
Chimenea antigua - Ciruela,0,0,0,5472,1,0,7515170,2,4,16,0,0,34,55
Chimenea ornamentada - Ciruela,0,0,0,5473,1,0,7515169,2,4,16,0,0,34,55
Chimenea rústica - Ciruela,0,0,0,5474,1,0,7515168,2,4,16,0,0,34,55
Chimenea antigua alta - Ciruela,0,0,0,5475,1,0,7515167,2,4,16,0,0,34,55
Chimenea de madera del bosque - Ciruela,0,0,0,5476,1,0,7515166,2,4,16,0,0,34,55
Chimenea antigua - Ocre,0,0,0,5477,1,0,7515165,2,4,16,0,0,44,55
Chimenea ornamentada - Ocre,0,0,0,5478,1,0,7515164,2,4,16,0,0,44,55
Chimenea rústica - Ocre,0,0,0,5479,1,0,7515163,2,4,16,0,0,44,55
Chimenea antigua alta - Ocre,0,0,0,5480,1,0,7515162,2,4,16,0,0,44,55
Chimenea de madera del bosque - Ocre,0,0,0,5481,1,0,7515161,2,4,16,0,0,44,55
Chimenea antigua - Nuez moscada,0,0,0,5482,1,0,7515160,2,4,16,0,0,9,55
Chimenea ornamentada - Nuez moscada,0,0,0,5483,1,0,7515159,2,4,16,0,0,9,55
Chimenea rústica - Nuez moscada,0,0,0,5484,1,0,7515158,2,4,16,0,0,9,55
Chimenea antigua alta- Nuez moscada,0,0,0,5485,1,0,7515153,2,4,16,0,0,9,55
Chimenea de madera del bosque - Nuez moscada,0,0,0,5486,1,0,7515152,2,4,16,0,0,9,55
Chimenea antigua - Verde bosque,0,0,0,5487,1,0,7513277,2,4,16,0,0,21,55
Chimenea ornamentada - Verde bosque,0,0,0,5488,1,0,7513274,2,4,16,0,0,21,55
Chimenea rústica - Verde bosque,0,0,0,5489,1,0,7513273,2,4,16,0,0,21,55
Chimenea antigua alta – Verde bosque,0,0,0,5490,1,0,7513271,2,4,16,0,0,21,55
Chimenea de madera del bosque - Verde bosque,0,0,0,5491,1,0,7513270,2,4,16,0,0,21,55
Buhardilla ornamentada - Océano,0,0,0,5492,1,0,7478179,2,4,14,0,0,40,55
Buhardilla de madera del bosque - Océano,0,0,0,5493,1,0,7478099,2,4,14,0,0,40,55
Buhardilla ornamentada - Ciruela,0,0,0,5494,1,0,7478180,2,4,14,0,0,34,55
Buhardilla de madera del bosque - Ciruela,0,0,0,5495,1,0,7478100,2,4,14,0,0,34,55
Buhardilla ornamentada - Ocre,0,0,0,5496,1,0,7478181,2,4,14,0,0,44,55
Buhardilla de madera del bosque - Ocre,0,0,0,5497,1,0,7478101,2,4,14,0,0,44,55
Buhardilla ornamentada - Nuez moscada,0,0,0,5498,1,0,7478183,2,4,14,0,0,9,55
Buhardilla de madera del bosque - Nuez moscada,0,0,0,5499,1,0,7478103,2,4,14,0,0,9,55
Buhardilla ornamentada - Verde bosque,0,0,0,5500,1,0,7478182,2,4,14,0,0,21,55
Buhardilla de madera del bosque - Verde bosque,0,0,0,5501,1,0,7478102,2,4,14,0,0,21,55
Torre de piedra ornamentada - Océano,0,0,0,5502,1,0,7478209,2,4,15,0,0,40,55
Torre rústica - Océano,0,0,0,5503,1,0,7478204,2,4,15,0,0,40,55
Torre de piedra - Océano,0,0,0,5504,1,0,7478199,2,4,15,0,0,40,55
Torre ornamentada - Océano,0,0,0,5505,1,0,7478194,2,4,15,0,0,40,55
Torre de madera del bosque - Océano,0,0,0,5506,1,0,7478189,2,4,15,0,0,40,55
Torre de piedra ornamentada - Ciruela,0,0,0,5507,1,0,7478210,2,4,15,0,0,34,55
Torre rústica - Ciruela,0,0,0,5508,1,0,7478205,2,4,15,0,0,34,55
Torre de piedra - Ciruela,0,0,0,5509,1,0,7478200,2,4,15,0,0,34,55
Torre ornamentada - Ciruela,0,0,0,5510,1,0,7478195,2,4,15,0,0,34,55
Torre de madera del bosque - Ciruela,0,0,0,5511,1,0,7478190,2,4,15,0,0,34,55
Torre de piedra ornamentada - Ocre,0,0,0,5512,1,0,7478211,2,4,15,0,0,44,55
Torre rústica - Ocre,0,0,0,5513,1,0,7478206,2,4,15,0,0,44,55
Torre de piedra - Ocre,0,0,0,5514,1,0,7478201,2,4,15,0,0,44,55
Torre ornamentada - Ocre,0,0,0,5515,1,0,7478196,2,4,15,0,0,44,55
Torre de madera del bosque - Ocre,0,0,0,5516,1,0,7478191,2,4,15,0,0,44,55
Torre de piedra ornamentada - Nuez moscada,0,0,0,5517,1,0,7478213,2,4,15,0,0,9,55
Torre rústica - Nuez moscada,0,0,0,5518,1,0,7478208,2,4,15,0,0,9,55
Torre de piedra - Nuez moscada,0,0,0,5519,1,0,7478203,2,4,15,0,0,9,55
Torre ornamentada - Nuez moscada,0,0,0,5520,1,0,7478198,2,4,15,0,0,9,55
Torre de madera del bosque - Nuez moscada,0,0,0,5521,1,0,7478193,2,4,15,0,0,9,55
Torre de piedra ornamentada - Verde bosque,0,0,0,5522,1,0,7478212,2,4,15,0,0,21,55
Torre rústica - Verde bosque,0,0,0,5523,1,0,7478207,2,4,15,0,0,21,55
Torre de piedra - Verde bosque,0,0,0,5524,1,0,7478202,2,4,15,0,0,21,55
Torre ornamentada - Verde bosque,0,0,0,5525,1,0,7478197,2,4,15,0,0,21,55
Torre de madera del bosque - Verde bosque,0,0,0,5526,1,0,7478192,2,4,15,0,0,21,55
Entrada ornamentada - Océano,2.8441,0.0423,1.6625,5532,1,597,7513268,2,4,11,0,613905,40,55
Entrada ornamentada - Ciruela,2.8441,0.0423,1.6625,5533,1,597,7513265,2,4,11,0,613905,34,55
Entrada ornamentada - Ocre,2.8441,0.0423,1.6625,5534,1,597,7513262,2,4,11,0,613905,44,55
Entrada ornamentada - Nuez moscada,2.8441,0.0423,1.6625,5535,1,597,7513259,2,4,11,0,613905,9,55
Entrada ornamentada - Bosque,2.8441,0.0423,1.6625,5536,1,597,7513256,2,4,11,0,613905,21,55
Entrada de madera del bosque - Océano,5.2331,0.0432,1.6591,5538,1,590,7513267,2,4,11,0,613904,40,55
Entrada de madera del bosque - Ciruela,5.2331,0.0432,1.6591,5539,1,590,7513264,2,4,11,0,613904,34,55
Entrada de madera del bosque - Ocre,5.2331,0.0432,1.6591,5540,1,590,7513261,2,4,11,0,613904,44,55
Entrada de madera del bosque - Nuez moscada,5.2331,0.0432,1.6591,5541,1,590,7513258,2,4,11,0,613904,9,55
Entrada de madera del bosque - Verde bosque,5.2331,0.0432,1.6591,5542,1,590,7513255,2,4,11,0,613904,21,55
Entrada rústica - Océano,2.9381,0.0423,1.6541,5549,1,596,7513269,2,4,11,0,613906,40,55
Entrada rústica - Ciruela,2.9381,0.0423,1.6541,5550,1,596,7513266,2,4,11,0,613906,34,55
Entrada rústica - Ocre,2.9381,0.0423,1.6541,5551,1,596,7513263,2,4,11,0,613906,44,55
Entrada rústica - Nuez moscada,2.9381,0.0423,1.6541,5552,1,596,7513260,2,4,11,0,613906,9,55
Entrada rústica - Verde bosque,2.9381,0.0423,1.6541,5553,1,596,7513257,2,4,11,0,613906,21,55
Techo ornamentado,0,0,0,5558,2,584,7478039,2,4,10,0,0,40,55
Techo ornamentado,0,0,0,5559,2,584,7478040,2,4,10,0,0,34,55
Techo ornamentado,0,0,0,5560,2,584,7478041,2,4,10,0,0,44,55
Techo ornamentado,0,0,0,5561,2,584,7478043,2,4,10,0,0,9,55
Techo ornamentado,0,0,0,5562,2,584,7478042,2,4,10,0,0,21,55
Techo de madera del bosque,0,0,0,5564,2,582,7478029,2,4,10,0,0,40,55
Techo de madera del bosque,0,0,0,5565,2,582,7478030,2,4,10,0,0,34,55
Techo de madera del bosque,0,0,0,5566,2,582,7478031,2,4,10,0,0,44,55
Techo de madera del bosque,0,0,0,5567,2,582,7478033,2,4,10,0,0,9,55
Techo de madera del bosque,0,0,0,5568,2,582,7478032,2,4,10,0,0,21,55
Techo rústico,0,0,0,5570,2,579,7478049,2,4,10,0,0,40,55
Techo rústico,0,0,0,5571,2,579,7478050,2,4,10,0,0,34,55
Techo rústico,0,0,0,5572,2,579,7478051,2,4,10,0,0,44,55
Techo rústico,0,0,0,5573,2,579,7478053,2,4,10,0,0,9,55
Techo rústico,0,0,0,5574,2,579,7478052,2,4,10,0,0,21,55
Techo rústico,0,0,0,5576,4,576,7478089,2,4,10,0,0,40,55
Techo rústico,0,0,0,5577,4,576,7478090,2,4,10,0,0,34,55
Techo rústico,0,0,0,5578,4,576,7478091,2,4,10,0,0,44,55
Techo rústico,0,0,0,5579,4,576,7478093,2,4,10,0,0,9,55
Techo rústico,0,0,0,5580,4,576,7478092,2,4,10,0,0,21,55
Techo rústico,0,0,0,5582,3,575,7478018,2,4,10,0,0,40,55
Techo rústico,0,0,0,5583,3,575,7478019,2,4,10,0,0,34,55
Techo rústico,0,0,0,5584,3,575,7478020,2,4,10,0,0,44,55
Techo rústico,0,0,0,5585,3,575,7478022,2,4,10,0,0,9,55
Techo rústico,0,0,0,5586,3,575,7478021,2,4,10,0,0,21,55
Techo ornamentado,0,0,0,5587,3,573,7478006,2,4,10,0,0,40,55
Techo ornamentado,0,0,0,5588,3,573,7478007,2,4,10,0,0,34,55
Techo ornamentado,0,0,0,5589,3,573,7478008,2,4,10,0,0,44,55
Techo ornamentado,0,0,0,5590,3,573,7478010,2,4,10,0,0,9,55
Techo ornamentado,0,0,0,5591,3,573,7478009,2,4,10,0,0,21,55
Techo de madera del bosque,0,0,0,5592,3,572,7477990,2,4,10,0,0,40,55
Techo de madera del bosque,0,0,0,5593,3,572,7477991,2,4,10,0,0,34,55
Techo de madera del bosque,0,0,0,5594,3,572,7477992,2,4,10,0,0,44,55
Techo de madera del bosque,0,0,0,5595,3,572,7477994,2,4,10,0,0,9,55
Techo de madera del bosque,0,0,0,5596,3,572,7477993,2,4,10,0,0,21,55
Techo de madera del bosque,0,0,0,5598,4,569,7478069,2,4,10,0,0,40,55
Techo de madera del bosque,0,0,0,5599,4,569,7478070,2,4,10,0,0,34,55
Techo de madera del bosque,0,0,0,5600,4,569,7478071,2,4,10,0,0,44,55
Techo de madera del bosque,0,0,0,5601,4,569,7478073,2,4,10,0,0,9,55
Techo de madera del bosque,0,0,0,5602,4,569,7478072,2,4,10,0,0,21,55
Techo ornamentado,0,0,0,5603,4,568,7478079,2,4,10,0,0,40,55
Techo ornamentado,0,0,0,5604,4,568,7478080,2,4,10,0,0,34,55
Techo ornamentado,0,0,0,5605,4,568,7478081,2,4,10,0,0,44,55
Techo ornamentado,0,0,0,5606,4,568,7478083,2,4,10,0,0,9,55
Techo ornamentado,0,0,0,5607,4,568,7478082,2,4,10,0,0,21,55
Ventana redondeada - Ciruela,0,0,0,5731,1,0,7513135,2,5,12,0,0,42,56
Ventana majestuosa - Ciruela,0,0,0,5732,1,0,7513134,2,5,12,0,0,42,56
Ventana redondeada - Gris oscuro,0,0,0,5733,1,0,7513133,2,5,12,0,0,7,56
Ventana majestuosa - Gris oscuro,0,0,0,5734,1,0,7513132,2,5,12,0,0,7,56
Ventana redondeada - Esmeralda,0,0,0,5735,1,0,7513131,2,5,12,0,0,21,56
Ventana majestuosa - Esmeralda,0,0,0,5736,1,0,7513130,2,5,12,0,0,21,56
Ventana redondeada - Océano,0,0,0,5737,1,0,7513129,2,5,12,0,0,40,56
Ventana majestuosa - Océano,0,0,0,5738,1,0,7513128,2,5,12,0,0,40,56
Ventana redondeada - Zafiro,0,0,0,5739,1,0,7513127,2,5,12,0,0,8,56
Ventana majestuosa - Zafiro,0,0,0,5740,1,0,7513126,2,5,12,0,0,8,56
Buhardilla majestuosa - Ciruela,0,0,0,5741,1,0,7478282,2,5,14,0,0,42,56
Buhardilla majestuosa - Gris oscuro,0,0,0,5742,1,0,7478286,2,5,14,0,0,7,56
Buhardilla majestuosa - Esmeralda,0,0,0,5743,1,0,7478285,2,5,14,0,0,21,56
Buhardilla majestuosa - Océano,0,0,0,5744,1,0,7478283,2,5,14,0,0,40,56
Buhardilla majestuosa - Zafiro,0,0,0,5745,1,0,7478284,2,5,14,0,0,8,56
Pináculo sólido - Ciruela,0,0,0,5746,1,0,7478292,2,5,15,0,0,42,56
Pináculo sólido - Gris oscuro,0,0,0,5747,1,0,7478296,2,5,15,0,0,7,56
Pináculo sólido - Esmeralda,0,0,0,5748,1,0,7478295,2,5,15,0,0,21,56
Pináculo sólido - Océano,0,0,0,5749,1,0,7478293,2,5,15,0,0,40,56
Pináculo sólido - Zafiro,0,0,0,5750,1,0,7478294,2,5,15,0,0,8,56
Buhardilla elegante - Ciruela,0,0,0,5751,1,0,7478277,2,5,14,0,0,42,56
Buhardilla abovedada - Ciruela,0,0,0,5752,1,0,7478272,2,5,14,0,0,42,56
Buhardilla elegante - Gris oscuro,0,0,0,5753,1,0,7478281,2,5,14,0,0,7,56
Buhardilla abovedada - Gris oscuro,0,0,0,5754,1,0,7478276,2,5,14,0,0,7,56
Buhardilla elegante - Esmeralda,0,0,0,5755,1,0,7478280,2,5,14,0,0,21,56
Buhardilla abovedada - Esmeralda,0,0,0,5756,1,0,7478275,2,5,14,0,0,21,56
Buhardilla elegante - Océano,0,0,0,5757,1,0,7478278,2,5,14,0,0,40,56
Buhardilla abovedada - Océano,0,0,0,5758,1,0,7478273,2,5,14,0,0,40,56
Buhardilla elegante - Zafiro,0,0,0,5759,1,0,7478279,2,5,14,0,0,8,56
Buhardilla abovedada - Zafiro,0,0,0,5760,1,0,7478274,2,5,14,0,0,8,56
Pináculo simple - Ciruela,0,0,0,5761,1,0,7478307,2,5,15,0,0,42,56
Pináculo facetado - Ciruela,0,0,0,5762,1,0,7478302,2,5,15,0,0,42,56
Pináculo escalonado - Ciruela,0,0,0,5763,1,0,7478297,2,5,15,0,0,42,56
Pináculo elegante - Ciruela,0,0,0,5764,1,0,7478287,2,5,15,0,0,42,56
Pináculo simple - Gris oscuro,0,0,0,5765,1,0,7478311,2,5,15,0,0,7,56
Pináculo facetado - Gris oscuro,0,0,0,5766,1,0,7478306,2,5,15,0,0,7,56
Pináculo escalonado - Gris oscuro,0,0,0,5767,1,0,7478301,2,5,15,0,0,7,56
Pináculo elegante - Gris oscuro,0,0,0,5768,1,0,7478291,2,5,15,0,0,7,56
Pináculo simple - Esmeralda,0,0,0,5769,1,0,7478310,2,5,15,0,0,21,56
Pináculo facetado - Esmeralda,0,0,0,5770,1,0,7478305,2,5,15,0,0,21,56
Pináculo escalonado - Esmeralda,0,0,0,5771,1,0,7478300,2,5,15,0,0,21,56
Pináculo elegante - Esmeralda,0,0,0,5772,1,0,7478290,2,5,15,0,0,21,56
Pináculo simple - Océano,0,0,0,5773,1,0,7478308,2,5,15,0,0,40,56
Pináculo facetado - Océano,0,0,0,5774,1,0,7478303,2,5,15,0,0,40,56
Pináculo escalonado - Océano,0,0,0,5775,1,0,7478298,2,5,15,0,0,40,56
Pináculo elegante - Océano,0,0,0,5776,1,0,7478288,2,5,15,0,0,40,56
Pináculo simple - Zafiro,0,0,0,5777,1,0,7478309,2,5,15,0,0,8,56
Pináculo facetado - Zafiro,0,0,0,5778,1,0,7478304,2,5,15,0,0,8,56
Pináculo escalonado - Zafiro,0,0,0,5779,1,0,7478299,2,5,15,0,0,8,56
Pináculo elegante - Zafiro,0,0,0,5780,1,0,7478289,2,5,15,0,0,8,56
Techo escalonado,0,0,0,5781,2,645,7478248,2,5,10,0,0,42,56
Techo escalonado,0,0,0,5782,2,645,7478256,2,5,10,0,0,7,56
Techo escalonado,0,0,0,5783,2,645,7478251,2,5,10,0,0,21,56
Techo escalonado,0,0,0,5784,2,645,7478249,2,5,10,0,0,40,56
Techo escalonado,0,0,0,5785,2,645,7478250,2,5,10,0,0,8,56
Techo facetado,0,0,0,5790,3,636,7478224,2,5,10,0,0,42,56
Techo facetado,0,0,0,5791,3,636,7478228,2,5,10,0,0,7,56
Techo facetado,0,0,0,5792,3,636,7478227,2,5,10,0,0,21,56
Techo facetado,0,0,0,5793,3,636,7478225,2,5,10,0,0,40,56
Techo facetado,0,0,0,5794,3,636,7478226,2,5,10,0,0,8,56
Techo abovedado,0,0,0,5795,4,634,7478257,2,5,10,0,0,42,56
Techo abovedado,0,0,0,5796,4,634,7478261,2,5,10,0,0,7,56
Techo abovedado,0,0,0,5797,4,634,7478260,2,5,10,0,0,21,56
Techo abovedado,0,0,0,5798,4,634,7478258,2,5,10,0,0,40,56
Techo abovedado,0,0,0,5799,4,634,7478259,2,5,10,0,0,8,56
Techo facetado,0,0,0,5800,2,629,7478243,2,5,10,0,0,42,56
Techo facetado,0,0,0,5801,2,629,7478247,2,5,10,0,0,7,56
Techo facetado,0,0,0,5802,2,629,7478246,2,5,10,0,0,21,56
Techo facetado,0,0,0,5803,2,629,7478244,2,5,10,0,0,40,56
Techo facetado,0,0,0,5804,2,629,7478245,2,5,10,0,0,8,56
Techo abovedado,0,0,0,5805,3,628,7478219,2,5,10,0,0,42,56
Techo abovedado,0,0,0,5806,3,628,7478223,2,5,10,0,0,7,56
Techo abovedado,0,0,0,5807,3,628,7478222,2,5,10,0,0,21,56
Techo abovedado,0,0,0,5808,3,628,7478220,2,5,10,0,0,40,56
Techo abovedado,0,0,0,5809,3,628,7478221,2,5,10,0,0,8,56
Techo escalonado,0,0,0,5810,3,627,7478229,2,5,10,0,0,42,56
Techo escalonado,0,0,0,5811,3,627,7478237,2,5,10,0,0,7,56
Techo escalonado,0,0,0,5812,3,627,7478236,2,5,10,0,0,21,56
Techo escalonado,0,0,0,5813,3,627,7478230,2,5,10,0,0,40,56
Techo escalonado,0,0,0,5814,3,627,7478235,2,5,10,0,0,8,56
Techo escalonado,0,0,0,5815,4,626,7478267,2,5,10,0,0,42,56
Techo escalonado,0,0,0,5816,4,626,7478271,2,5,10,0,0,7,56
Techo escalonado,0,0,0,5817,4,626,7478270,2,5,10,0,0,21,56
Techo escalonado,0,0,0,5818,4,626,7478268,2,5,10,0,0,40,56
Techo escalonado,0,0,0,5819,4,626,7478269,2,5,10,0,0,8,56
Techo facetado,0,0,0,5820,4,623,7478262,2,5,10,0,0,42,56
Techo facetado,0,0,0,5821,4,623,7478266,2,5,10,0,0,7,56
Techo facetado,0,0,0,5822,4,623,7478265,2,5,10,0,0,21,56
Techo facetado,0,0,0,5823,4,623,7478263,2,5,10,0,0,40,56
Techo facetado,0,0,0,5824,4,623,7478264,2,5,10,0,0,8,56
Techo abovedado,0,0,0,5825,2,621,7478238,2,5,10,0,0,42,56
Techo abovedado,0,0,0,5826,2,621,7478242,2,5,10,0,0,7,56
Techo abovedado,0,0,0,5827,2,621,7478241,2,5,10,0,0,21,56
Techo abovedado,0,0,0,5828,2,621,7478239,2,5,10,0,0,40,56
Techo abovedado,0,0,0,5829,2,621,7478240,2,5,10,0,0,8,56
Entrada elegante - Ciruela,16.8511,0,1.427,5831,1,620,7513124,2,5,11,0,613908,42,56
Entrada elegante - Gris oscuro,16.8511,0,1.427,5832,1,620,7513122,2,5,11,0,613908,7,56
Entrada elegante - Esmeralda,16.8511,0,1.427,5833,1,620,7513120,2,5,11,0,613908,21,56
Entrada elegante - Océano,16.8511,0,1.427,5834,1,620,7513118,2,5,11,0,613908,40,56
Entrada elegante - Zafiro,16.8511,0,1.427,5835,1,620,7513116,2,5,11,0,613908,8,56
Entrada majestuosa - Ciruela,16.7481,0.0001,1.427,5837,1,619,7513125,2,5,11,0,613909,42,56
Entrada majestuosa - Gris oscuro,16.7481,0.0001,1.427,5838,1,619,7513123,2,5,11,0,613909,7,56
Entrada majestuosa - Esmeralda,16.7481,0.0001,1.427,5839,1,619,7513121,2,5,11,0,613909,21,56
Entrada majestuosa - Océano,16.7481,0.0001,1.427,5840,1,619,7513119,2,5,11,0,613909,40,56
Entrada majestuosa - Zafiro,16.7481,0.0001,1.427,5841,1,619,7513117,2,5,11,0,613909,8,56
Chimenea de piedra - Nuez moscada,0,0,0,6090,1,0,7509654,2,2,16,0,0,9,87
Chimenea de piedra - Óxido,0,0,0,6091,1,0,7509653,2,2,16,0,0,32,87
Chimenea de piedra - Océano,0,0,0,6092,1,0,7509652,2,2,16,0,0,8,87
Chimenea de piedra - Mostaza,0,0,0,6093,1,0,7509651,2,2,16,0,0,44,87
Chimenea de piedra - Verde bosque,0,0,0,6094,1,0,7509650,2,2,16,0,0,21,87
Entrada de chatarra - Nuez moscada,-2.9469,0.4999,2.1383,6101,1,977,7509667,2,2,11,0,602707,9,87
Entrada de chatarra - Óxido,-2.9469,0.4999,2.1383,6102,1,977,7509665,2,2,11,0,602707,32,87
Entrada de chatarra - Océano,-2.9469,0.4999,2.1383,6103,1,977,7509663,2,2,11,0,602707,8,87
Entrada de chatarra - Mostaza,-2.9469,0.4999,2.1383,6104,1,977,7509660,2,2,11,0,602707,44,87
Entrada de chatarra - Verde bosque,-2.9469,0.4999,2.1383,6105,1,977,7509657,2,2,11,0,602707,21,87
Entrada de puente levadizo - Óxido,-4.4534,0.3277,2.4228,6107,1,976,7509669,2,2,11,0,602705,32,87
Entrada de puente levadizo - Nuez moscada,-4.4534,0.3277,2.4228,6108,1,976,7509668,2,2,11,0,602705,9,87
Entrada de puente levadizo - Océano,-4.4534,0.3277,2.4228,6109,1,976,7509661,2,2,11,0,602705,8,87
Entrada de puente levadizo - Mostaza,-4.4534,0.3277,2.4228,6110,1,976,7509658,2,2,11,0,602705,44,87
Entrada de puente levadizo - Verde bosque,-4.4534,0.3277,2.4228,6111,1,976,7509655,2,2,11,0,602705,21,87
Entrada cubierta - Nuez moscada,-3.7703,0.1048,1.383,6113,1,975,7509666,2,2,11,0,602706,9,87
Entrada cubierta - Óxido,-3.7703,0.1048,1.383,6114,1,975,7509664,2,2,11,0,602706,32,87
Entrada cubierta - Océano,-3.7703,0.1048,1.383,6115,1,975,7509662,2,2,11,0,602706,8,87
Entrada cubierta - Mostaza,-3.7703,0.1048,1.383,6116,1,975,7509659,2,2,11,0,602706,44,87
Entrada cubierta - Verde bosque,-3.7703,0.1048,1.383,6117,1,975,7509656,2,2,11,0,602706,21,87
