ID,Name_lang,AreaTableID,Type,Flags,UiTextureKitID,UiScenarioDisplayInfoID
15,Unga Ingoo,0,0,0,0,0
39,Cripta de los Reyes Olvidados,0,0,0,0,0
40,Aldea Verdemar,0,0,0,0,0
44,Templo del Dragón de Jade,0,1,18,0,0
45,Cervecería del Trueno,0,1,1,0,0
46,Monasterio del Shadopan,0,1,1,0,0
48,Puerta del Sol Poniente,0,1,1,0,0
49,Asedio del Templo de Niuzao,0,1,1,0,0
50,Palacio Mogu'shan,0,1,1,0,0
51,Scholomance,0,1,1,0,0
52,Cámaras Escarlata,0,1,1,0,0
53,Monasterio Escarlata,0,1,1,0,0
58,Arena de la Aniquilación,0,0,0,0,0
63,Festival de la Cerveza Lunar,0,0,0,0,0
65,Cervezas y Truenos,0,0,0,0,0
68,Templo de Kotmogu,0,0,0,0,0
70,Caída de Theramore,0,0,0,0,0
71,Caída de Theramore,0,0,0,0,0
72,Caída de Theramore,0,0,0,0,0
179,Una Daga en la Oscuridad,0,0,0,0,0
180,Isla Diamante,0,0,0,0,0
181,Asalto a Zan'vess,0,0,0,0,0
182,Batalla en Alta Mar,0,0,0,0,0
183,Templanza,0,0,0,0,0
184,Desembarco del León,0,0,0,0,0
187,Punto de Dominio,0,0,0,0,0
200,Tras la Cosecha Oscura,0,0,0,0,0
201,Punto de Dominio,0,0,0,0,0
203,Asalto a Zan'vess,0,0,0,0,0
204,¡Abajo la Muralla!,0,0,0,0,0
205,Muelle Aguaturbia,0,0,0,0,0
206,Asalto a Zeb'tula,0,0,0,0,0
207,¡Hacia los Cielos!,0,0,0,0,0
208,La Caída de Shan Bu,0,0,0,0,0
209,¡Abajo la Muralla!,0,0,0,0,0
210,Sangre en la Nieve,0,0,0,0,0
211,La Forja del Trueno,0,0,0,0,0
212,Asalto a Shaol'mara,0,0,0,0,0
215,Los Tesoros del Rey del Trueno,0,0,0,0,0
216,Corazón Oscuro de Pandaria,0,0,0,0,0
219,Los Secretos de Sima Ígnea,0,0,0,0,0
237,Terreno de Pruebas: elige una prueba,0,0,2,0,0
239,Batalla en Alta Mar,0,0,0,0,0
247,Plantilla de Gesta,0,0,0,0,0
248,Terreno de Pruebas,0,0,2,0,0
254,Gesta prototipo,0,0,2,0,0
256,Muerte del Buey,0,0,0,0,0
257,Torneo Celestial,0,0,0,0,0
269,El Ingrediente Secreto,0,0,0,0,0
275,La purga de Grommar,0,0,0,0,0
278,La hora de los fideos,0,0,0,0,0
294,Horado Rajacieno,0,0,0,0,0
318,Las minas de Draenor,0,0,0,0,0
320,Final de Gorgrond,0,0,0,0,0
322,Dawson's Creek,0,0,0,0,0
323,Gesta Villahueso,0,0,0,0,0
324,La batalla de Paso del Trueno,0,0,0,0,0
329,Cumbre de Roca Negra superior,0,3,26,0,0
331,La batalla por Shattrath,0,0,0,0,0
333,Cavernas de Brazanegra,0,3,10,0,0
423,Trecho Celestial,0,1,18,0,0
425,Minas de escoria Machacasangre,0,1,1,0,0
426,Muelles de hierro,0,1,18,0,0
427,Auchindoun,0,1,1,0,0
428,Cementerios de Sombraluna,0,1,18,0,0
429,Depósito Riel Siniestro,0,1,19,0,0
430,El Sempibrote,0,1,18,0,0
432,Cumbre de Roca Negra superior,0,1,1,0,0
449,Defensa de Karabor,0,0,0,0,0
450,El destino de Karabor,0,0,0,0,0
499,Algo se acerca resonando por aquí,0,0,0,0,0
508,El poderío de la Alianza,0,0,0,0,0
509,El poder de la Horda,0,0,0,0,0
510,Las Mazmorras,0,3,10,0,0
511,Sima Ígnea,0,3,10,0,0
515,Cuevas de los Lamentos,0,3,10,0,0
516,Castillo de Colmillo Oscuro,0,3,10,0,0
523,Castillo de Colmillo Oscuro,0,3,10,0,0
524,Asedio del Templo de Niuzao,0,3,10,0,0
525,Asedio del Templo de Niuzao,0,3,10,0,0
526,Puerta del Sol Poniente,0,3,10,0,0
527,Puerta del Sol Poniente,0,3,10,0,0
528,Palacio Mogu'shan,0,3,10,0,0
531,Monasterio del Shadopan,0,3,10,0,0
535,Monasterio del Shadopan,0,3,10,0,0
536,Palacio Mogu'shan,0,3,10,0,0
537,Cervecería del Trueno,0,3,10,0,0
538,Cervecería del Trueno,0,3,10,0,0
539,Templo del Dragón de Jade,0,3,10,0,0
540,Templo del Dragón de Jade,0,3,10,0,0
542,Cavernas Roca Negra,0,3,10,0,0
545,Cavernas Roca Negra,0,3,10,0,0
547,Fin de los Tiempos,0,3,10,0,0
548,Trono de las Mareas,0,3,10,0,0
550,Trono de las Mareas,0,3,10,0,0
551,La Cumbre del Vórtice,0,3,10,0,0
552,La Cumbre del Vórtice,0,3,10,0,0
553,Grim Batol,0,3,10,0,0
554,Grim Batol,0,3,10,0,0
555,Ciudad Perdida de los Tol'vir,0,3,10,0,0
556,Zul'Gurub,0,3,10,0,0
557,Ciudad Perdida de los Tol'vir,0,3,10,0,0
558,Cámaras de los Orígenes,0,3,10,0,0
565,Cámaras de los Orígenes,0,3,10,0,0
566,La Forja de Almas,0,3,10,0,0
567,Pozo de la Eternidad,0,3,10,0,0
568,La Forja de Almas,0,3,10,0,0
569,Foso de Saron,0,3,10,0,0
570,Hora del Crepúsculo,0,3,10,0,0
571,Foso de Saron,0,3,18,0,0
572,Cámaras de Reflexión,0,3,10,0,0
573,Cámaras de Reflexión,0,3,10,0,0
574,Zul'Aman,0,3,10,0,0
575,El Oculus,0,3,10,0,0
576,El Oculus,0,3,10,0,0
577,Pináculo de Utgarde,0,3,10,0,0
579,Pináculo de Utgarde,0,3,10,0,0
580,Cámaras de Relámpagos,0,3,10,0,0
581,Cámaras de Relámpagos,0,3,10,0,0
582,Las Cámaras de Piedra,0,3,10,0,0
583,La Matanza de Stratholme,0,3,10,0,0
584,Las Cámaras de Piedra,0,3,10,0,0
585,La Matanza de Stratholme,0,3,10,0,0
586,Gundrak,0,3,10,0,0
587,Gundrak,0,3,10,0,0
588,El Bastión Violeta,0,3,10,0,0
589,El Bastión Violeta,0,3,10,0,0
590,Fortaleza de Drak'Tharon,0,3,10,0,0
591,Fortaleza de Drak'Tharon,0,3,10,0,0
592,Ahn'kahet: El Antiguo Reino,0,3,10,0,0
593,Ahn'kahet: El Antiguo Reino,0,3,10,0,0
594,Azjol-Nerub,0,3,10,0,0
595,Azjol-Nerub,0,3,10,0,0
596,Fortaleza de Utgarde,0,3,10,0,0
597,Fortaleza de Utgarde,0,3,10,0,0
598,El Nexo,0,3,10,0,0
599,El Nexo,0,3,10,0,0
605,El Nexo,0,3,10,0,0
606,Laberinto de las Sombras,0,3,10,0,0
607,Salas Arrasadas,0,3,10,0,0
608,Salas Arrasadas,0,3,10,0,0
609,Laberinto de las Sombras,0,3,10,0,0
610,La Ciénaga Negra,0,3,10,0,0
611,La Ciénaga Negra,0,3,10,0,0
612,El Invernáculo,0,3,10,0,0
613,El Invernáculo,0,3,10,0,0
614,El Mechanar,0,3,10,0,0
615,El Mechanar,0,3,10,0,0
616,El Bancal del Magister,0,3,10,0,0
617,El Bancal del Magister,0,3,10,0,0
618,La Cámara de Vapor,0,3,10,0,0
619,La Cámara de Vapor,0,3,10,0,0
620,El Arcatraz,0,3,10,0,0
621,El Arcatraz,0,3,10,0,0
622,Salas Sethekk,0,3,10,0,0
623,Salas Sethekk,0,3,10,0,0
624,Antiguas Laderas de Trabalomas,0,3,10,0,0
625,Antiguas Laderas de Trabalomas,0,3,10,0,0
626,Criptas Auchenai,0,3,10,0,0
627,Criptas Auchenai,0,3,10,0,0
628,Tumbas de Maná,0,3,10,0,0
629,Tumbas de Maná,0,3,10,0,0
630,La Sotiénaga,0,3,10,0,0
631,La Sotiénaga,0,3,10,0,0
632,Recinto de los Esclavos,0,3,10,0,0
633,Recinto de los Esclavos,0,3,10,0,0
634,El Horno de Sangre,0,3,10,0,0
635,El Horno de Sangre,0,3,10,0,0
636,Stratholme - Entrada Principal,0,3,10,0,0
637,Stratholme - Entrada de Servicio,0,3,10,0,0
638,Murallas del Fuego Infernal,0,3,10,0,0
639,Murallas del Fuego Infernal,0,3,10,0,0
640,El Templo de Atal'Hakkar,0,3,10,0,0
641,Minas de la Muerte,0,3,10,0,0
643,Minas de la Muerte,0,3,10,0,0
644,Zul'Farrak,0,3,10,0,0
645,Scholomance,0,3,10,0,0
646,Scholomance,0,3,10,0,0
647,Zahúrda Rajacieno,0,3,10,0,0
648,Uldaman,0,3,10,0,0
649,Gnomeregan,0,3,10,0,0
650,Cámaras Escarlata,0,3,10,0,0
651,Cámaras Escarlata,0,3,10,0,0
652,Monasterio Escarlata,0,3,10,0,0
653,Monasterio Escarlata,0,3,10,0,0
654,Horado Rajacieno,0,3,10,0,0
661,La Gruta Maldita,0,3,10,0,0
662,Grutas de la Espora Fétida,0,3,10,0,0
663,Cascadas del Canto de la Tierra,0,3,10,0,0
664,Maraudon,0,3,10,0,0
665,Barrio Alabeo,0,3,10,0,0
666,Jardines de la Capital,0,3,10,0,0
667,Ágora de Gordok,0,3,10,0,0
668,La Masacre,0,3,10,0,0
669,Bloque de Detención,0,3,10,0,0
670,Ciudad superior,0,3,10,0,0
671,Profundidades de Roca Negra,0,3,10,0,0
673,Invasión depuradora,0,0,0,0,0
674,El Núcleo Pétreo,0,3,10,0,0
675,El Núcleo Pétreo,0,3,10,0,0
676,Prueba del Campeón,0,3,10,0,0
677,Prueba del Campeón,0,3,10,0,0
678,Auchindoun,0,3,26,0,0
679,Auchindoun,0,3,26,0,0
680,Minas de escoria Machacasangre,0,3,26,0,0
681,Minas de escoria Machacasangre,0,3,26,0,0
682,Depósito Riel siniestro,0,3,26,0,0
683,Depósito Riel siniestro,0,3,26,0,0
684,Muelles de Hierro,0,3,26,0,0
685,Muelles de Hierro,0,3,26,0,0
686,Cementerios de Sombraluna,0,3,26,0,0
687,Cementerios de Sombraluna,0,3,26,0,0
688,Trecho Celestial,0,3,26,0,0
689,Trecho Celestial,0,3,26,0,0
696,Invasión depuradora,0,0,0,0,0
704,La Ola de Hierro,0,0,0,0,0
705,Gesta de prueba,0,0,0,0,0
707,Cuando el bosque camina,0,0,0,0,0
708,El Sempibrote,0,3,26,0,0
709,El Sempibrote,0,3,26,0,0
715,Contra el Vacío,0,0,0,0,0
723,El Acceso Férreo,7415,0,0,0,0
724,Asalto Gorian,0,0,0,0,0
731,Cumbre de Roca Negra superior,0,3,10,0,0
733,Entre las sombras,0,0,0,0,0
734,Cumbres de Roca Negra inferiores,0,3,10,0,0
736,"Luchar, matar, rendir pleitesía: el último gladiador en pie",0,0,0,0,0
742,Un trueno en Pirofrío,0,0,0,0,0
744,Cumbre de Roca Negra superior,0,3,26,0,0
745,Contra el Vacío,0,0,0,0,0
775,La Leyenda de la Crematoria,0,0,0,0,0
776,Acantilado de la Realidad,0,0,2,0,0
785,Jeremy's Test Scenario,0,0,2,0,0
786,La batalla por la Costa Quebrada,0,4,0,0,0
795,Mareas de gloria,0,0,0,0,0
806,Invasión: Tanaris,440,4,0,0,0
824,La flota solitaria,0,0,0,0,0
826,La estrategia de Cringris,0,0,0,0,0
873,Invasión de la Legión: Azsuna,7693,0,0,0,0
874,Templo de Elune,0,0,0,0,0
876,Invasión: Los Humedales,11,4,0,0,0
897,Invasión: Páramos de Poniente,40,4,0,0,0
900,Las Espadas Gemelas del Falsario,0,0,0,0,0
901,Las Espadas del Príncipe Caído,0,0,0,0,0
907,Invasión: Los Baldíos del Norte,17,4,0,0,0
908,Test Faction Criteria,0,0,0,0,0
909,Legado del Rompehielo,0,0,0,0,0
910,Guarida de Neltharion,0,3,26,0,0
911,Colmillos del Can manáfago,7737,0,0,0,0
916,Invasión: Laderas de Trabalomas,267,4,0,0,0
918,Ojo de Azshara,0,3,26,0,0
920,Ojo de Azshara,0,3,26,0,0
929,Salones del Valor,0,3,26,0,0
932,Salones del Valor,0,3,26,0,0
933,La segunda batalla de La Costa Quebrada,0,0,0,0,0
940,La cosecha de El Desgarrador,0,0,0,0,0
942,Guarida de Neltharion,0,3,26,0,0
943,El fin de la serenidad,0,0,0,0,0
944,Cazador de héroes,0,0,0,0,0
950,Purificando las profundidades,0,0,0,0,0
957,La Escarcha y la Llama,0,0,0,0,0
958,Invasión: Azshara,16,4,0,0,0
959,Invasión: Dun Morogh,1,4,0,0,0
961,Las Hojas de Guerra Aldrachi,0,0,0,0,0
962,A la boca del vacío,0,0,0,0,0
967,El Arco,0,3,26,0,0
972,Legado de los Brisaveloz,0,0,0,0,0
973,La lanza en las sombras,0,0,0,0,0
975,Defensa del Martillo vil,0,0,0,0,0
976,Maestro de las tormentas,0,0,0,0,0
977,Matorral Corazón Oscuro,0,3,26,0,0
978,Matorral Corazón Oscuro,0,3,18,0,0
983,El cielo estruendoso,0,0,0,0,0
988,Los jinetes oscuros,0,0,0,0,0
989,Regreso a Karazhan,0,0,0,0,0
990,Guarida de Ursoc,0,0,0,0,0
991,La espada en el Crepúsculo,0,0,0,0,0
992,Fauces de almas,0,3,26,0,0
995,Fauces de almas,0,3,26,0,0
997,PRUEBA,7976,0,0,0,0
998,El corazón de la Cicatriz Aterradora,0,0,0,0,0
1005,Bóveda de las Celadoras,0,3,10,0,0
1007,La promesa del emperador,0,0,0,0,0
1012,El almirante del terror,0,0,0,0,0
1014,Los jinetes oscuros,0,0,0,0,0
1017,Costa Quebrada - Horda,0,0,0,0,0
1018,DNT - Broken Shore - Alliance,0,0,2,0,0
1023,Fuerte Torre Oscura,0,3,26,0,0
1025,Mareas de gloria,0,0,0,0,0
1026,Los jinetes oscuros,0,0,0,0,0
1027,El Bastión Violeta,0,3,26,0,0
1029,El Bastión Violeta,0,3,26,0,0
1034,La Forja del Guardián,0,0,0,0,0
1037,La espada de los reyes,0,0,0,0,0
1038,Pelea en La Vorágine,0,0,0,0,0
1046,Salones del Valor,0,1,19,0,0
1050,Corte de Estrellas,0,3,10,0,0
1051,Corte de Estrellas,0,3,10,0,0
1061,Purificando al Árbol Madre,0,0,0,0,0
1065,Bóveda de El Nexo,0,0,0,0,0
1066,La reina oscura y el mar,0,0,0,0,0
1068,Trueno de los titanes,0,0,0,0,0
1073,Instrucción de combate,0,5,2,0,0
1078,Los Colmillos del Devorador,0,0,0,0,0
1082,En busca de la Veraguardia,0,0,0,0,0
1083,Instrucción de combate,0,5,2,0,0
1084,Instrucción de combate,0,5,2,0,0
1085,El regreso de la Luz,0,0,0,0,0
1090,Instrucción de combate,0,5,2,0,0
1091,Instrucción de combate,0,5,2,0,0
1092,La Mano de plata,0,0,0,0,0
1093,Instrucción de combate,0,5,2,0,0
1094,Instrucción de combate,0,5,2,0,0
1095,Instrucción de combate,0,5,2,0,0
1096,Instrucción de combate,0,5,2,0,0
1097,Susurros oscuros,0,0,0,0,0
1099,Nunca vayas de cacería a solas,0,0,0,0,0
1101,Bóveda de El Nexo,0,0,0,0,0
1108,Los Colmillos de Ashamane,0,0,0,0,0
1122,El cazador de magos,0,0,0,0,0
1123,La espada oculta,0,0,0,0,0
1124,Confrontación en el Templo Oscuro,0,0,0,0,0
1125,Buscando a Magni,0,0,0,0,0
1131,Confrontación en el Templo Oscuro,0,0,0,0,0
1132,Instrucción de combate,0,5,2,0,0
1133,Instrucción de combate,0,5,2,0,0
1134,Rescatar a Koltira,0,0,0,0,0
1135,El Oculus,0,0,0,0,0
1136,Bastión Violeta,0,0,0,0,0
1137,La serpiente y el demonio,0,0,0,0,0
1138,Batalla por el Exodar,0,0,2,0,0
1144,La invasión de Niskara,0,0,0,0,0
1145,La invasión de Niskara,0,0,0,0,0
1146,El destino de Hodir,0,0,0,0,0
1148,Gesta Guerrero Ulduar,0,0,0,0,0
1150,El derrumbamiento,0,0,0,0,0
1155,Un ojo por cetro,0,0,0,0,0
1157,El cuarto jinete,0,0,0,0,0
1159,Apostar todo,0,0,0,0,0
1160,La defensa del Templo Luz Abisal,0,0,0,0,0
1166,Fuerte Torre Oscura,0,1,19,0,0
1168,La defensa del Templo Luz Abisal,0,0,0,0,0
1169,Ojo de Azshara,0,1,19,0,0
1170,Destino incompleto,0,0,0,0,0
1172,Matorral Corazón Oscuro,0,1,19,0,0
1173,Bóveda de las Celadoras,0,1,19,0,0
1174,Guarida de Neltharion,0,1,19,0,0
1175,Fauces de almas,0,1,19,0,0
1177,El Arco,0,1,19,0,0
1178,Corte de Estrellas,0,1,19,0,0
1179,Legado de Cresta Cuervo,0,0,2,0,0
1181,Instrucción de combate,0,5,2,0,0
1182,Instrucción de combate,0,5,2,0,0
1189,La batalla por la Costa Quebrada,0,4,0,0,0
1202,Asalto al Sagrario de la Orden,0,0,0,0,0
1203,Asedio de Suramar,0,0,0,0,0
1204,El juicio del Archimago,0,0,0,0,0
1214,Instrucción de combate,0,5,2,0,0
1219,BUG - Live Update Test,0,0,0,0,0
1220,Lanzamiento inminente,0,0,0,0,0
1221,Un enemigo imposible,0,0,0,0,0
1230,Dispersión de los discos,0,0,0,0,0
1235,Alimañas gemebundas,0,0,0,0,0
1236,Pánico en la cervecería,0,0,0,0,0
1244,Acorazado: Ruina,0,0,2,0,0
1251,El Bastión Violeta,0,3,26,0,0
1252,Corte de Estrellas,0,3,10,0,0
1253,Matorral Corazón Oscuro,0,3,18,0,0
1254,Ojo de Azshara,0,3,26,0,0
1255,Salones del Valor,0,3,26,0,0
1256,Fauces de almas,0,3,26,0,0
1257,Guarida de Neltharion,0,3,26,0,0
1258,Bóveda de las Celadoras,0,3,10,0,0
1259,Intenciones Kruueles,0,0,2,0,0
1265,La furia de la Reina divina,0,0,0,0,0
1266,La caída de Viltótem,0,0,0,0,0
1271,Revierte las mareas: Val'sharah,0,0,0,0,0
1273,Frustración gemela,0,0,0,0,0
1274,La Bóveda sumergida,0,0,2,0,0
1275,Agitación en las sombras,0,0,0,0,0
1280,El asalto a la Costa Quebrada,0,4,0,0,0
1281,La amenaza no regresará,0,0,0,0,0
1282,Revierte las mareas: Stormheim,0,0,0,0,0
1283,Torneo de valor,0,0,0,0,0
1288,Regreso superior a Karazhan,0,3,26,0,0
1289,Regreso inferior a Karazhan,0,3,26,0,0
1290,Revierte las mareas: Azsuna,0,0,0,0,0
1292,Cataclismo de Crestanevada,0,0,0,0,0
1293,Las Minas de la Muerte,0,0,0,0,0
1298,Invocación al corcel iracundo,0,0,0,0,0
1299,Revierte las mareas: Altamontaña,0,0,0,0,0
1303,Cornisa Alavil,0,0,0,0,0
1304,La Advertencia de Azeroth,0,0,0,0,0
1305,Noche de la naturaleza,0,0,0,0,0
1306,Defensa de Aviana,0,0,0,0,0
1307,Acumulación de las tormentas,0,0,0,0,0
1308,Regreso superior a Karazhan,0,1,19,0,0
1309,Regreso inferior a Karazhan,0,1,19,0,0
1310,Sombrero de Akazamzarak,0,0,0,0,0
1312,No puedes quitarme el cielo,0,0,0,0,0
1321,Catedral de la Noche eterna,0,3,26,0,0
1323,Catedral de la Noche eterna,0,1,11,0,0
1328,El Glaciar Perdido,0,0,0,0,0
1329,La prueba de estilo,0,0,2,0,0
1335,Catedral de la Noche eterna,0,1,27,0,0
1336,Tumba de Sargeras,0,3,26,0,0
1337,Tumba de Sargeras,0,3,26,0,0
1338,Tumba de Sargeras,0,3,26,0,0
1339,Tumba de Sargeras,0,3,26,0,0
1340,El Arcatraz,0,0,0,0,0
1346,La batalla por Stromgarde,9439,6,2,5117,0
1351,Las muertes de Cromi,0,0,0,0,0
1352,Trono del Triunvirato,0,3,26,0,0
1354,Trono del Triunvirato,0,3,27,0,0
1360,Las muertes de Cromi,0,0,0,0,0
1361,Las muertes de Cromi,0,0,0,0,0
1371,El asedio de Lordaeron,0,0,2,5116,0
1376,Ciudad de oro,0,3,18,0,0
1377,Ciudad de oro,0,3,18,0,0
1378,Ciudad de oro,0,3,18,0,0
1379,Punto de invasión: Esporino,9025,4,0,0,0
1380,Recoge ingredientes,0,0,0,0,0
1391,Punto de invasión: Aurinor,9100,4,0,0,0
1394,Punto de invasión: Sangua,9128,4,0,0,0
1402,Punto de invasión: Reavivamiento,9126,4,0,0,0
1404,Punto de invasión: Cen'gar,9126,4,0,0,0
1406,Punto de invasión: Val,9127,4,0,0,0
1409,Punto de invasión: Bonich,9180,4,0,0,0
1410,Falla de Telogrus,0,0,0,0,0
1411,Punto de invasión: Naigtal,9102,4,0,0,0
1412,Punto de invasión superior: Matrona Folnuna,9295,4,0,0,0
1418,Punto de invasión superior: Sotanathor,9299,4,0,0,0
1419,Punto de invasión superior: Occularus,9298,4,0,0,0
1420,Punto de invasión superior: Inquisidor Meto,9297,4,0,0,0
1421,Punto de invasión superior: Señor del foso Vilemus,9296,4,0,0,0
1422,Punto de invasión superior: Señora Alluradel,9300,4,0,0,0
1423,Suramar,0,0,0,0,0
1424,Puerto Libre,0,3,18,0,0
1426,Erasis: Poder de absorción,9128,4,0,0,0
1428,Trono del Triunvirato,0,1,18,0,0
1434,Forja de los Eones,0,0,2,0,0
1435,"Antorus, el Trono Ardiente",0,3,26,0,0
1436,"Antorus, el Trono Ardiente",0,3,26,0,0
1437,"Antorus, el Trono Ardiente",0,3,26,0,0
1438,"Antorus, el Trono Ardiente",0,3,26,0,0
1443,Recuerda la Fuente del Sol,0,0,2,0,0
1448,¡¡El FILÓN!!,0,3,18,0,0
1449,¡¡El FILÓN!!,0,3,18,0,0
1450,¡¡El FILÓN!!,0,3,10,0,0
1451,Calabozo de Boralus,0,3,18,0,0
1452,Calabozo de Boralus,0,3,18,0,0
1453,Calabozo de Boralus,0,3,18,0,0
1458,Calabozo de Boralus,0,3,18,0,0
1459,Calabozo de Boralus,0,3,18,0,0
1460,Calabozo de Boralus,0,3,18,0,0
1461,Punto de partida de combate,0,0,0,0,0
1482,La caída de Lordaeron,0,0,2,5117,0
1484,Instrucción de combate,0,5,2,0,0
1489,Tol Dagor,0,3,26,0,0
1490,Tol Dagor,0,3,26,0,0
1491,Tol Dagor,0,3,26,0,0
1496,Mansión Tarjasenda,0,3,26,0,0
1497,Mansión Tarjasenda,0,3,26,0,0
1498,Mansión Tarjasenda,0,3,26,0,0
1500,¡Contraataca!,0,0,0,0,0
1516,Bardoma,0,3,18,0,0
1522,La extracción de Ventormenta,0,0,0,0,0
1523,Santuario de la Tormenta,0,3,26,0,0
1524,¡Por Zandalar!,0,0,0,0,0
1525,Templo de Sethraliss,0,3,18,0,0
1528,Atal'Dazar,0,1,19,0,0
1529,Tol Dagor,0,1,19,0,0
1534,Puerto Libre,0,1,19,0,0
1548,Uldir,0,3,26,0,0
1549,Uldir,0,3,26,0,0
1550,Uldir,0,3,26,0,0
1551,"Thros, Las Tierras Plagadas",0,0,0,0,0
1553,¡¡El FILÓN!!,0,1,19,0,0
1554,Mansión Tarjasenda,0,1,19,0,0
1560,Reposo de los Reyes,0,1,18,0,0
1562,Templo de Sethraliss,0,1,18,0,0
1563,Bardoma,0,1,19,0,0
1564,Santuario de la Tormenta,0,1,19,0,0
1565,Reposo de los Reyes,0,3,18,0,0
1568,La batalla por Stromgarde,9679,6,2,5116,0
1570,Isla Inexplorada,0,0,0,0,0
1571,Profundidades de Roca Negra,0,0,2,0,0
1573,Isla Inexplorada,0,0,0,0,0
1575,Tiranía de la Luz,9786,0,2,0,0
1685,Asedio de Boralus,0,1,19,0,0
1690,Gorgrond,0,0,0,0,0
1691,Tierras de Fuego,0,0,2,0,0
1697,La batalla por Costa Oscura,10058,6,2,5116,0
1699,La caída de la Fuente del Sol,0,0,2,0,0
1700,El ascenso de Tyrande,0,0,0,5116,0
1701,La batalla por Costa Oscura,10084,6,2,5117,0
1702,Asalto a la tesorería,0,0,2,0,0
1703,Gnomeregan,0,0,0,0,0
1704,Carcelero de los malditos,0,0,0,5117,0
1705,Escape de Tol Dagor,0,0,2,5117,0
1710,Prototype [DNT],10348,0,2,0,0
1711,Caza de espíritus,0,0,0,5117,0
1712,"Torghast, la Torre de los Condenados",0,0,2,5281,0
1713,Batalla de Dazar'alor,0,3,26,0,0
1714,Batalla de Dazar'alor,0,3,26,0,0
1715,Batalla de Dazar'alor,0,3,26,0,0
1716,Batalla de Dazar'alor,0,3,26,0,0
1718,Batalla de Dazar'alor,0,3,26,0,0
1719,Batalla de Dazar'alor,0,3,26,0,0
1720,Defiende la plataforma,10428,0,2,0,0
1721,Vientos Alisios y Cuervo: Detectives de Arboleda de los Sueños,0,0,0,0,0
1722,El aprendiz perdido,0,0,0,0,0
1724,Stratholme,0,0,0,0,0
1729,Bajo la sombra de alas carmesí,0,0,0,0,0
1731,Visión de Ventormenta,10488,0,2,5278,0
1732,El sueño de un gilneano,0,0,2,0,0
1733,Visión de Orgrimmar,10492,0,2,5278,0
1734,Ejecución pospuesta,0,0,10,0,0
1735,Crisol de Tormentas,0,3,26,0,0
1736,Esencia de eternidad,0,0,0,0,0
1737,Conchafilada endurecido descomunal,10052,0,0,0,0
1738,Ejecución pospuesta,0,0,10,0,0
1739,Ejecución pospuesta,0,0,10,0,0
1741,Triturador cantaespín primigenio,10052,0,0,0,0
1742,Boca de dragón alfa atroz,10052,0,0,0,0
1743,Rextil colosal Espiral Profundo,10052,0,0,0,0
1744,Caparazón titilante de caverna imponente,10052,0,0,0,0
1745,Planeazanjas mayor,10052,0,0,0,0
1746,Trotaarrecifes invasivo,10052,0,0,0,0
1747,Gran anguila monstruosa,10052,0,0,0,0
1754,Invocaciones desde las profundidades,10356,0,0,0,0
1755,Recuperación de la forja,0,0,0,0,0
1756,Operación: Mecalópolis,0,3,18,0,0
1757,El Motor de Nalak'sha,0,0,0,0,0
1759,Plano de tormento,0,0,2,0,0
1760,La Gran Recepción,0,3,18,0,0
1761,Profundidades de los Devotos,0,3,26,0,0
1762,El Círculo de las Estrellas,0,3,25,0,0
1763,La Hoja Radiante,0,0,0,0,0
1764,Descenso de Alanegra,0,0,0,0,0
1765,Chatarrópolis,0,0,0,0,0
1766,Visiones de N'Zoth,0,0,0,0,0
1767,El amo de las mentiras,0,0,0,0,0
1768,Chatarrería de Mecalópolis,0,1,19,0,0
1769,Operación: Mecalópolis - Taller,0,1,19,0,0
1770,Operación: Mecalópolis - Chatarrería,0,3,18,0,0
1771,Operación: Mecalópolis - Taller,0,3,18,0,0
1773,Visión del Destino,0,3,26,0,0
1774,Salones de la Devoción,0,3,26,0,0
1775,Don de la Carne,0,3,26,0,0
1776,El Despertar del Sueño,0,3,26,0,0
1777,Profundidades de Roca Negra,0,0,0,0,0
1779,Ciudadela Mazoscuro,0,0,18,0,0
1780,Atravesando el Corazón,0,0,0,0,0
1781,El fin del sueño,0,0,0,0,0
1782,La espada del Primus,0,0,0,0,0
1783,La batalla por Tirna Glayn,0,0,0,0,0
1784,El camino a la totalidad,0,0,0,0,0
1785,El rescate de Tyrande Susurravientos,0,0,0,0,0
1786,Profundidades Sanguíneas,0,3,18,0,0
1788,Profundidades Sanguíneas,0,3,18,0,0
1789,Profundidades Sanguíneas,0,3,18,0,0
1790,El bien común,0,0,0,5361,0
1791,La Corte de Brasas,0,0,2,5349,0
1792,Asalto a la Casa de Rituales,0,0,0,0,0
1793,La Destrucción Necrótica,0,3,18,0,0
1794,Batalla por la Arboleda del Despertar,0,0,2,0,0
1795,Torres de Ascensión,0,3,18,0,0
1796,Torres de Ascensión,0,1,19,0,0
1798,Salones de Expiación,0,3,18,0,0
1799,Salones de Expiación,0,3,18,0,0
1800,Salones de Expiación,0,3,18,0,0
1801,La Destrucción Necrótica,0,3,18,0,0
1802,La Destrucción Necrótica,0,3,18,0,0
1803,Senda de Ascensión,0,0,2,5361,0
1804,Plaga Abrumadora,0,3,18,0,0
1805,Plaga Abrumadora,0,3,18,0,0
1806,Plaga Abrumadora,0,3,18,0,0
1808,El Medallón de dominio,0,0,0,0,0
1809,El Teatro del Dolor,0,3,18,0,0
1811,El Teatro del Dolor,0,3,18,0,0
1812,El Teatro del Dolor,0,3,18,0,0
1813,Nieblas de Tirna Scithe,0,1,19,0,0
1814,La Destrucción Necrótica,0,1,19,0,0
1815,El Otro Lado,0,1,19,0,0
1816,Salones de Expiación,0,1,19,0,0
1817,Plaga Abrumadora,0,1,19,0,0
1818,Profundidades Sanguíneas,0,1,19,0,0
1819,El Teatro del Dolor,0,1,19,0,0
1820,Ensayo de la Corte de Brasas,0,0,2,5349,0
1826,Senda de Ascensión,0,0,2,5361,0
1827,El Otro Lado,0,3,18,0,0
1828,El Otro Lado,0,3,18,0,0
1829,El Otro Lado,0,3,18,0,0
1830,Nieblas de Tirna Scithe,0,0,19,0,0
1832,Nieblas de Tirna Scithe,0,0,19,0,0
1833,Nieblas de Tirna Scithe,0,0,19,0,0
1836,"Torghast, la Torre de los Condenados",0,0,2,0,0
1837,Cacería: Devoradores de almas,0,0,2,5281,0
1838,Cacería: Elementales de muerte,11525,0,2,5281,0
1839,Cacería: Sabuesos sombríos,11525,0,34,5281,0
1842,"Torghast, la Torre de los Condenados",0,0,2,5281,0
1845,Cacería: Devoradores de almas,11525,0,2,5281,0
1846,Las bóvedas supurantes,0,3,26,0,0
1848,"Torghast, la Torre de los Condenados",0,0,2,5281,0
1849,"Torghast, la Torre de los Condenados",0,0,2,5281,0
1850,"Torghast, la Torre de los Condenados",0,0,2,5281,0
1851,"Torghast, la Torre de los Condenados",0,0,2,5281,0
1852,"Torghast, la Torre de los Condenados",0,0,2,5281,0
1853,"Torghast, la Torre de los Condenados",0,0,2,5281,0
1854,Relicario de Opulencia,0,3,26,0,0
1855,Sangre de las piedras,0,3,26,0,0
1856,Una audiencia con la arrogancia,0,3,26,0,0
1857,"Torghast, la Torre de los Condenados",0,0,2,5281,0
1859,"Torghast, la Torre de los Condenados",0,0,2,5281,0
1860,"Torghast, la Torre de los Condenados",0,0,2,5281,0
1861,"Torghast, la Torre de los Condenados",0,0,2,5281,0
1863,"Torghast, la Torre de los Condenados",0,0,2,5281,0
1865,"Torghast, la Torre de los Condenados",0,0,2,5281,0
1866,"Torghast, la Torre de los Condenados",0,0,2,5281,0
1867,"Torghast, la Torre de los Condenados",0,0,2,5281,0
1868,"Torghast, la Torre de los Condenados",0,0,2,5281,0
1869,"Torghast, la Torre de los Condenados",0,0,2,5281,0
1870,"Torghast, la Torre de los Condenados",0,0,2,5281,0
1871,"Torghast, la Torre de los Condenados",0,0,2,5281,0
1872,"Torghast, la Torre de los Condenados",0,0,2,5281,0
1873,"Torghast, la Torre de los Condenados",0,0,2,5281,0
1874,"Torghast, la Torre de los Condenados",0,0,2,5281,0
1875,"Torghast, la Torre de los Condenados",0,0,2,5281,0
1876,"Torghast, la Torre de los Condenados",0,0,2,5281,0
1877,"Torghast, la Torre de los Condenados",0,0,2,5281,0
1878,"Torghast, la Torre de los Condenados",0,0,2,5281,0
1879,"Torghast, la Torre de los Condenados",0,0,2,5281,0
1880,"Torghast, la Torre de los Condenados",0,0,2,5281,0
1881,"Torghast, la Torre de los Condenados",0,0,2,5281,0
1882,"Torghast, la Torre de los Condenados",0,0,2,5281,0
1883,"Torghast, la Torre de los Condenados",0,0,2,5281,0
1884,"Torghast, la Torre de los Condenados",0,0,2,5281,0
1885,"Torghast, la Torre de los Condenados",0,0,2,5281,0
1886,"Torghast, la Torre de los Condenados",0,0,2,5281,0
1887,"Torghast, la Torre de los Condenados",0,0,2,5281,0
1888,"Torghast, la Torre de los Condenados",0,0,2,5281,0
1889,"Torghast, la Torre de los Condenados",0,0,2,5281,0
1890,"Torghast, la Torre de los Condenados",0,0,2,5281,0
1891,"Torghast, la Torre de los Condenados",0,0,2,5281,0
1892,"Torghast, la Torre de los Condenados",0,0,2,5281,0
1893,"Torghast, la Torre de los Condenados",0,0,2,5281,0
1894,"Torghast, la Torre de los Condenados",0,0,2,5281,0
1895,"Torghast, la Torre de los Condenados",0,0,2,5281,0
1896,"Torghast, la Torre de los Condenados",0,0,2,5281,0
1897,"Torghast, la Torre de los Condenados",0,0,2,5281,0
1898,"Torghast, la Torre de los Condenados",0,0,2,5281,0
1899,"Torghast, la Torre de los Condenados",0,0,2,5281,0
1900,"Torghast, la Torre de los Condenados",0,0,2,5281,0
1901,"Torghast, la Torre de los Condenados",0,0,2,5281,0
1902,"Torghast, la Torre de los Condenados",0,0,2,5281,0
1903,"Torghast, la Torre de los Condenados",0,0,2,5281,0
1904,"Torghast, la Torre de los Condenados",0,0,2,5281,0
1905,"Torghast, la Torre de los Condenados",0,0,2,5281,0
1906,"Torghast, la Torre de los Condenados",0,0,2,5281,0
1907,"Torghast, la Torre de los Condenados",0,0,2,5281,0
1908,"Torghast, la Torre de los Condenados",0,0,2,5281,0
1909,"Torghast, la Torre de los Condenados",0,0,2,5281,0
1910,"Torghast, la Torre de los Condenados",0,0,2,5281,0
1911,"Torghast, la Torre de los Condenados",0,0,2,5281,0
1912,"Torghast, la Torre de los Condenados",0,0,2,5281,0
1913,Cacería: Devoradores de almas alados,11525,0,2,5281,0
1914,Cólera del Carcelero,0,0,2,0,0
1918,Torres de Ascensión,0,3,18,0,0
1919,Torres de Ascensión,0,3,18,0,0
1921,"Torghast, la Torre de los Condenados",0,0,2,5281,0
1922,"Torghast, la Torre de los Condenados",0,0,2,5281,0
1923,"Torghast, la Torre de los Condenados",0,0,2,5281,0
1924,"Torghast, la Torre de los Condenados",0,0,2,5281,0
1925,"Torghast, la Torre de los Condenados",0,0,2,5281,0
1926,"Torghast, la Torre de los Condenados",0,0,2,5281,0
1927,"Torghast, la Torre de los Condenados",0,0,2,5281,0
1928,"Torghast, la Torre de los Condenados",0,0,2,5281,0
1929,"Torghast, la Torre de los Condenados",0,0,2,5281,0
1931,Batalla de Ardenweald,0,0,0,0,0
1933,"Torghast, la Torre de los Condenados",0,0,2,5281,0
1934,Los atormentadores de Torghast,0,0,2,0,0
1935,Los atormentadores de Torghast,0,0,2,0,0
1936,Los atormentadores de Torghast,0,0,2,0,0
1937,Los atormentadores de Torghast,0,0,2,0,0
1938,Los atormentadores de Torghast,0,0,2,0,0
1939,Los atormentadores de Torghast,0,0,2,0,0
1940,Los atormentadores de Torghast,0,0,2,0,0
1941,Los atormentadores de Torghast,13648,0,2,0,0
1942,Los atormentadores de Torghast,13648,0,2,0,0
1943,Los atormentadores de Torghast,13648,0,2,0,0
1944,Defensa del Primus,0,0,0,0,0
1946,"Torghast, la Torre de los Condenados",0,0,2,5281,0
1947,"Torghast, la Torre de los Condenados",0,0,2,5281,0
1948,"Torghast, la Torre de los Condenados",0,0,2,5281,0
1949,"Torghast, la Torre de los Condenados",0,0,2,5281,0
1950,"Torghast, la Torre de los Condenados",0,0,2,5281,0
1951,"Torghast, la Torre de los Condenados",0,0,2,5281,0
1952,"Torghast, la Torre de los Condenados",0,0,2,5281,0
1953,"Torghast, la Torre de los Condenados",0,0,2,5281,0
1954,"Torghast, la Torre de los Condenados",0,0,2,5281,0
1955,"Torghast, la Torre de los Condenados",0,0,2,5281,0
1956,"Torghast, la Torre de los Condenados",0,0,2,5281,0
1957,"Torghast, la Torre de los Condenados",0,0,2,5281,0
1959,"Torghast, la Torre de los Condenados",0,0,2,5281,0
1960,"Torghast, la Torre de los Condenados",0,0,2,5281,0
1961,"Torghast, la Torre de los Condenados",0,0,2,5281,0
1962,"Torghast, la Torre de los Condenados",0,0,2,5281,0
1964,"Torghast, la Torre de los Condenados",0,0,2,5281,0
1965,"Torghast, la Torre de los Condenados",0,0,2,5281,0
1966,"Torghast, la Torre de los Condenados",0,0,2,5281,0
1967,"Torghast, la Torre de los Condenados",0,0,2,5281,0
1968,"Torghast, la Torre de los Condenados",0,0,2,5281,0
1969,"Torghast, la Torre de los Condenados",0,0,2,5281,0
1970,"Torghast, la Torre de los Condenados",0,0,2,5281,0
1971,"Torghast, la Torre de los Condenados",0,0,2,5281,0
1972,Test,8006,0,0,0,0
1973,La Vanguardia del Carcelero,0,3,26,0,0
1974,La bastilla oscura,0,3,26,0,0
1977,Grilletes del destino,0,3,26,0,0
1979,Hora de la verdad,0,3,26,0,0
1980,Test Scenario,0,5,2,0,0
1981,Ataque al Fuerte Matadragones,13644,0,2,0,0
1982,Sitio de Automas,0,0,2,0,0
1983,Sitio de Automas,0,0,2,0,0
1984,"Torghast, la Torre de los Condenados",0,0,2,5281,0
1985,"Torghast, la Torre de los Condenados",0,0,2,5281,0
1986,"Torghast, la Torre de los Condenados",0,0,2,5281,0
1987,"Torghast, la Torre de los Condenados",0,0,2,5281,0
1988,"Torghast, la Torre de los Condenados",0,0,2,5281,0
1990,"Torghast, la Torre de los Condenados",0,0,2,5281,0
1991,"Torghast, la Torre de los Condenados",0,0,2,5281,0
1992,"Torghast, la Torre de los Condenados",0,0,2,5281,0
1993,"Torghast, la Torre de los Condenados",0,0,2,5281,0
1994,Sendero del Primus,0,0,2,0,0
1995,"Torghast, la Torre de los Condenados",0,0,2,5281,0
1996,"Torghast, la Torre de los Condenados",0,0,2,5281,0
1997,"Torghast, la Torre de los Condenados",0,0,2,5281,0
1998,"Torghast, la Torre de los Condenados",0,0,2,5281,0
1999,"Torghast, la Torre de los Condenados",0,0,2,5281,0
2000,"Torghast, la Torre de los Condenados",0,0,2,5281,0
2001,Pilar de la Creación,0,3,26,0,0
2002,Planos Efímeros,0,3,26,0,0
2003,Garras de Dominación,0,3,26,0,0
2004,El Gran Diseño,0,3,26,0,0
2005,"Torghast, la Torre de los Condenados",0,0,2,5281,0
2006,"Torghast, la Torre de los Condenados",0,0,2,5281,0
2007,"Torghast, la Torre de los Condenados",0,0,2,5281,0
2008,"Torghast, la Torre de los Condenados",0,0,2,5281,0
2009,"Torghast, la Torre de los Condenados",0,0,2,5281,0
2010,"Torghast, la Torre de los Condenados",0,0,2,5281,0
2011,"Torghast, la Torre de los Condenados",0,0,2,5281,0
2012,"Torghast, la Torre de los Condenados",0,0,2,5281,0
2013,"Torghast, la Torre de los Condenados",0,0,2,5281,0
2014,"Torghast, la Torre de los Condenados",0,0,2,5281,0
2015,"Torghast, la Torre de los Condenados",0,0,2,5281,0
2016,"Torghast, la Torre de los Condenados",0,0,2,5281,0
2017,"Torghast, la Torre de los Condenados",0,0,2,5281,0
2018,"Torghast, la Torre de los Condenados",0,0,2,5281,0
2019,"Torghast, la Torre de los Condenados",0,0,2,5281,0
2021,"Torghast, la Torre de los Condenados",0,0,2,5281,0
2023,"Torghast, la Torre de los Condenados",0,0,2,5281,0
2024,"Torghast, la Torre de los Condenados",0,0,2,5281,0
2025,"Torghast, la Torre de los Condenados",0,0,2,5281,0
2026,"Torghast, la Torre de los Condenados",0,0,2,5281,0
2027,"Torghast, la Torre de los Condenados",0,0,2,5281,0
2028,"Torghast, la Torre de los Condenados",0,0,2,5281,0
2029,"Torghast, la Torre de los Condenados",0,0,2,5281,0
2030,"Torghast, la Torre de los Condenados",0,0,2,5281,0
2031,Tazavesh: Calles de Maravillas,0,1,19,0,0
2032,Tazavesh: Gambito de So'leah,0,1,19,0,0
2033,"Torghast, la Torre de los Condenados",0,0,2,5281,0
2034,Test,8639,7,160,0,0
2035,Tazavesh: Calles de Maravillas,0,3,18,0,0
2036,Tazavesh: Gambito de So'leah,0,3,18,0,0
2037,Asedio del Fuerte Matadragones,13644,0,0,5473,0
2039,Cofre de vínculo ígneo,0,0,2,0,0
2040,Caravana del Clan Aylaag,0,0,0,5473,0
2041,Outdoor Scenario,0,0,0,0,0
2042,Tormentas primigenias en las Tierras Inhóspitas,0,0,2,5473,0
2045,Tormentas primigenias en Un'Goro,0,0,2,5473,0
2047,Senda del Sueño Esmeralda,0,0,0,0,0
2049,Tormentas primigenias en Claros de Tirisfal,0,0,2,5473,0
2050,[DNT][PH] Hunting Stealth,13645,0,2,0,0
2051,[DNT][PH] Hunting Collect Meat,13645,0,2,0,0
2052,Sacrificio de alces,13645,0,2,0,0
2054,Tormentas primigenias en Los Baldíos,0,0,2,5473,0
2056,Caravana del Clan Aylaag,0,0,0,5473,0
2057,Gran cacería,13645,0,2,5473,0
2059,El Ataque Nokhud,0,3,18,0,0
2061,El Ataque Nokhud,0,3,18,0,0
2062,Gran cacería,13645,0,2,5473,0
2063,Gran cacería,0,0,2,5473,0
2064,Gran cacería,13644,0,2,5473,0
2065,Gran cacería,13644,0,2,5473,0
2066,Gran cacería,13644,0,2,5473,0
2067,Gran cacería,13646,0,2,5473,0
2068,Gran cacería,13646,0,2,5473,0
2069,Gran cacería,13646,0,2,5473,0
2070,Gran cacería,13647,0,2,5473,0
2071,Gran cacería,13647,0,2,5473,0
2072,Gran cacería,13647,0,2,5473,0
2073,El Ataque Nokhud,0,3,18,0,0
2074,Hondonada Frondacuero,0,3,18,0,0
2075,Hondonada Frondacuero,0,3,18,0,0
2076,Hondonada Frondacuero,0,3,18,0,0
2077,Salas de Infusión,0,3,18,0,0
2078,Salas de Infusión,0,3,18,0,0
2079,Salas de Infusión,0,3,18,0,0
2080,Neltharus,0,3,18,0,0
2081,Neltharus,0,3,18,0,0
2082,Neltharus,0,3,18,0,0
2083,Estanques de Vida Rubí,0,3,18,0,0
2084,Estanques de Vida Rubí,0,3,18,0,0
2085,Estanques de Vida Rubí,0,3,18,0,0
2086,Academia Algeth'ar,0,3,18,0,0
2087,Academia Algeth'ar,0,3,18,0,0
2088,Academia Algeth'ar,0,3,18,0,0
2089,La Bóveda Azur,0,3,18,0,0
2090,La Bóveda Azur,0,3,18,0,0
2091,La Bóveda Azur,0,3,18,0,0
2092,Uldaman: Legado de Tyr,0,3,18,0,0
2093,Uldaman: Legado de Tyr,0,3,18,0,0
2094,Uldaman: Legado de Tyr,0,3,18,0,0
2095,Festín de la comunidad,0,0,2,0,0
2096,Festín de la comunidad,0,0,2,0,0
2097,Festín de la comunidad,0,0,2,0,0
2098,Festín de la comunidad,0,0,2,0,0
2099,Festín de la comunidad,0,0,2,0,0
2100,Festín de la comunidad,0,0,2,0,0
2101,Festín de la comunidad,0,0,2,0,0
2102,Festín de la comunidad,0,0,2,0,0
2103,Festín de la comunidad,0,0,2,0,0
2106,Festín de la comunidad,0,0,2,0,0
2107,Festín de la comunidad,0,0,2,0,0
2108,Festín de la comunidad,0,0,2,0,0
2109,Festín de la comunidad,0,0,2,0,0
2110,Festín de la comunidad,0,0,2,0,0
2111,Festín de la comunidad,0,0,2,0,0
2112,Festín de la comunidad,0,0,2,0,0
2113,Festín de la comunidad,0,0,2,0,0
2114,Festín de la comunidad,0,0,2,0,0
2115,Festín de la comunidad,0,0,2,0,0
2116,Festín de la comunidad,0,0,2,0,0
2117,Festín de la comunidad,0,0,2,0,0
2118,Festín de la comunidad,0,0,2,0,0
2119,El festín colmillarr,0,0,2,0,0
2120,El festín colmillarr,0,0,2,0,0
2121,El festín colmillarr,0,0,2,0,0
2123,Caravana del Clan Aylaag,0,0,0,5473,0
2124,El Baluarte Primigenio,0,3,26,0,0
2125,Cavernas de Infusión,0,3,26,0,0
2126,Furia de la Tormenta,0,3,26,0,0
2127,Prueba de la inundación,0,0,0,5473,0
2128,Estanques de Vida Rubí,0,1,18,0,0
2130,La prueba de los elementos,0,0,0,5473,0
2131,Academia Algeth'ar,0,1,18,0,0
2132,El Ataque Nokhud,0,1,18,0,0
2133,La Bóveda Azur,0,1,18,0,0
2134,[DNT]Minor Storm,0,0,2,5473,0
2135,[DNT]Major Storm,0,0,2,5473,0
2136,La caída de Tyr,0,0,0,0,0
2137,El futuro de nuestro pueblo,0,0,0,0,0
2138,[DNT] Null script fix test scenario (don't use!),0,0,0,0,0
2139,La furia de la tormenta,13992,0,2,0,0
2140,Tormenta primigenia en la Bóveda Petroescarcha,13769,0,2,5473,0
2141,Tormenta primigenia en la Bóveda Petroescarcha,13769,0,2,5473,0
2142,Tormenta primigenia en la Bóveda Petroescarcha,13769,0,2,5473,0
2143,Tormenta primigenia en la Bóveda Petroescarcha,13769,0,2,5473,0
2145,El último conflicto,0,0,0,5473,0
2146,La paciencia de los príncipes,0,0,0,5473,0
2148,Ataque de Fyrakk,0,0,0,5473,0
2149,Prueba de las tormentas,0,0,0,5473,0
2152,Investigadores bajo fuego,0,0,2,5473,0
2154,"Nasz'uro, el Legado libre",0,0,0,5473,0
2155,Festín de la comunidad,0,0,2,0,0
2156,Festín de la comunidad,0,0,2,0,0
2157,Festín de la comunidad,0,0,2,0,0
2158,Festín de la comunidad,0,0,2,0,0
2159,Festín de la comunidad,0,0,2,0,0
2160,Festín de la comunidad,0,0,2,0,0
2161,Festín de la comunidad,0,0,2,0,0
2162,Festín de la comunidad,0,0,2,0,0
2163,Festín de la comunidad,0,0,2,0,0
2164,Festín de la comunidad,0,0,2,0,0
2165,Festín de la comunidad,0,0,2,0,0
2166,Festín de la comunidad,0,0,2,0,0
2167,Festín de la comunidad,0,0,2,0,0
2168,Festín de la comunidad,0,0,2,0,0
2169,Festín de la comunidad,0,0,2,0,0
2170,Festín de la comunidad,0,0,2,0,0
2171,Festín de la comunidad,0,0,2,0,0
2172,Festín de la comunidad,0,0,2,0,0
2173,Festín de la comunidad,0,0,2,0,0
2174,Festín de la comunidad,0,0,2,0,0
2175,Festín de la comunidad,0,0,2,0,0
2176,Festín de la comunidad,0,0,2,0,0
2177,Festín de la comunidad,0,0,2,0,0
2178,Festín de la comunidad,0,0,2,0,0
2179,Festín de la comunidad,0,0,2,0,0
2180,Festín de la comunidad,0,0,2,0,0
2181,Festín de la comunidad,0,0,2,0,0
2184,La Cumbre del Vórtice,0,1,18,0,0
2185,Shane's Test Scenario,0,0,192,0,0
2187,Hondonada Frondacuero,0,1,18,0,0
2188,Uldaman: Legado de Tyr,0,1,18,0,0
2189,Neltharus,0,1,18,0,0
2190,Salas de Infusión,0,1,18,0,0
2191,AmyTestScenario,0,0,0,0,0
2193,Trabajos desechados,0,3,26,0,0
2194,Furia de gigantes,0,3,26,0,0
2195,La sombra de Neltharion,0,3,26,0,0
2196,El filo del Vacío,0,3,26,0,0
2198,Cavernas kóbold,0,0,18,0,0
2208,Minas kóbold,0,0,18,0,0
2222,¡Falla temporal!,0,7,2,0,0
2246,Arena terránea,0,0,2,0,0
2258,Prueba,0,0,2,0,0
2259,Superflorecimiento,0,0,34,5473,0
2270,Nidal Abandonado,0,7,18,0,0
2276,El Alba del Infinito: La Caída de Galakrond,0,3,18,0,0
2277,El Alba del Infinito: El Ascenso de Murozond,0,3,18,0,0
2278,Portal del tiempo: Azmerloth,0,0,2,5473,0
2279,El reposo de un traidor,13844,7,34,5473,0
2280,Portal del tiempo: Ulderoth,0,0,2,5473,0
2281,Portal del tiempo: Azagonía,0,0,2,5473,0
2282,Portal del tiempo: Azfuror,0,0,2,5473,0
2283,Portal del tiempo: Azq'Roth,0,0,2,5473,0
2284,Portal del tiempo: Las Tierras de la Guerra,0,0,2,5473,0
2285,Portal del tiempo: A.Z.E.R.O.T.H.,0,0,2,5473,0
2286,La resolución de un héroe,0,0,0,0,0
2290,Asedio de los Salones del Valor,0,0,2,0,0
2293,Sueño lúcido,0,0,32,5473,0
2295,Estanques de Vida Rubí,0,2,18,0,0
2296,La recuperación del disco,0,0,0,5473,0
2297,Trono de las Mareas,0,1,18,0,0
2299,Sueño lúcido,0,0,32,5473,0
2300,Sueño lúcido,0,0,32,5473,0
2301,Sueño lúcido,0,0,32,5473,0
2304,[DNT] Sample Single Step Scenario,0,0,34,5473,0
2308,Cuidado de la forja,14023,0,0,5511,0
2309,El último faro,14841,0,34,0,0
2311,Abismos,0,8,18,0,0
2313,Abismos,0,8,18,0,0
2315,Abismos,0,8,18,0,0
2317,Abismos,0,8,18,0,0
2318,Abismos,0,8,18,0,0
2319,El Alba del Infinito: Caída de Galakrond,0,1,19,0,0
2320,El Alba del Infinito: El Ascenso de Murozond,0,1,19,0,0
2321,Migración de múrlocs,9310,0,34,5623,0
2323,Rey Mosh,0,0,34,5623,0
2324,[DNT] VS Mode - LFGDungeon - Scenario,0,0,0,0,0
2327,Grieta Llama Oscura,0,3,18,0,0
2328,Grieta Llama Oscura,0,3,18,0,0
2329,Grieta Llama Oscura,0,3,18,0,0
2330,Hígado de jabalí inusualmente raro de perfección prístina,0,0,34,5623,0
2331,Abismos,0,8,18,0,0
2332,Recuerdos de Puntos,0,0,34,5623,0
2333,Calabazas envenenadas,0,0,34,5623,0
2337,Recuerdos de Hogger,0,0,34,5623,0
2338,Sala del Despertar,0,0,0,5623,0
2339,Recuerdos de Hakkar,0,0,34,5623,0
2340,El despertar de la encarnación,0,3,26,0,0
2341,La incursión fundida,0,3,26,0,0
2342,El tejido veridiano,0,3,26,0,0
2343,El destino de Amirdrassil,0,3,26,0,0
2344,Costasur contra Molino Tarren,0,0,34,5623,0
2345,Encargo de albaza hirviendo,0,0,34,5623,0
2346,Abismos,0,8,18,0,0
2347,Abismos,0,8,18,0,0
2348,Gnomeliminación leprosa,0,0,34,5623,0
2350,El Alba del Infinito: El Ascenso de Murozond,0,3,18,0,0
2351,El Alba del Infinito: Caída de Galakrond,0,3,18,0,0
2352,Una vela para renovar las esperanzas,0,0,2,5623,0
2353,Zona de colinas verdes,0,0,34,5623,0
2354,Abismos,0,8,18,0,0
2355,Abismos,0,8,18,0,0
2356,Prueba de valor,0,3,26,0,0
2357,Acueductos arqueados,0,3,26,0,0
2358,El Athenaeum real,0,3,26,0,0
2359,Aguja de la noche,0,3,26,0,0
2360,El alza del traidor,0,3,26,0,0
2361,Rama oscura,0,3,26,0,0
2362,Guardianes atormentados,0,3,26,0,0
2363,Falla de Aln,0,3,26,0,0
2364,La Bóveda de Piedra,0,3,18,0,0
2365,Troupe de teatro,14776,7,162,5623,0
2366,La Bóveda de Piedra,0,3,18,0,0
2367,La Bóveda de Piedra,0,3,18,0,0
2368,El Corvento,0,3,18,0,0
2369,El Corvento,0,3,18,0,0
2370,El Corvento,0,3,18,0,0
2371,Abismos,0,8,18,0,0
2372,Abismos,0,8,18,0,0
2373,Abismos,0,8,18,0,0
2376,Abismos,0,8,18,0,0
2377,Abismos,0,8,18,0,0
2378,Abismos,0,8,18,0,0
2381,El Rompealbas,0,3,18,0,0
2382,El Rompealbas,0,3,18,0,0
2383,El Rompealbas,0,3,18,0,0
2385,Abismos,0,8,18,0,0
2386,Abismos,0,8,18,0,0
2387,Abismos,0,8,2,0,0
2388,¡El escape de Las Guaridas!,15134,0,0,5623,0
2389,Abismos,0,8,18,0,0
2390,Abismos,0,8,18,0,0
2391,Spell Test,0,0,0,0,0
2392,Despertar de la Máquina,0,0,2,5623,0
2393,Abismos,0,0,0,0,0
2394,"Ara-Kara, Ciudad de los Ecos",0,3,18,0,0
2395,"Ara-Kara, Ciudad de los Ecos",0,3,18,0,0
2396,"Ara-Kara, Ciudad de los Ecos",0,3,18,0,0
2397,Abismos,0,8,18,0,0
2398,Abismos,0,8,18,0,0
2399,Abismos,0,8,18,0,0
2400,Abismos,0,8,18,0,0
2401,Abismos,0,8,18,0,0
2403,Abismos,0,8,18,0,0
2404,Abismos,0,8,18,0,0
2405,Abismos,0,8,18,0,0
2406,Hidromielería Cinérea,0,3,18,0,0
2407,Hidromielería Cinérea,0,3,18,0,0
2408,Hidromielería Cinérea,0,3,18,0,0
2409,Abismos,0,8,18,0,0
2411,Abismos,0,8,18,0,0
2415,Abismos,0,8,18,0,0
2416,Una luz en la oscuridad,0,0,2,5623,0
2418,Abismos,0,8,18,0,0
2419,Abismos,0,8,18,0,0
2420,Abismos,0,8,18,0,0
2422,Abismos,0,8,18,0,0
2423,Abismos,0,8,18,0,0
2424,Abismos,0,8,18,0,0
2425,Abismos,0,8,18,0,0
2426,Abismos,0,8,18,0,0
2427,Abismos,0,8,18,0,0
2428,Abismos,0,8,18,0,0
2429,Abismos,0,8,18,0,0
2431,Abismos,0,8,18,0,0
2432,Abismos,0,8,18,0,0
2433,Abismos,0,8,18,0,0
2434,Abismos,0,8,18,0,0
2435,Abismos,0,8,18,0,0
2436,Abismos,0,8,18,0,0
2437,Abismos,0,8,18,0,0
2439,Priorato de la Llama Sagrada,0,1,18,0,0
2443,El Corvento,0,1,18,0,0
2444,La Bóveda de Piedra,0,1,18,0,0
2445,Ciudad de los Hilos,0,1,18,0,0
2446,"Ara-Kara, Ciudad de los Ecos",0,1,18,0,0
2447,Grieta Llama Oscura,0,1,18,0,0
2448,El Rompealbas,0,1,18,0,0
2449,Hidromielería Cinérea,0,1,18,0,0
2452,La hora de los fideos,0,0,0,0,0
2453,Grim Batol,0,1,18,0,0
2454,Profeta de Sseratus,0,0,34,5623,0
2486,Asedio de Boralus,0,1,18,0,0
2487,¡Que el fuego te purifique!,0,0,34,5623,0
2495,Delicia descarriada,0,0,34,5623,0
2518,¡Oh no! ¡Los renacuajos!,0,0,34,5623,0
2521,Rey Gordok,0,0,34,5623,0
2522,Rey Gahz'rilla,0,0,34,5623,0
2523,Ojos de araña de Ojolodo,0,0,34,5623,0
2524,Jabaespín sofocante,0,0,34,5623,0
2526,¡La llamada del campeón!,0,0,32,5623,0
2527,Poder del cristal,0,0,34,5623,0
2529,Las pruebas Argenta,0,0,32,5623,0
2530,Peones vagos,0,0,34,5623,0
2531,En las montañas...,0,0,34,5623,0
2532,Las apuestas de Zenn,0,0,34,5623,0
2533,Una espada de Campeón,0,0,34,5623,0
2536,Minas de la Muerte,0,3,18,0,0
2537,Barrio Alabeo,0,3,18,0,0
2539,Stratholme: Entrada Principal,0,3,18,0,0
2540,Zul'Farrak,0,3,18,0,0
2541,Ciudad de los Hilos,0,3,18,0,0
2542,Ciudad de los Hilos,0,3,18,0,0
2543,Ciudad de los Hilos,0,3,18,0,0
2544,Jardines de la Capital,0,3,18,0,0
2545,Visión del alma del mundo,0,0,0,0,0
2547,Las almenas arácnidas,0,3,18,0,0
2548,Secretos del Palacio Nerub-ar,0,3,18,0,0
2549,La Caída de una Reina,0,3,18,0,0
2550,Cruzados enredados,0,0,34,5623,0
2552,Priorato de la Llama Sagrada,0,3,18,0,0
2553,Priorato de la Llama Sagrada,0,3,18,0,0
2554,Priorato de la Llama Sagrada,0,3,18,0,0
2555,El códice de Cromi,0,0,34,5554,0
2556,Frenesí de la moda,2300,0,34,5554,0
2557,Onyxia,15,0,34,5623,0
2558,Ragnaros recordado,51,0,34,5623,0
2560,Recolección de madera,0,0,34,5623,0
2561,La Caída de una Reina,0,3,2,0,0
2564,Ciudad de los Hilos,0,3,18,0,0
2568,[DNT] Hackathon - Torghast (OJF),0,0,130,5554,0
2569,Recuerdo del alma del mundo: Los trinchamundos,0,0,0,0,0
2570,Recuerdo del alma del mundo: Los trinchamundos,0,0,0,0,0
2571,Rey Exánime recordado,65,0,34,5623,0
2577,Grim Batol,0,3,10,0,0
2580,La Sotiénaga,0,3,18,0,0
2581,El Invernáculo,0,3,18,0,0
2582,El Horno de Sangre,0,3,18,0,0
2583,Salas Arrasadas,0,3,18,0,0
2584,Tumbas de Maná,0,3,18,0,0
2585,Bancal del Magister,0,3,18,0,0
2586,Fortaleza de Utgarde,0,3,18,0,0
2587,El Nexo,0,3,18,0,0
2588,La Forja de Almas,0,3,18,0,0
2589,Cámaras de Relámpagos,0,3,18,0,0
2590,Gundrak,0,3,18,0,0
2591,Azjol-Nerub,0,3,18,0,0
2626,Visión del alma del mundo,0,0,0,0,0
2627,Visión del alma del mundo,0,0,0,0,0
2628,Visión del alma del mundo,0,0,0,0,0
2629,Visión del alma del mundo,0,0,0,0,0
2630,Visión del alma del mundo,0,0,0,0,0
2631,Visión del alma del mundo,0,0,0,0,0
2632,Visión del alma del mundo,0,0,0,0,0
2633,Malas hierbas,0,0,0,0,0
2634,Cronoviaje: La cuchilla negra,0,0,0,0,0
2635,La venganza de Ratts,7971,0,34,0,0
2636,Orientación de PROTOTIPO,15542,0,130,0,0
2637,Ocaso,0,7,162,5623,0
2638,Aguja Brisaveloz,0,3,18,0,0
2640,Aguja Brisaveloz,0,3,18,0,0
2641,Aguja Brisaveloz,0,3,18,0,0
2642,Operación: Compuerta,0,3,18,0,0
2643,Operación: Compuerta,0,3,18,0,0
2644,Operación: Compuerta,0,3,18,0,0
2651,Bancal del Magister,0,3,18,0,0
2652,Bancal del Magister,0,3,18,0,0
2653,Bancal del Magister,0,3,18,0,0
2678,Abismos,0,8,18,0,0
2680,Operación: Compuerta,0,1,18,0,0
2757,Precios dinámicos,15347,0,32,0,0
2773,Aserradero,0,0,34,0,0
2774,Abismos,0,8,18,0,0
2776,Ojo de Azshara,0,3,26,0,0
2777,Matorral Corazón Oscuro,0,3,18,0,0
2778,Bóveda de las Celadoras,0,3,10,0,0
2779,Guarida de Neltharion,0,3,26,0,0
2780,Corte de Estrellas,0,3,10,0,0
2781,Envíos y Manipulación,0,0,2,5623,0
2782,Envíos y Manipulación,0,0,2,5623,0
2783,Envíos y Manipulación,0,0,2,5623,0
2784,Envíos y Manipulación,0,0,2,5623,0
2785,Envíos y Manipulación,0,0,2,5623,0
2786,Envíos y Manipulación,0,0,2,5623,0
2787,Envíos y Manipulación,0,0,2,5623,0
2788,Envíos y Manipulación,0,0,2,5623,0
2789,Envíos y Manipulación,0,0,2,5623,0
2790,Envíos y Manipulación,0,0,2,5623,0
2791,Envíos y Manipulación,0,0,2,5623,0
2792,Envíos y Manipulación,0,0,2,5623,0
2793,Envíos y Manipulación,0,0,2,5623,0
2794,Cavernas Roca Negra,0,3,10,0,0
2795,Fin de los Días,0,3,10,0,0
2797,Ciudad Perdida de los Tol'vir,0,3,10,0,0
2798,El Núcleo Pétreo,0,3,10,0,0
2799,La Cumbre del Vórtice,0,3,10,0,0
2800,Trono de las Mareas,0,3,10,0,0
2801,Scholomance,0,3,10,0,0
2802,Envíos y Manipulación,0,0,2,5623,0
2803,Envíos y Manipulación,0,0,2,5623,0
2804,Envíos y Manipulación,0,0,2,5623,0
2805,Los Señores Supremos Elementales,0,3,18,0,0
2806,Ciudad Forjatiniebla,0,3,18,0,0
2807,El Trono Imperial,0,3,18,0,0
2808,Envíos y Manipulación,0,0,2,5623,0
2810,Envíos y Manipulación,0,0,2,5623,0
2811,Abismos,0,8,18,0,0
2812,Envíos y Manipulación,0,0,2,5623,0
2822,Puerta del Sol Poniente,0,3,10,0,0
2823,Monasterio del Shadopan,0,3,10,0,0
2824,Cervecería del Trueno,0,3,10,0,0
2825,Templo del Dragón de Jade,0,3,10,0,0
2826,Palacio Mogu'shan,0,3,10,0,0
2827,Auchindoun,0,3,26,0,0
2828,Minas de Escoria Machacasangre,0,3,26,0,0
2829,El Sempibrote,0,3,26,0,0
2830,Depósito Riel Siniestro,0,3,26,0,0
2831,Cementerios de Sombraluna,0,3,26,0,0
2832,Trecho Celestial,0,3,26,0,0
2833,Envíos y Manipulación,0,0,2,5623,0
2834,Abismos,0,8,18,0,0
2837,Abismos,0,8,18,0,0
2838,Envíos y Manipulación,0,0,2,5623,0
2844,Abismos,0,8,18,0,0
2845,Abismos,0,8,18,0,0
2847,Abismos,0,8,18,0,0
2848,Abismos,0,8,18,0,0
2849,Operación: Mecalópolis - Taller,0,3,18,0,0
2851,Stratholme - Entrada de Servicio,0,3,10,0,0
2853,Abismos,0,8,18,0,0
2854,Abismos,0,8,18,0,0
2855,Envíos y Manipulación,0,0,2,5623,0
2856,Envíos y Manipulación,0,0,2,5623,0
2857,Envíos y Manipulación,0,0,2,5623,0
2858,Envíos y Manipulación,0,0,2,5623,0
2859,Envíos y Manipulación,0,0,2,5623,0
2860,Envíos y Manipulación,0,0,2,5623,0
2861,Envíos y Manipulación,0,0,2,5623,0
2862,Envíos y Manipulación,0,0,2,5623,0
2863,Envíos y Manipulación,0,0,2,5623,0
2864,Envíos y Manipulación,0,0,2,5623,0
2865,Envíos y Manipulación,0,0,2,5623,0
2871,Abismos,0,8,18,0,0
2875,Envíos y Manipulación,0,0,2,5623,0
2887,Ruidos molestos,0,3,18,0,0
2889,Maquinista maniático,0,3,18,0,0
2890,Envíos y Manipulación,0,0,2,5623,0
2893,Dos cabezas son mejor que una,0,3,18,0,0
2896,El rey cromado,0,3,18,0,0
2897,Envíos y Manipulación,0,0,2,5623,0
2898,Envíos y Manipulación,0,0,2,5623,0
2901,Abismos,0,8,18,0,0
2902,Envíos y Manipulación,0,0,2,5623,0
2909,Abismos,0,8,18,0,0
2914,Abismos,0,8,18,0,0
2915,Abismos,0,8,18,0,0
2916,Visión del alma del mundo,0,0,0,0,0
2917,Visión del alma del mundo,0,0,0,0,0
2918,Abismos,0,8,18,0,0
2919,Abismo,0,0,18,0,0
2921,Abismos,0,8,18,0,0
2922,Brecha del Vacío,0,0,34,0,0
2923,Romper la corona,0,3,2,0,0
2925,Brecha del Vacío,0,0,34,0,0
2926,El Frontal de la Muerte,0,3,18,0,0
2927,Domo Indómito,0,3,0,5656,0
2928,Abismos,0,8,18,0,0
2930,Llamado del crepúsculo,0,0,34,5704,0
2932,Llamado del crepúsculo,0,0,34,5704,0
2933,Envíos y Manipulación,0,0,2,5623,0
2934,Abundancia: Guarida de desuello,0,0,2,0,0
2935,El poderío de la Guardia de las Sombras,0,3,18,0,0
2937,Monstruos de las arenas,0,3,18,0,0
2938,Corazón de las Tinieblas,0,3,18,0,0
2940,Envíos y Manipulación,0,0,2,5623,0
2941,Envíos y Manipulación,0,0,2,5623,0
2942,Envíos y Manipulación,0,0,2,5623,0
2944,Ecodomo Al'dani,0,3,18,0,0
2945,Ecodomo Al'dani,0,3,18,0,0
2946,Ecodomo Al'dani,0,3,18,0,0
2947,Festín de la Fiesta de la Cerveza,1,7,34,5554,0
2950,Visión de Ventormenta,15942,0,2,5278,0
2951,Visión de Orgrimmar,15946,0,2,5278,0
2958,Sobrecarga arcana,0,0,32,0,0
2960,Abismos,0,8,18,0,0
2961,El Valle Enceguecedor,0,3,18,0,0
2962,El Valle Enceguecedor,0,3,18,0,0
2963,El Valle Enceguecedor,0,3,18,0,0
2964,Abismos,0,8,18,0,0
2965,El Núcleo Pétreo,0,1,18,0,0
2966,El Núcleo Pétreo,0,3,18,0,0
2967,Ecodomo Al'dani,0,1,18,0,0
2977,Abismos,0,8,18,0,0
2978,El Frontal de la Muerte,0,3,18,0,0
2979,El Frontal de la Muerte,0,3,18,0,0
2982,La leyenda del resguardo de Wey'nan,0,0,0,5704,0
2983,Minas de Escoria Machacasangre,0,1,18,0,0
2999,Abismos,0,8,18,0,0
3007,Sobrecarga arcana,0,0,32,0,0
3008,Sobrecarga arcana,0,0,32,0,0
3011,Abismos,0,8,18,0,0
3012,Ecos de Sai'alyo,0,0,0,5704,0
3021,Ataque de Tormentarion,16485,0,160,5704,0
3022,Abismos,0,8,18,0,0
3025,Abismos,0,8,18,0,0
3034,La Matanza de Stratholme,0,3,10,0,0
3060,Sobrecarga arcana,0,0,32,0,0
3063,Abismos,0,8,18,0,0
3065,Abismos,0,8,18,0,0
3067,Festín de la Fiesta de la Cerveza,14,7,34,5554,0
3068,Sobrecarga arcana,0,0,32,0,0
3070,Llamado del crepúsculo,0,0,34,5704,0
3072,Llamado del crepúsculo,0,0,34,5704,0
3074,Abismos,0,8,18,0,0
3075,Abismos,0,8,18,0,0
3076,Llamado del crepúsculo,0,0,34,5704,0
3077,Llamado del crepúsculo,0,0,34,5704,0
3078,Llamado del crepúsculo,0,0,34,5704,0
3079,Llamado del crepúsculo,0,0,34,5704,0
3080,Llamado del crepúsculo,0,0,34,5704,0
3081,Llamado del crepúsculo,0,0,34,5704,0
3083,Llamado del crepúsculo,0,0,34,5704,0
3084,Llamado del crepúsculo,0,0,34,5704,0
3085,Llamado del crepúsculo,0,0,34,5704,0
3086,Llamado del crepúsculo,0,0,34,5704,0
3087,Llamado del crepúsculo,0,0,34,5704,0
3088,Llamado del crepúsculo,0,0,34,5704,0
3089,Llamado del crepúsculo,0,0,34,5704,0
3090,Llamado del crepúsculo,0,0,34,5704,0
3092,Abismos,0,8,18,0,0
3093,Abundancia: Cueva de herboristería,0,0,2,0,0
3095,Abundancia: Cripta de encantamiento,0,0,2,0,0
3096,Abundancia: Cueva de minería,0,0,2,0,0
3097,Abismos,0,8,18,0,0
3098,Abismos,0,8,18,0,0
3099,Abismos,0,8,18,0,0
3100,Abismos,0,8,18,0,0
3101,Corazón de las Tinieblas,0,3,2,0,0
3103,Reagrúpate para la próxima defensa.,16485,0,160,5704,0
3104,Abismos,0,8,18,0,0
3106,Reagrúpate para la próxima defensa.,16485,0,160,5704,0
3107,Abismos,0,8,18,0,0
3108,Abismos,0,8,18,0,0
3113,Abismos,0,8,18,0,0
3114,Abismos,0,8,18,0,0
3115,Donde el silencio respondió,0,0,0,5704,0
3117,Abismos,0,8,18,0,0
3118,Guarida de Nalorakk,0,3,18,0,0
3120,Guarida de Nalorakk,0,3,18,0,0
3121,Guarida de Nalorakk,0,3,18,0,0
3122,La primera shul'ka y la llama,0,0,0,5704,0
3123,Abismos,0,8,18,0,0
3124,Abismos,0,8,18,0,0
3125,Abismos,0,8,18,0,0
3126,Abismos,0,8,18,0,0
3127,Cavernas de Maisara,0,3,18,0,0
3128,Cavernas de Maisara,0,3,18,0,0
3129,Cavernas de Maisara,0,3,18,0,0
3131,"Tazavesh, el Mercado Velado",0,3,18,0,0
3132,Punto del Nexo Xenas,0,3,18,0,0
3133,Punto del Nexo Xenas,0,3,18,0,0
3134,Punto del Nexo Xenas,0,3,18,0,0
3135,Sobre raíces y guardianes,0,0,0,5704,0
3137,El destino de Amirdrassil,0,3,2,0,0
3139,El filo del Vacío,0,3,2,0,0
3140,Una piedra cae del cielo,0,0,0,5704,0
3141,"Tazavesh, el Mercado Velado",0,3,18,0,0
3147,Abismos,0,8,18,0,0
3148,Abismos,0,8,18,0,0
3149,Abismos,0,8,18,0,0
3150,Abismos,0,8,18,0,0
3151,[DNT] Good Neighbor Test Tracker,16105,0,128,0,0
3152,El legado de Russula,0,0,0,5704,0
3153,Falla del Vacío: Reposo Tranquilo,0,0,162,5704,0
3154,Abismos,0,8,18,0,0
3159,Abundancia: Inducción del acólito,0,0,2,5704,0
3170,Un mar del Vacío,0,0,160,5704,0
3173,Incursión del Vacío,0,0,162,5704,0
3174,Incursión del Vacío,0,0,162,5704,0
3177,Abismos,0,8,18,0,0
3179,Duelo de decoraciones,0,0,2,5705,0
3180,Un ritual reforzado,0,0,160,5704,0
3181,Pescadores abisales,0,0,2,5704,0
3183,Abismos,0,8,18,0,0
3184,Abismos,0,8,18,0,0
3185,Abismos,0,8,18,0,0
3187,Abismos,0,8,18,0,0
3188,Foso de Saron,0,1,18,0,0
3189,Aguja Brisaveloz,0,1,18,0,0
3190,Bancal del Magister,0,1,18,0,0
3191,Punto del Nexo Xenas,0,1,18,0,0
3192,Cavernas de Maisara,0,1,18,0,0
3193,Abismos,0,8,18,0,0
3194,Abismos,0,8,18,0,0
3195,Ritual del Vacío: Croador,0,0,160,5704,0
3197,Arena Rajavacío,0,3,18,0,0
3198,Arena Rajavacío,0,3,18,0,0
3199,Arena Rajavacío,0,3,18,0,0
3201,Abismos,0,8,18,0,0
3202,Foso de Saron,0,3,18,0,0
3204,Abismos,0,8,146,0,0
3206,Plantilla de escenario,0,0,160,0,0
3207,La Aguja del Vacío,0,3,2,0,0
3208,La Onirifalla,0,3,18,0,0
3209,[DNT] Example Scenario,0,0,160,0,0
3210,El Otro Lado,0,3,18,0,0
3211,Marcha sobre Quel'Danas,0,3,2,0,0
3212,Reposo del Portavoz,0,0,2,5704,0
3229,Isla del zancavacío,0,0,160,5704,0
3233,Ya que bajamos,0,0,160,5704,0
3234,Reliquias profanadas del junco,0,0,160,5704,0
3236,Trono Quebrado,0,8,2,5785,7
3238,Falla del Vacío: Corteza amarga,0,0,162,5704,0
3239,Trecho Celestial,0,3,18,0,0
3240,Cielos pululantes: Jan'alai,0,0,160,5704,0
3242,Abismos,0,8,18,0,0
3243,Abismos,0,8,18,0,0
3245,Retribución y problemas,0,0,160,0,0
3246,Marcha sobre Quel'Danas,0,3,18,0,0
3247,La Aguja del Vacío,0,3,18,0,0
3249,Falla del Vacío: Sur del Bosque Canción Eterna,0,0,162,5704,0
3251,Ritual del Vacío: Oso pardo,0,0,160,5704,0
3253,Guerra de ensamblajes arcanos,0,0,160,5704,0
3254,La Aguja del Vacío,0,3,18,0,0
3255,La Aguja del Vacío,0,3,18,0,0
3256,Abismos,0,8,18,0,0
3257,Abismos,0,8,18,0,0
3261,Cielos pululantes: Akil'zon,0,0,160,5704,0
3262,Abismos,0,8,18,0,0
3267,Punto de Espinadaga,0,8,2,5785,7
3269,Purga crepuscular Plaga crepuscular,0,0,160,5704,0
3270,El leviatán deforme,16785,0,34,5704,0
3274,Asedio en Paso Serpentino,16365,0,34,5704,0
3278,El Nido de la Madre de Linaje,16793,0,34,5704,0
3280,Portal indomable,0,0,160,5704,0
3286,Masacre de Mlurkkr,16776,0,34,5704,0
3288,El mutagenitor amenazante,16787,0,34,5704,0
3289,Abismo,0,8,18,0,0
3291,Vacío de poder,0,0,160,5704,0
3293,Abismos,0,8,18,0,0
3294,Carga de batería: Río abajo,0,0,162,5704,0
3295,Operaciones crípticas,0,0,160,5704,0
3297,Abismos,0,8,18,0,0
3298,Abismos,0,8,18,0,0
3299,Abismos,0,8,18,0,0
3300,Abismos,0,8,18,0,0
3301,Abismos,0,8,18,0,0
3308,Falla del Vacío: Orilla Occidua,0,0,162,5704,0
3309,Alto del Asesino,16423,7,34,5117,0
3311,Alto del Asesino,16423,7,34,5116,0
3312,Altar de Colmillos,0,3,18,0,0
3313,Altar de Colmillos,0,3,18,0,0
3314,Altar de Colmillos,0,3,18,0,0
3316,Carga de batería: Profundidades de Maisara,0,0,162,5704,0
3321,Máquinas de ira: Zarpánima,0,0,162,5704,0
3322,Cielos pululantes: Aguja Brisaveloz,0,0,160,5704,0
3330,C1 S2,0,0,160,5704,0
3332,Asalto umbrío: Enclave del Errante,0,0,160,5704,0
3333,Ataque a los pilares: Isla del Caminante del Sol,0,0,162,5704,0
3337,Abismos,0,8,18,0,0
3338,Abismos,0,8,18,0,0
3339,Abismos,0,8,18,0,0
3340,Floración Enceguecedora,0,0,2,5704,0
3341,Falla de Aln,0,0,2,5704,0
3342,Abismos,0,8,18,0,0
3345,Abismos,0,8,18,0,0
3346,Abismos,0,8,18,0,0
3347,Abismos,0,8,18,0,0
3348,Abismos,0,8,18,0,0
3349,Abismos,0,8,18,0,0
3356,Ataque al templo: Purificación de tierra y cielo,16535,0,34,5704,0
3357,Incursión al templo: Ritual de invocación,16535,0,98,5704,0
3358,Ataque al templo: Los Bajos Fondos,16535,0,34,5704,0
3359,Ataque al templo: Piras profanas,0,0,34,5704,0
3360,Ataque al templo: Veneno rebosante,0,0,34,5704,0
3362,Incursión al templo: Alijo de los tres,16535,0,34,5704,0
3363,Incursión al templo: Que fluyan los suministros,16535,0,34,5704,0
3364,Ataque al templo: Nidada de Ruuk'Jar,16535,0,34,5704,0
3367,El Valle Enceguecedor,0,1,18,0,0
3370,Arena Rajavacío,0,1,18,0,0
3371,Guarida de Nalorakk,0,1,18,0,0
3372,El Frontal de la Muerte,0,1,18,0,0
3374,Altar de Colmillos,0,1,18,0,0
3377,Templo de Sethraliss,0,3,18,0,0
3378,Templo de Sethraliss,0,3,18,0,0
3379,Reposo de los Reyes,0,3,18,0,0
3385,Abismos,0,8,18,0,0
3386,Abismos,0,8,18,0,0
3387,Esporalia,0,3,18,0,0
3388,Ritual del Vacío: Garrágil,0,0,160,5704,0
3389,Ataque a los pilares: Cataratas Scintilas,0,0,162,5704,0
3395,Abismo,0,8,18,0,0
3396,Rival ancestral: Malicia coagulada,16535,0,34,5704,0
3399,Recuerdo Maldito,0,0,34,0,0
3400,Derrota,0,0,34,5704,0
3405,Ataque al templo: Profundidades Malditas,16535,0,34,5704,0
3411,Rival ancestral: Khu'tulak,16535,0,34,5704,0
3412,Rival ancestral: Susarikk,16535,0,34,5704,0
3414,Abismos,0,8,18,0,0
3415,Abismos,0,8,18,0,0
3416,Abismos,0,8,18,0,0
3417,Abismos,0,8,18,0,0
3420,Tesoro de ritual,0,0,0,5785,0
3424,Abismos,0,8,2,0,0
3425,Tú hacer velas,0,0,34,5754,0
3465,Abismos,0,8,18,0,0
3505,El Abismo Venenoso,0,3,18,0,0
3506,El Abismo Venenoso,0,3,18,0,0
3507,El Abismo Venenoso,0,3,18,0,0
3508,El Abismo Venenoso,0,3,18,0,0
3509,El Abismo Venenoso,0,3,2,0,0
3514,Abismos,0,8,18,0,0
3519,Recuerdo Maldito,0,0,34,0,0
3520,Recuerdo Maldito,0,0,34,0,0
3521,Recuerdo Maldito,0,0,34,0,0
3522,Recuerdo Maldito,0,0,34,0,0
3523,Recuerdo Maldito,0,0,34,0,0
